Date,open,high,low,close,volume,dividends,stock splits,capital gains,symbol
2012-01-03 00:00:00-05:00,22.487603522310238,22.54951504979162,22.322507865125317,22.32938575744629,20757900,0.0,0.0,0.0,XLP
2012-01-04 00:00:00-05:00,22.288115258329313,22.322509971475977,22.212445314917616,22.281234741210938,6855200,0.0,0.0,0.0,XLP
2012-01-05 00:00:00-05:00,22.23996093363193,22.288114054265577,22.129893658871296,22.267475128173828,4563000,0.0,0.0,0.0,XLP
2012-01-06 00:00:00-05:00,22.30187235815918,22.30187235815918,22.08174303207379,22.123018264770508,6365900,0.0,0.0,0.0,XLP
2012-01-09 00:00:00-05:00,22.178048593306393,22.184926485653495,22.095498140252165,22.15740966796875,3304900,0.0,0.0,0.0,XLP
2012-01-10 00:00:00-05:00,22.315621997028654,22.315621997028654,22.21243789207025,22.233074188232422,5053600,0.0,0.0,0.0,XLP
2012-01-11 00:00:00-05:00,22.13677978515625,22.205569225164872,22.08174613383021,22.13677978515625,5384000,0.0,0.0,0.0,XLP
2012-01-12 00:00:00-05:00,22.191801962873306,22.233077184908453,22.06798154506364,22.12989044189453,4733100,0.0,0.0,0.0,XLP
2012-01-13 00:00:00-05:00,22.07485822528626,22.13676974286759,21.971672800008665,22.1092529296875,5589000,0.0,0.0,0.0,XLP
2012-01-17 00:00:00-05:00,22.294989726252048,22.301867618165407,22.191802978515625,22.191802978515625,6746500,0.0,0.0,0.0,XLP
2012-01-18 00:00:00-05:00,22.184924179798838,22.26059410849282,22.136771065929555,22.239957809448242,5147100,0.0,0.0,0.0,XLP
2012-01-19 00:00:00-05:00,22.260598438152623,22.329387864445945,22.16429219168261,22.281234741210938,5962200,0.0,0.0,0.0,XLP
2012-01-20 00:00:00-05:00,22.24683170351471,22.322501618611458,22.178042302961718,22.28810691833496,11017800,0.0,0.0,0.0,XLP
2012-01-23 00:00:00-05:00,22.226202524286855,22.288114054265577,22.157410477561456,22.267475128173828,21798800,0.0,0.0,0.0,XLP
2012-01-24 00:00:00-05:00,22.157414188626966,22.198689423575246,22.123019471577752,22.14365577697754,5885300,0.0,0.0,0.0,XLP
2012-01-25 00:00:00-05:00,22.07485829043775,22.425688475002225,22.0610998838071,22.398174285888672,7762100,0.0,0.0,0.0,XLP
2012-01-26 00:00:00-05:00,22.46008811683539,22.501360716830295,22.253714620268806,22.31562614440918,6762500,0.0,0.0,0.0,XLP
2012-01-27 00:00:00-05:00,22.219322396030172,22.288114443958353,22.081740924322123,22.164291381835938,5682200,0.0,0.0,0.0,XLP
2012-01-30 00:00:00-05:00,22.06798071766555,22.09549490717617,21.937277164862024,22.019824981689453,9643100,0.0,0.0,0.0,XLP
2012-01-31 00:00:00-05:00,22.12301676211824,22.12989465502625,21.902887450984593,22.033588409423828,5873600,0.0,0.0,0.0,XLP
2012-02-01 00:00:00-05:00,22.123013562790014,22.294989726252048,22.123013562790014,22.191802978515625,9539000,0.0,0.0,0.0,XLP
2012-02-02 00:00:00-05:00,22.226198009143538,22.29498741774644,22.198681196043285,22.274351119995117,5452400,0.0,0.0,0.0,XLP
2012-02-03 00:00:00-05:00,22.3431453704834,22.460090539428286,22.29499224919677,22.3431453704834,6662400,0.0,0.0,0.0,XLP
2012-02-06 00:00:00-05:00,22.29499104754511,22.37753887613757,22.267474229964904,22.32938575744629,7380000,0.0,0.0,0.0,XLP
2012-02-07 00:00:00-05:00,22.27435333816597,22.411934793220425,22.26747282213185,22.35002326965332,11209400,0.0,0.0,0.0,XLP
2012-02-08 00:00:00-05:00,22.411934800522154,22.411934800522154,22.274353345422874,22.356901168823242,4694700,0.0,0.0,0.0,XLP
2012-02-09 00:00:00-05:00,22.377539485404302,22.50824306039483,22.32938636540197,22.48072624206543,5976200,0.0,0.0,0.0,XLP
2012-02-10 00:00:00-05:00,22.370663690856873,22.432575225830078,22.3431468699469,22.432575225830078,4576400,0.0,0.0,0.0,XLP
2012-02-13 00:00:00-05:00,22.501366157597907,22.55639980309545,22.480729852610654,22.52888298034668,5427400,0.0,0.0,0.0,XLP
2012-02-14 00:00:00-05:00,22.439449918652098,22.597667680096603,22.439449918652098,22.583911895751953,4678700,0.0,0.0,0.0,XLP
2012-02-15 00:00:00-05:00,22.64582342287183,22.70085706322239,22.515122463261854,22.57703399658203,5330400,0.0,0.0,0.0,XLP
2012-02-16 00:00:00-05:00,22.59079181116933,22.749009586783913,22.577033401444364,22.721492767333984,4185900,0.0,0.0,0.0,XLP
2012-02-17 00:00:00-05:00,22.769646382787563,22.838438432903327,22.69397906388281,22.74213218688965,3526000,0.0,0.0,0.0,XLP
2012-02-21 00:00:00-05:00,22.749006856368574,22.749006856368574,22.577030691670203,22.611425399780273,5558000,0.0,0.0,0.0,XLP
2012-02-22 00:00:00-05:00,22.611428209807816,22.618308726773716,22.49448566287098,22.549516677856445,3682400,0.0,0.0,0.0,XLP
2012-02-23 00:00:00-05:00,22.501361757174507,22.700854746866767,22.494483864906698,22.666460037231445,4280000,0.0,0.0,0.0,XLP
2012-02-24 00:00:00-05:00,22.700856956820193,22.755890596912803,22.68022065385966,22.74213218688965,4660400,0.0,0.0,0.0,XLP
2012-02-27 00:00:00-05:00,22.666462243836506,22.783404792810714,22.59767019372074,22.74213218688965,5540300,0.0,0.0,0.0,XLP
2012-02-28 00:00:00-05:00,22.74900538802459,22.824675315471406,22.70773016646782,22.817794799804688,4875800,0.0,0.0,0.0,XLP
2012-02-29 00:00:00-05:00,22.79716591322254,22.941625299418043,22.790288019467436,22.85907745361328,12843400,0.0,0.0,0.0,XLP
2012-03-01 00:00:00-05:00,22.872825806530237,22.907220508477465,22.61142134826572,22.82467269897461,7825200,0.0,0.0,0.0,XLP
2012-03-02 00:00:00-05:00,22.80403571240459,22.893461409931138,22.79027730721263,22.845308303833008,4036500,0.0,0.0,0.0,XLP
2012-03-05 00:00:00-05:00,22.83155452381694,22.982894387439217,22.824676631901387,22.94849967956543,6070600,0.0,0.0,0.0,XLP
2012-03-06 00:00:00-05:00,22.81092281878025,22.88659276583376,22.749011282477237,22.755891799926758,9765800,0.0,0.0,0.0,XLP
2012-03-07 00:00:00-05:00,22.804043520376393,22.817799306130784,22.687098348277104,22.790285110473633,7278800,0.0,0.0,0.0,XLP
2012-03-08 00:00:00-05:00,22.865951855838734,22.976016495523663,22.865951855838734,22.94849967956543,5795400,0.0,0.0,0.0,XLP
2012-03-09 00:00:00-05:00,22.955374077752065,23.03792451306287,22.914101484244263,23.024166107177734,5234200,0.0,0.0,0.0,XLP
2012-03-12 00:00:00-04:00,22.969138499962558,23.141114682351194,22.969138499962558,23.106719970703125,7409600,0.0,0.0,0.0,XLP
2012-03-13 00:00:00-04:00,23.175507402606023,23.27869415283203,23.134234801834072,23.27869415283203,5126200,0.0,0.0,0.0,XLP
2012-03-14 00:00:00-04:00,23.251180137482688,23.278696957411213,23.16175178478917,23.20990753173828,5727500,0.0,0.0,0.0,XLP
2012-03-15 00:00:00-04:00,23.189263407867557,23.264933333638737,23.13423240449166,23.251174926757812,5293400,0.0,0.0,0.0,XLP
2012-03-16 00:00:00-04:00,23.298201206108978,23.298201206108978,23.20138511582348,23.2359619140625,5354200,0.178,0.0,0.0,XLP
2012-03-19 00:00:00-04:00,23.22213414957507,23.277456501160945,23.15989485526552,23.249794006347656,4210100,0.0,0.0,0.0,XLP
2012-03-20 00:00:00-04:00,23.152977070680734,23.27745565477369,23.132231519345442,23.2359619140625,4792900,0.0,0.0,0.0,XLP
2012-03-21 00:00:00-04:00,23.20830094835688,23.31894828025439,23.19446970211463,23.270540237426758,4171100,0.0,0.0,0.0,XLP
2012-03-22 00:00:00-04:00,23.22213667668508,23.332784029938548,23.152980432126043,23.291290283203125,5471000,0.0,0.0,0.0,XLP
2012-03-23 00:00:00-04:00,23.318949259994447,23.353526058032564,23.235961779054254,23.346609115600586,3105900,0.0,0.0,0.0,XLP
2012-03-26 00:00:00-04:00,23.388110047057587,23.52641991977587,23.37427879598162,23.505674362182617,5562300,0.0,0.0,0.0,XLP
2012-03-27 00:00:00-04:00,23.581743356257714,23.602491552833992,23.484927232373497,23.491844177246094,3310600,0.0,0.0,0.0,XLP
2012-03-28 00:00:00-04:00,23.4780057358125,23.49875128799429,23.374272698822114,23.436511993408203,3537200,0.0,0.0,0.0,XLP
2012-03-29 00:00:00-04:00,23.360439715065237,23.443427193705702,23.263623628025215,23.429595947265625,5045100,0.0,0.0,0.0,XLP
2012-03-30 00:00:00-04:00,23.478001744438213,23.616311557565147,23.457253557742998,23.567903518676758,3775800,0.0,0.0,0.0,XLP
2012-04-02 00:00:00-04:00,23.567911947035014,23.80303528398328,23.567911947035014,23.754627227783203,9978900,0.0,0.0,0.0,XLP
2012-04-03 00:00:00-04:00,23.678558794214265,23.75462671084388,23.53333199073319,23.623233795166016,4460900,0.0,0.0,0.0,XLP
2012-04-04 00:00:00-04:00,23.512586204597962,23.650896062821467,23.4987549549715,23.547163009643555,5436200,0.0,0.0,0.0,XLP
2012-04-05 00:00:00-04:00,23.4987549549715,23.560994259270018,23.429601344880307,23.547163009643555,4562600,0.0,0.0,0.0,XLP
2012-04-09 00:00:00-04:00,23.346615172428933,23.388108923663783,23.30512405923536,23.332786560058594,2747700,0.0,0.0,0.0,XLP
2012-04-10 00:00:00-04:00,23.305124051822858,23.31203835800583,23.111489184163098,23.125320434570312,7105400,0.0,0.0,0.0,XLP
2012-04-11 00:00:00-04:00,23.24979608020206,23.332783572044317,23.173725531700462,23.242881774902344,14575600,0.0,0.0,0.0,XLP
2012-04-12 00:00:00-04:00,23.222125636275393,23.27744796757994,23.146055122446874,23.256702423095703,2666500,0.0,0.0,0.0,XLP
2012-04-13 00:00:00-04:00,23.22903993842356,23.3811809660806,23.22903993842356,23.256702423095703,5539400,0.0,0.0,0.0,XLP
2012-04-16 00:00:00-04:00,23.33278342263318,23.42959952445491,23.263627179874142,23.35352897644043,5805600,0.0,0.0,0.0,XLP
2012-04-17 00:00:00-04:00,23.498755573233588,23.650896685086455,23.450347517287895,23.58865737915039,5715900,0.0,0.0,0.0,XLP
2012-04-18 00:00:00-04:00,23.554080573195066,23.637065435096087,23.519501129198545,23.58865737915039,6363000,0.0,0.0,0.0,XLP
2012-04-19 00:00:00-04:00,23.623224372807325,23.623224372807325,23.422675288310156,23.512577056884766,6954000,0.0,0.0,0.0,XLP
2012-04-20 00:00:00-04:00,23.567911442650857,23.76845796917014,23.533331999212667,23.726966857910156,5243400,0.0,0.0,0.0,XLP
2012-04-23 00:00:00-04:00,23.51257845086697,23.526409695932312,23.305115050967373,23.360437393188477,5378200,0.0,0.0,0.0,XLP
2012-04-24 00:00:00-04:00,23.415763387484592,23.48491697776578,23.346607159163035,23.367355346679688,5679500,0.0,0.0,0.0,XLP
2012-04-25 00:00:00-04:00,23.443429013460324,23.567907603042933,23.415766518432918,23.51949691772461,5500500,0.0,0.0,0.0,XLP
2012-04-26 00:00:00-04:00,23.5471555138521,23.782281406571844,23.512578719813373,23.73387336730957,4135100,0.0,0.0,0.0,XLP
2012-04-27 00:00:00-04:00,23.733881386409866,23.768458192131252,23.685473330791687,23.699304580688477,4944100,0.0,0.0,0.0,XLP
2012-04-30 00:00:00-04:00,23.67855390612569,23.67855390612569,23.581735177778054,23.637060165405273,5605200,0.0,0.0,0.0,XLP
2012-05-01 00:00:00-04:00,23.63706527517351,23.796120691924834,23.57482596965854,23.699304580688477,5091000,0.0,0.0,0.0,XLP
2012-05-02 00:00:00-04:00,23.692380690689433,23.78919941158207,23.62322709952081,23.720043182373047,10755000,0.0,0.0,0.0,XLP
2012-05-03 00:00:00-04:00,23.754627227783203,23.816866534046333,23.69238792152007,23.754627227783203,2322700,0.0,0.0,0.0,XLP
2012-05-04 00:00:00-04:00,23.733873183996867,23.768449977768537,23.56790351867676,23.567903518676758,4985200,0.0,0.0,0.0,XLP
2012-05-07 00:00:00-04:00,23.512589562393995,23.65089944036932,23.512589562393995,23.60249137878418,4204700,0.0,0.0,0.0,XLP
2012-05-08 00:00:00-04:00,23.4987549549715,23.58173981468915,23.44343259450677,23.547163009643555,8638300,0.0,0.0,0.0,XLP
2012-05-09 00:00:00-04:00,23.443427193705702,23.581734382025438,23.360439715065237,23.429595947265625,6840000,0.0,0.0,0.0,XLP
2012-05-10 00:00:00-04:00,23.54024535066273,23.664723941528433,23.54024535066273,23.59556770324707,3172100,0.0,0.0,0.0,XLP
2012-05-11 00:00:00-04:00,23.547162166489603,23.66472646508435,23.512585362682103,23.5333309173584,3289600,0.0,0.0,0.0,XLP
2012-05-14 00:00:00-04:00,23.408849498472005,23.51949684017608,23.339695899172224,23.436511993408203,6938000,0.0,0.0,0.0,XLP
2012-05-15 00:00:00-04:00,23.381193669223617,23.560994641200008,23.367362419372945,23.40885353088379,3297400,0.0,0.0,0.0,XLP
2012-05-16 00:00:00-04:00,23.450345605920543,23.567909902235773,23.429600051646496,23.484922409057617,4610600,0.0,0.0,0.0,XLP
2012-05-17 00:00:00-04:00,23.505664694043258,23.540241488490658,23.312029896665234,23.318946838378906,5267000,0.0,0.0,0.0,XLP
2012-05-18 00:00:00-04:00,23.3535258939845,23.381188387436914,23.132231222446336,23.180639266967773,7303300,0.0,0.0,0.0,XLP
2012-05-21 00:00:00-04:00,23.249792049043144,23.284368845628528,23.111482224661138,23.270540237426758,4945000,0.0,0.0,0.0,XLP
2012-05-22 00:00:00-04:00,23.270544562412287,23.388106220260294,23.222136510587696,23.29820442199707,4275500,0.0,0.0,0.0,XLP
2012-05-23 00:00:00-04:00,23.24979316096623,23.305118148581148,23.069992227298965,23.2359619140625,6277500,0.0,0.0,0.0,XLP
2012-05-24 00:00:00-04:00,23.263626030411267,23.4641751674419,23.256711725497464,23.457258224487305,6473200,0.0,0.0,0.0,XLP
2012-05-25 00:00:00-04:00,23.4641744883444,23.53332808764418,23.38810394629021,23.436511993408203,2864500,0.0,0.0,0.0,XLP
2012-05-29 00:00:00-04:00,23.491844004012222,23.60249137878418,23.464181500808856,23.60249137878418,3345400,0.0,0.0,0.0,XLP
2012-05-30 00:00:00-04:00,23.49184102998782,23.526417835593914,23.360445475427024,23.40885353088379,3231600,0.0,0.0,0.0,XLP
2012-05-31 00:00:00-04:00,23.436507922027726,23.491832902289087,23.298198109414574,23.360437393188477,5125900,0.0,0.0,0.0,XLP
2012-06-01 00:00:00-04:00,23.13914986507582,23.187557918673132,22.910940846408643,22.931686401367188,14138900,0.0,0.0,0.0,XLP
2012-06-04 00:00:00-04:00,22.938595234744827,23.021582710863534,22.85561039666656,23.00775146484375,3855700,0.0,0.0,0.0,XLP
2012-06-05 00:00:00-04:00,22.959341731791934,23.007749770275606,22.869439958305005,22.980087280273438,4985100,0.0,0.0,0.0,XLP
2012-06-06 00:00:00-04:00,23.03541877343717,23.298204588638534,23.03541877343717,23.291290283203125,5551700,0.0,0.0,0.0,XLP
2012-06-07 00:00:00-04:00,23.47108173590222,23.47108173590222,23.32585763821344,23.374265670776367,4819500,0.0,0.0,0.0,XLP
2012-06-08 00:00:00-04:00,23.360446766739745,23.574827194213867,23.353532460452787,23.574827194213867,4117600,0.0,0.0,0.0,XLP
2012-06-11 00:00:00-04:00,23.678552722560077,23.678552722560077,23.436509870850344,23.46417236328125,5824500,0.0,0.0,0.0,XLP
2012-06-12 00:00:00-04:00,23.471094133620284,23.5886584448291,23.40194051858544,23.574827194213867,4685300,0.0,0.0,0.0,XLP
2012-06-13 00:00:00-04:00,23.526409996213204,23.68546535943435,23.484916260487573,23.540241241455078,5569400,0.0,0.0,0.0,XLP
2012-06-14 00:00:00-04:00,23.581738515355454,23.94134307170622,23.581738515355454,23.865272521972656,7900400,0.0,0.0,0.0,XLP
2012-06-15 00:00:00-04:00,23.966927732764745,23.99478069914152,23.869445006651105,23.90426254272461,6792300,0.236,0.0,0.0,XLP
2012-06-18 00:00:00-04:00,23.91123471834383,24.001755569815188,23.841604928723534,23.966938018798828,3234800,0.0,0.0,0.0,XLP
2012-06-19 00:00:00-04:00,24.001750867622835,24.050492242049344,23.918191949001084,23.946044921875,14235400,0.0,0.0,0.0,XLP
2012-06-20 00:00:00-04:00,23.890337834934996,23.890337834934996,23.6675193997723,23.82070541381836,7006600,0.0,0.0,0.0,XLP
2012-06-21 00:00:00-04:00,23.83464076801405,23.876420236232107,23.528265969700428,23.542192459106445,7127800,0.0,0.0,0.0,XLP
2012-06-22 00:00:00-04:00,23.632700989014264,23.681442353894614,23.597886107843323,23.611812591552734,4075300,0.0,0.0,0.0,XLP
2012-06-25 00:00:00-04:00,23.521292804384405,23.542183858964897,23.409883586041165,23.46558952331543,5722100,0.0,0.0,0.0,XLP
2012-06-26 00:00:00-04:00,23.535216307994247,23.583957668833545,23.423807103760858,23.521289825439453,4592400,0.0,0.0,0.0,XLP
2012-06-27 00:00:00-04:00,23.597887034812786,23.702334338633666,23.521292699504848,23.660554885864258,3772500,0.0,0.0,0.0,XLP
2012-06-28 00:00:00-04:00,23.55611124399046,23.778929689196772,23.458625850032984,23.765003204345703,5746400,0.0,0.0,0.0,XLP
2012-06-29 00:00:00-04:00,24.022640178602874,24.210643768310547,23.939083913023616,24.210643768310547,8008000,0.0,0.0,0.0,XLP
2012-07-02 00:00:00-04:00,24.11316194627156,24.37079532453615,24.11316194627156,24.34990692138672,8832500,0.0,0.0,0.0,XLP
2012-07-03 00:00:00-04:00,24.363826703507268,24.468271346715195,24.29419428516349,24.4613094329834,2151900,0.0,0.0,0.0,XLP
2012-07-05 00:00:00-04:00,24.4265002439206,24.44738864618869,24.329014835522685,24.37079429626465,4472400,0.0,0.0,0.0,XLP
2012-07-06 00:00:00-04:00,24.252421203433457,24.36383043363521,24.224568231831626,24.342939376831055,3676700,0.0,0.0,0.0,XLP
2012-07-09 00:00:00-04:00,24.363824659554144,24.363824659554144,24.23848897325528,24.315080642700195,5359000,0.0,0.0,0.0,XLP
2012-07-10 00:00:00-04:00,24.405607234832388,24.447386692235135,24.28723608983296,24.342939376831055,5276700,0.0,0.0,0.0,XLP
2012-07-11 00:00:00-04:00,24.39167888710941,24.39167888710941,24.210639897928132,24.308122634887695,6852900,0.0,0.0,0.0,XLP
2012-07-12 00:00:00-04:00,24.266345964057173,24.40560817120384,24.224569161257143,24.32901382446289,6885100,0.0,0.0,0.0,XLP
2012-07-13 00:00:00-04:00,24.398648224264324,24.614502139358205,24.335980358803482,24.60057830810547,4999500,0.0,0.0,0.0,XLP
2012-07-16 00:00:00-04:00,24.53790474360615,24.58664611028797,24.454345838261364,24.475236892700195,3956200,0.0,0.0,0.0,XLP
2012-07-17 00:00:00-04:00,24.537904600261303,24.635387333055473,24.38471593089603,24.579681396484375,6212300,0.0,0.0,0.0,XLP
2012-07-18 00:00:00-04:00,24.57271673640771,24.614493527962043,24.530937288648417,24.58664321899414,4904100,0.0,0.0,0.0,XLP
2012-07-19 00:00:00-04:00,24.635383461426915,24.649309943381045,24.447379939353443,24.55182456970215,5982800,0.0,0.0,0.0,XLP
2012-07-20 00:00:00-04:00,24.43345837744575,24.489161660274124,24.32204915558363,24.398643493652344,6919600,0.0,0.0,0.0,XLP
2012-07-23 00:00:00-04:00,24.231523646680277,24.252414697880546,24.120114446363317,24.189746856689453,6449600,0.0,0.0,0.0,XLP
2012-07-24 00:00:00-04:00,24.238483393039623,24.238483393039623,23.98781207815178,24.113147735595703,3924200,0.0,0.0,0.0,XLP
2012-07-25 00:00:00-04:00,24.175828857352712,24.20367917505033,24.071381533317833,24.1201229095459,5133400,0.0,0.0,0.0,XLP
2012-07-26 00:00:00-04:00,24.33598214138803,24.558800644635376,24.33598214138803,24.51702117919922,5811600,0.0,0.0,0.0,XLP
2012-07-27 00:00:00-04:00,24.57968520991136,24.879098024920438,24.53094383595227,24.795541763305664,6313800,0.0,0.0,0.0,XLP
2012-07-30 00:00:00-04:00,24.79554173627667,24.934803942953266,24.73983579112377,24.92087745666504,5766800,0.0,0.0,0.0,XLP
2012-07-31 00:00:00-04:00,24.941759193708464,24.941759193708464,24.80946159362793,24.80946159362793,5052000,0.0,0.0,0.0,XLP
2012-08-01 00:00:00-04:00,24.920872717080286,24.920872717080286,24.635386442981122,24.684127807617188,8705500,0.0,0.0,0.0,XLP
2012-08-02 00:00:00-04:00,24.551832305411747,24.649317709806017,24.384719781718626,24.482202529907227,6016100,0.0,0.0,0.0,XLP
2012-08-03 00:00:00-04:00,24.718945456551506,24.934801992828596,24.718945456551506,24.893022537231445,7232300,0.0,0.0,0.0,XLP
2012-08-06 00:00:00-04:00,24.990510046207046,25.032289509776714,24.858212395878695,24.879100799560547,4097300,0.0,0.0,0.0,XLP
2012-08-07 00:00:00-04:00,24.97658369405818,24.97658369405818,24.746803283691406,24.746803283691406,6347800,0.0,0.0,0.0,XLP
2012-08-08 00:00:00-04:00,24.774653334947168,24.941765857994547,24.73287387608249,24.92087745666504,4813500,0.0,0.0,0.0,XLP
2012-08-09 00:00:00-04:00,24.886063479520903,24.899987310112877,24.788578071936755,24.816431045532227,3255000,0.0,0.0,0.0,XLP
2012-08-10 00:00:00-04:00,24.767682145926464,24.823388076195084,24.698052389295647,24.80946159362793,3044900,0.0,0.0,0.0,XLP
2012-08-13 00:00:00-04:00,24.809462433391325,24.816424346808073,24.725903535160054,24.80249786376953,4432300,0.0,0.0,0.0,XLP
2012-08-14 00:00:00-04:00,24.913912753304217,24.934803810728607,24.83035649222361,24.899986267089844,4092000,0.0,0.0,0.0,XLP
2012-08-15 00:00:00-04:00,24.948733181820067,24.983548073278907,24.865174254871707,24.913915634155273,2833400,0.0,0.0,0.0,XLP
2012-08-16 00:00:00-04:00,24.872131209053208,24.97657585144043,24.802498791256586,24.97657585144043,4111200,0.0,0.0,0.0,XLP
2012-08-17 00:00:00-04:00,24.969615978968697,25.01835734730825,24.934801095326925,24.997468948364258,4605400,0.0,0.0,0.0,XLP
2012-08-20 00:00:00-04:00,24.962651408517125,25.00443086261047,24.899983555479793,24.997468948364258,5377500,0.0,0.0,0.0,XLP
2012-08-21 00:00:00-04:00,25.02532691635147,25.0671063832244,24.830361383356813,24.844287872314453,6429800,0.0,0.0,0.0,XLP
2012-08-22 00:00:00-04:00,24.82338896142997,24.858203840986924,24.71894166655406,24.767683029174805,3998800,0.0,0.0,0.0,XLP
2012-08-23 00:00:00-04:00,24.760730814060242,24.774657302578778,24.5588007148506,24.57272720336914,5382400,0.0,0.0,0.0,XLP
2012-08-24 00:00:00-04:00,24.558788193814514,24.82338602835214,24.53789979978948,24.7885684967041,6677800,0.0,0.0,0.0,XLP
2012-08-27 00:00:00-04:00,24.823387145996094,24.87212850505219,24.76768121781493,24.823387145996094,3317500,0.0,0.0,0.0,XLP
2012-08-28 00:00:00-04:00,24.82339840295278,24.91391659298824,24.760730533432664,24.837322235107422,5877100,0.0,0.0,0.0,XLP
2012-08-29 00:00:00-04:00,24.837313767137005,24.899981615291306,24.7816104888916,24.7816104888916,3848700,0.0,0.0,0.0,XLP
2012-08-30 00:00:00-04:00,24.753757569610094,24.753757569610094,24.66323675405519,24.684127807617188,4805300,0.0,0.0,0.0,XLP
2012-08-31 00:00:00-04:00,24.788578103676056,24.87909893987436,24.69109535217285,24.69109535217285,8650900,0.0,0.0,0.0,XLP
2012-09-04 00:00:00-04:00,24.725912984427886,24.8860662724729,24.69806266391255,24.837322235107422,5943000,0.0,0.0,0.0,XLP
2012-09-05 00:00:00-04:00,24.851245052313622,24.872136109871565,24.76072687564998,24.795541763305664,4505000,0.0,0.0,0.0,XLP
2012-09-06 00:00:00-04:00,24.858212278371518,25.108883746192674,24.858212278371518,25.101919174194336,4791800,0.0,0.0,0.0,XLP
2012-09-07 00:00:00-04:00,25.05317495924233,25.1158428191042,24.85124489344235,24.899986267089844,6167600,0.0,0.0,0.0,XLP
2012-09-10 00:00:00-04:00,24.872129440307617,24.913906231809552,24.809461596849758,24.872129440307617,7045500,0.0,0.0,0.0,XLP
2012-09-11 00:00:00-04:00,24.86517153861703,24.879098024920438,24.788577192051125,24.795541763305664,4499700,0.0,0.0,0.0,XLP
2012-09-12 00:00:00-04:00,24.816429119418935,24.858208576569453,24.64931660322797,24.663240432739258,9593200,0.0,0.0,0.0,XLP
2012-09-13 00:00:00-04:00,24.656282189714922,25.143698637566512,24.656282189714922,25.101919174194336,9155900,0.0,0.0,0.0,XLP
2012-09-14 00:00:00-04:00,25.060142428211925,25.129772211129602,24.87213882688705,24.913915634155273,10535800,0.0,0.0,0.0,XLP
2012-09-17 00:00:00-04:00,24.913918578039066,25.0392543270656,24.886068255304714,24.983551025390625,5369700,0.0,0.0,0.0,XLP
2012-09-18 00:00:00-04:00,24.99747273137844,25.16458526063121,24.94176678415701,25.1228084564209,4888200,0.0,0.0,0.0,XLP
2012-09-19 00:00:00-04:00,25.143696750104656,25.255105987861352,25.087990803123436,25.19243812561035,17987300,0.0,0.0,0.0,XLP
2012-09-20 00:00:00-04:00,25.164586087735287,25.345627765949615,25.143697684943575,25.331701278686523,7029000,0.0,0.0,0.0,XLP
2012-09-21 00:00:00-04:00,25.412344027043172,25.433379878714682,25.215999603271484,25.215999603271484,8846200,0.255,0.0,0.0,XLP
2012-09-24 00:00:00-04:00,25.159902759485192,25.335208654207165,25.082767737814617,25.300148010253906,6189300,0.0,0.0,0.0,XLP
2012-09-25 00:00:00-04:00,25.32117574382584,25.405321797328106,25.117820329153453,25.124834060668945,3766200,0.0,0.0,0.0,XLP
2012-09-26 00:00:00-04:00,25.117820329153453,25.237029690323574,25.10379554107727,25.124834060668945,4846200,0.0,0.0,0.0,XLP
2012-09-27 00:00:00-04:00,25.166902386999144,25.258062159835625,25.068731558538836,25.20897674560547,4990900,0.0,0.0,0.0,XLP
2012-09-28 00:00:00-04:00,25.110809272592768,25.166905749942675,24.998613642938142,25.124834060668945,5648600,0.0,0.0,0.0,XLP
2012-10-01 00:00:00-04:00,25.13184944063748,25.391301377293047,25.13184944063748,25.28611946105957,5443700,0.0,0.0,0.0,XLP
2012-10-02 00:00:00-04:00,25.34222006827288,25.45441573546952,25.20898854940053,25.307159423828125,7288400,0.0,0.0,0.0,XLP
2012-10-03 00:00:00-04:00,25.33519955424945,25.489466867224827,25.258064560284406,25.38428497314453,8157500,0.0,0.0,0.0,XLP
2012-10-04 00:00:00-04:00,25.468429818296933,25.58763916922623,25.41934440172445,25.503490447998047,4704400,0.0,0.0,0.0,XLP
2012-10-05 00:00:00-04:00,25.57362240393792,25.657768476605305,25.524536971968995,25.601669311523438,4746500,0.0,0.0,0.0,XLP
2012-10-08 00:00:00-04:00,25.54556625478723,25.580626886473183,25.496480835435943,25.5245304107666,3024700,0.0,0.0,0.0,XLP
2012-10-09 00:00:00-04:00,25.454413932245938,25.538560007943474,25.272096989075354,25.27910804748535,6898800,0.0,0.0,0.0,XLP
2012-10-10 00:00:00-04:00,25.321183615273277,25.405329694933542,25.152888780997106,25.173927307128906,4800000,0.0,0.0,0.0,XLP
2012-10-11 00:00:00-04:00,25.300142233955203,25.314164348370568,25.110811589887042,25.117822647094727,4780500,0.0,0.0,0.0,XLP
2012-10-12 00:00:00-04:00,25.194952218505467,25.279098261629017,25.10379244473151,25.138853073120117,3637800,0.0,0.0,0.0,XLP
2012-10-15 00:00:00-04:00,25.194963756631488,25.321184216597167,25.131853526648644,25.307159423828125,3933300,0.0,0.0,0.0,XLP
2012-10-16 00:00:00-04:00,25.370269775390625,25.412344153899383,25.286123693328825,25.370269775390625,4171800,0.0,0.0,0.0,XLP
2012-10-17 00:00:00-04:00,25.391302125933624,25.566607999780096,25.391302125933624,25.48246192932129,5464500,0.0,0.0,0.0,XLP
2012-10-18 00:00:00-04:00,25.412338533021348,25.41934959041086,25.286118100369105,25.342214584350586,7520100,0.0,0.0,0.0,XLP
2012-10-19 00:00:00-04:00,25.328189054799765,25.349227576264038,24.99861586801671,25.040687561035156,4963800,0.0,0.0,0.0,XLP
2012-10-22 00:00:00-04:00,25.012641735942047,25.07575195989549,24.879410229798314,25.054716110229492,5963700,0.0,0.0,0.0,XLP
2012-10-23 00:00:00-04:00,24.879401608062693,24.900437450438908,24.640985586299028,24.718120574951172,5008200,0.0,0.0,0.0,XLP
2012-10-24 00:00:00-04:00,24.732145361520153,24.837327248355745,24.676046215244224,24.718120574951172,4127600,0.0,0.0,0.0,XLP
2012-10-25 00:00:00-04:00,24.879405618705015,24.95654061979158,24.774223714913756,24.872394561767578,5155400,0.0,0.0,0.0,XLP
2012-10-26 00:00:00-04:00,24.88641967788504,24.88641967788504,24.704100095654532,24.788246154785156,4537900,0.0,0.0,0.0,XLP
2012-10-31 00:00:00-04:00,24.970565627303458,25.040686897111723,24.718124776065736,24.816295623779297,10607600,0.0,0.0,0.0,XLP
2012-11-01 00:00:00-04:00,24.865380993103606,24.963551840601873,24.809284512371015,24.830320358276367,4944200,0.0,0.0,0.0,XLP
2012-11-02 00:00:00-04:00,24.914467756696776,24.97056691540123,24.66202689243698,24.68306541442871,4617800,0.0,0.0,0.0,XLP
2012-11-05 00:00:00-05:00,24.598921420673694,24.69709228170984,24.52879746639406,24.640993118286133,9441200,0.0,0.0,0.0,XLP
2012-11-06 00:00:00-05:00,24.683071318743302,24.90044892333307,24.66904652571239,24.82331657409668,3443400,0.0,0.0,0.0,XLP
2012-11-07 00:00:00-05:00,24.683065252781393,24.760200258017303,24.409588543275962,24.52879524230957,6083400,0.0,0.0,0.0,XLP
2012-11-08 00:00:00-05:00,24.507756975269672,24.584891972888503,24.255316137591624,24.262327194213867,7502200,0.0,0.0,0.0,XLP
2012-11-09 00:00:00-05:00,24.19220592817211,24.437633034273084,24.164156351773478,24.262327194213867,6354300,0.0,0.0,0.0,XLP
2012-11-12 00:00:00-05:00,24.262327194213867,24.339462191832695,24.220255504570748,24.262327194213867,3303200,0.0,0.0,0.0,XLP
2012-11-13 00:00:00-05:00,24.171180779405166,24.43764384824099,24.171180779405166,24.248315811157227,4295500,0.0,0.0,0.0,XLP
2012-11-14 00:00:00-05:00,24.29738925724782,24.31842510099155,23.9397638638762,23.98183822631836,8883900,0.0,0.0,0.0,XLP
2012-11-15 00:00:00-05:00,23.918734138124726,24.002880209577437,23.813549542592302,23.974830627441406,6756700,0.0,0.0,0.0,XLP
2012-11-16 00:00:00-05:00,23.918736172903724,24.1571522914314,23.89770032198986,24.12910270690918,7026400,0.0,0.0,0.0,XLP
2012-11-19 00:00:00-05:00,24.25532572690561,24.52880251752394,24.25532572690561,24.521791458129883,8628300,0.0,0.0,0.0,XLP
2012-11-20 00:00:00-05:00,24.535801804807367,24.61994784276898,24.409581410387787,24.612934112548828,5457900,0.0,0.0,0.0,XLP
2012-11-21 00:00:00-05:00,24.683063258161607,24.683063258161607,24.556842837058095,24.64800262451172,3737000,0.0,0.0,0.0,XLP
2012-11-23 00:00:00-05:00,24.70410451805655,25.01965563997847,24.70410451805655,25.01264190673828,3058300,0.0,0.0,0.0,XLP
2012-11-26 00:00:00-05:00,24.89343057094739,24.90745535986928,24.760199088621885,24.830320358276367,4365100,0.0,0.0,0.0,XLP
2012-11-27 00:00:00-05:00,24.858373455601054,24.963555374974572,24.78824950106336,24.809288024902344,3345100,0.0,0.0,0.0,XLP
2012-11-28 00:00:00-05:00,24.795252475669123,25.06171803738585,24.72512855155725,25.047693252563477,6404400,0.0,0.0,0.0,XLP
2012-11-29 00:00:00-05:00,25.033682410483706,25.215999364809317,25.02666867668906,25.180938720703125,14167900,0.0,0.0,0.0,XLP
2012-11-30 00:00:00-05:00,25.166913933960885,25.29313439273727,25.131853289846482,25.272098541259766,5690600,0.0,0.0,0.0,XLP
2012-12-03 00:00:00-05:00,25.251059653093353,25.321183615273277,25.15990251469292,25.173927307128906,8409400,0.0,0.0,0.0,XLP
2012-12-04 00:00:00-05:00,25.13184511722963,25.208980114171215,25.075745964924913,25.124834060668945,5125200,0.0,0.0,0.0,XLP
2012-12-05 00:00:00-05:00,25.117822838467216,25.279103905023323,25.040687833819714,25.166908264160156,6201900,0.0,0.0,0.0,XLP
2012-12-06 00:00:00-05:00,25.22299967409809,25.25104656948216,25.152875748252274,25.194950103759766,4850100,0.0,0.0,0.0,XLP
2012-12-07 00:00:00-05:00,25.293134752269093,25.37728083433089,25.223013463043547,25.370269775390625,4591500,0.0,0.0,0.0,XLP
2012-12-10 00:00:00-05:00,25.31416500488228,25.412338533021348,25.31416500488228,25.342214584350586,7959100,0.0,0.0,0.0,XLP
2012-12-11 00:00:00-05:00,25.433378151041673,25.559598602408073,25.321182491488816,25.356243133544922,4862100,0.0,0.0,0.0,XLP
2012-12-12 00:00:00-05:00,25.440390586066947,25.447404319831,25.279109483917413,25.300148010253906,4649300,0.0,0.0,0.0,XLP
2012-12-13 00:00:00-05:00,25.37727478296581,25.405324361949724,25.201968926748968,25.258068084716797,4965200,0.0,0.0,0.0,XLP
2012-12-14 00:00:00-05:00,25.194963751599975,25.314170477679475,25.187950017739,25.215999603271484,2437100,0.0,0.0,0.0,XLP
2012-12-17 00:00:00-05:00,25.272098541259766,25.328195036851668,25.187949785438388,25.272098541259766,6632800,0.0,0.0,0.0,XLP
2012-12-18 00:00:00-05:00,25.223000187486925,25.335195796169604,25.089766063145152,25.265071868896484,8219000,0.0,0.0,0.0,XLP
2012-12-19 00:00:00-05:00,25.300146120565838,25.314168237135284,25.01264190673828,25.01264190673828,16482200,0.0,0.0,0.0,XLP
2012-12-20 00:00:00-05:00,25.054712678062614,25.16690831917102,24.984591405478017,25.152883529663086,5870700,0.0,0.0,0.0,XLP
2012-12-21 00:00:00-05:00,24.945832204409125,25.12310502979295,24.77564910185445,24.938739776611328,8263800,0.398,0.0,0.0,XLP
2012-12-24 00:00:00-05:00,24.853652047815704,24.882016351888485,24.811108296675453,24.86074447631836,4714600,0.0,0.0,0.0,XLP
2012-12-26 00:00:00-05:00,24.853643515689118,24.874918088924712,24.605462702673776,24.648006439208984,11087600,0.0,0.0,0.0,XLP
2012-12-27 00:00:00-05:00,24.648003414182355,24.74727843217255,24.50618736984596,24.690549850463867,6488000,0.0,0.0,0.0,XLP
2012-12-28 00:00:00-05:00,24.55582301785978,24.683459619093583,24.428186416625973,24.428186416625977,15265500,0.0,0.0,0.0,XLP
2012-12-31 00:00:00-05:00,24.378558066274298,24.747285842895508,24.34310404457328,24.747285842895508,17879100,0.0,0.0,0.0,XLP
2013-01-02 00:00:00-05:00,25.10183263752618,25.392559956948084,25.023832163174447,25.385467529296875,10813900,0.0,0.0,0.0,XLP
2013-01-03 00:00:00-05:00,25.35001003347661,25.399646200361488,25.250737699706864,25.321645736694336,6537300,0.0,0.0,0.0,XLP
2013-01-04 00:00:00-05:00,25.29329160228336,25.43511043820668,25.29329160228336,25.392566680908203,5942500,0.0,0.0,0.0,XLP
2013-01-07 00:00:00-05:00,25.3571003176543,25.37837489319703,25.151465923842004,25.222373962402344,3029900,0.0,0.0,0.0,XLP
2013-01-08 00:00:00-05:00,25.208192260488932,25.208192260488932,25.108919922757636,25.151466369628906,4506100,0.0,0.0,0.0,XLP
2013-01-09 00:00:00-05:00,25.215290976094828,25.264927157339642,25.158562366118467,25.20819854736328,4310400,0.0,0.0,0.0,XLP
2013-01-10 00:00:00-05:00,25.286193398729644,25.371283589763376,25.22946750636329,25.357101440429688,4083300,0.0,0.0,0.0,XLP
2013-01-11 00:00:00-05:00,25.385471769952463,25.470561981201175,25.357107464546544,25.470561981201172,3021900,0.0,0.0,0.0,XLP
2013-01-14 00:00:00-05:00,25.463467087521174,25.56983185871375,25.4492849376976,25.54855728149414,5080900,0.0,0.0,0.0,XLP
2013-01-15 00:00:00-05:00,25.49892165764601,25.647830176541323,25.442195762100987,25.626558303833008,4265900,0.0,0.0,0.0,XLP
2013-01-16 00:00:00-05:00,25.562742112173105,25.64783231506978,25.54147023769113,25.591106414794922,3322600,0.0,0.0,0.0,XLP
2013-01-17 00:00:00-05:00,25.70455718486066,25.839283545282346,25.640738865720202,25.76128578186035,6186500,0.0,0.0,0.0,XLP
2013-01-18 00:00:00-05:00,25.81092508679643,25.867650985717773,25.69747058398503,25.867650985717773,5659500,0.0,0.0,0.0,XLP
2013-01-22 00:00:00-05:00,25.84638201749798,25.888925770229747,25.761291807065422,25.874746322631836,3817600,0.0,0.0,0.0,XLP
2013-01-23 00:00:00-05:00,25.860561262715876,25.88183313669029,25.803832658825815,25.867650985717773,3602400,0.0,0.0,0.0,XLP
2013-01-24 00:00:00-05:00,25.881839497402712,25.981111873638746,25.867657342944796,25.938568115234375,4569000,0.0,0.0,0.0,XLP
2013-01-25 00:00:00-05:00,26.03783293858226,26.08746911230213,25.988196764862384,26.066194534301758,3930800,0.0,0.0,0.0,XLP
2013-01-28 00:00:00-05:00,26.06618880558152,26.130007115619712,25.995280774413747,26.08746337890625,5114700,0.0,0.0,0.0,XLP
2013-01-29 00:00:00-05:00,26.073287151247794,26.271831847568702,26.05201527806159,26.22928810119629,4868900,0.0,0.0,0.0,XLP
2013-01-30 00:00:00-05:00,26.215104171874557,26.278922492071285,26.151285851677834,26.17964744567871,4374500,0.0,0.0,0.0,XLP
2013-01-31 00:00:00-05:00,26.200924159205737,26.243467906160923,26.13710583380431,26.144195556640625,4374900,0.0,0.0,0.0,XLP
2013-02-01 00:00:00-05:00,26.321460506752736,26.39237123874245,26.22218818693498,26.356914520263672,4855400,0.0,0.0,0.0,XLP
2013-02-04 00:00:00-05:00,26.27183051733512,26.27183051733512,26.087467980796134,26.108739852905273,4501000,0.0,0.0,0.0,XLP
2013-02-05 00:00:00-05:00,26.25764756079623,26.491648966680582,26.250557838633853,26.420738220214844,7608700,0.0,0.0,0.0,XLP
2013-02-06 00:00:00-05:00,26.349831060524878,26.463285553698466,26.307284611221597,26.456195831298828,2893700,0.0,0.0,0.0,XLP
2013-02-07 00:00:00-05:00,26.434926044461275,26.61929131988267,26.420743892123554,26.5980167388916,8721400,0.0,0.0,0.0,XLP
2013-02-08 00:00:00-05:00,26.633470775848895,26.711468548356404,26.54837787043737,26.57674217224121,7203800,0.0,0.0,0.0,XLP
2013-02-11 00:00:00-05:00,26.612196197011663,26.612196197011663,26.527105996568842,26.57674217224121,2957700,0.0,0.0,0.0,XLP
2013-02-12 00:00:00-05:00,26.60510850601162,26.60510850601162,26.50583614708495,26.54837989807129,3308400,0.0,0.0,0.0,XLP
2013-02-13 00:00:00-05:00,26.598014046109743,26.598014046109743,26.498741694765,26.57674217224121,3165800,0.0,0.0,0.0,XLP
2013-02-14 00:00:00-05:00,26.65473477346666,26.725642802054836,26.60509861246136,26.63346290588379,7964100,0.0,0.0,0.0,XLP
2013-02-15 00:00:00-05:00,26.590920052020255,26.725646406495247,26.541283884320613,26.668920516967773,5690500,0.0,0.0,0.0,XLP
2013-02-19 00:00:00-05:00,26.73983756708355,26.945474733982863,26.73274784286631,26.938385009765625,8140800,0.0,0.0,0.0,XLP
2013-02-20 00:00:00-05:00,26.96673910171557,27.03764984898615,26.881648909959303,26.88873863220215,10454300,0.0,0.0,0.0,XLP
2013-02-21 00:00:00-05:00,26.867468309552315,27.03055898022502,26.803649985813557,26.973833084106445,9752400,0.0,0.0,0.0,XLP
2013-02-22 00:00:00-05:00,27.030555166462122,27.12982749938965,26.959647130076227,27.12982749938965,6182400,0.0,0.0,0.0,XLP
2013-02-25 00:00:00-05:00,27.222014206888485,27.264560658103104,26.746924340683993,26.761106491088867,7873900,0.0,0.0,0.0,XLP
2013-02-26 00:00:00-05:00,26.824926376342777,26.917106301885394,26.711469166501832,26.824926376342773,7656600,0.0,0.0,0.0,XLP
2013-02-27 00:00:00-05:00,26.86037545855148,27.101466575155555,26.739828547765306,27.023466110229492,6405800,0.0,0.0,0.0,XLP
2013-02-28 00:00:00-05:00,27.05183333095125,27.186559699949022,26.99510473034047,27.009286880493164,8069700,0.0,0.0,0.0,XLP
2013-03-01 00:00:00-05:00,26.87456005129656,27.1227409122975,26.867467623857383,27.101469039916992,6584800,0.0,0.0,0.0,XLP
2013-03-04 00:00:00-05:00,27.051835410599274,27.307106018066406,27.030560831250437,27.307106018066406,5105800,0.0,0.0,0.0,XLP
2013-03-05 00:00:00-05:00,27.399288177490234,27.448924353502676,27.32838012746353,27.399288177490234,8253900,0.0,0.0,0.0,XLP
2013-03-06 00:00:00-05:00,27.420558488411608,27.463104938983527,27.30710399185505,27.335468292236328,5795700,0.0,0.0,0.0,XLP
2013-03-07 00:00:00-05:00,27.40637904318953,27.40637904318953,27.31419641943465,27.335468292236328,3375900,0.0,0.0,0.0,XLP
2013-03-08 00:00:00-05:00,27.420557247095335,27.42764967435387,27.27164873428748,27.385103225708008,5178500,0.0,0.0,0.0,XLP
2013-03-11 00:00:00-04:00,27.427643831708203,27.463097845543107,27.385097392125594,27.413461685180664,3624300,0.0,0.0,0.0,XLP
2013-03-12 00:00:00-04:00,27.40637780251516,27.42764967435387,27.342559482030588,27.385103225708008,5323300,0.0,0.0,0.0,XLP
2013-03-13 00:00:00-04:00,27.441832483289314,27.477286505528554,27.349649861492487,27.45601463317871,4113000,0.0,0.0,0.0,XLP
2013-03-14 00:00:00-04:00,27.491465183132277,27.576555366752906,27.434736590739742,27.54819107055664,4250900,0.0,0.0,0.0,XLP
2013-03-15 00:00:00-04:00,27.49902325886041,27.49902325886041,27.370756024886358,27.427764892578125,9104400,0.191,0.0,0.0,XLP
2013-03-18 00:00:00-04:00,27.278122917411146,27.456271583733493,27.221116757721116,27.342256546020508,5045300,0.0,0.0,0.0,XLP
2013-03-19 00:00:00-04:00,27.37075259248954,27.58453038286027,27.37075259248954,27.57027816772461,8304900,0.0,0.0,0.0,XLP
2013-03-20 00:00:00-04:00,27.662924222524403,27.883829543638335,27.662924222524403,27.833948135375977,6377100,0.0,0.0,0.0,XLP
2013-03-21 00:00:00-04:00,27.784060243741774,27.89094778579068,27.72705137998323,27.748428344726562,5588600,0.0,0.0,0.0,XLP
2013-03-22 00:00:00-04:00,27.869572844731856,28.02634451311922,27.812563976833747,28.00496482849121,6132500,0.0,0.0,0.0,XLP
2013-03-25 00:00:00-04:00,28.04772661602502,28.1403646841588,27.89095491892677,27.983592987060547,6281900,0.0,0.0,0.0,XLP
2013-03-26 00:00:00-04:00,28.09048361117085,28.261507546451906,28.061981887235035,28.247255325317383,7227800,0.0,0.0,0.0,XLP
2013-03-27 00:00:00-04:00,28.18312681271053,28.225883483886715,28.069111741241088,28.22588348388672,5357900,0.0,0.0,0.0,XLP
2013-03-28 00:00:00-04:00,28.247251460833137,28.36126649597779,28.14036389444726,28.339889526367188,5040400,0.0,0.0,0.0,XLP
2013-04-01 00:00:00-04:00,28.311370346829904,28.36125172883764,28.232984541294474,28.32562255859375,5370100,0.0,0.0,0.0,XLP
2013-04-02 00:00:00-04:00,28.411140483681127,28.667674925339455,28.396888268218756,28.63204574584961,8043900,0.0,0.0,0.0,XLP
2013-04-03 00:00:00-04:00,28.69618624919969,28.69618624919969,28.254378337070897,28.318511962890625,11956200,0.0,0.0,0.0,XLP
2013-04-04 00:00:00-04:00,28.375522551214782,28.51804204399585,28.332765887880495,28.46816062927246,8889800,0.0,0.0,0.0,XLP
2013-04-05 00:00:00-04:00,28.225875936333683,28.30426178669625,28.147490085971118,28.261505126953125,8528000,0.0,0.0,0.0,XLP
2013-04-08 00:00:00-04:00,28.261498593641956,28.582166671752933,28.161735795636847,28.58216667175293,9479100,0.0,0.0,0.0,XLP
2013-04-09 00:00:00-04:00,28.63205482656727,28.660559266532253,28.453906154285658,28.553668975830078,6614500,0.0,0.0,0.0,XLP
2013-04-10 00:00:00-04:00,28.62492893594179,28.810205087598273,28.589299743187283,28.76744842529297,7325700,0.0,0.0,0.0,XLP
2013-04-11 00:00:00-04:00,28.831588078668553,29.009736797965815,28.77458190202697,28.902849197387695,5973200,0.0,0.0,0.0,XLP
2013-04-12 00:00:00-04:00,28.795957200389825,29.023987330335153,28.788832448099974,29.009735107421875,5782900,0.0,0.0,0.0,XLP
2013-04-15 00:00:00-04:00,28.95984661151891,29.01685548924479,28.54654312133789,28.54654312133789,11247900,0.0,0.0,0.0,XLP
2013-04-16 00:00:00-04:00,28.753203648518074,29.09525159884788,28.710449693477248,29.08099937438965,10341100,0.0,0.0,0.0,XLP
2013-04-17 00:00:00-04:00,28.95985029594044,29.031111402163997,28.731820192691558,28.83158302307129,9761800,0.0,0.0,0.0,XLP
2013-04-18 00:00:00-04:00,28.788816958286873,28.91708417715868,28.689051451572713,28.774564743041992,10303600,0.0,0.0,0.0,XLP
2013-04-19 00:00:00-04:00,28.81732441155561,29.259135017169964,28.81732441155561,29.22350311279297,11227600,0.0,0.0,0.0,XLP
2013-04-22 00:00:00-04:00,29.26625341303765,29.351763984645373,29.080980054832242,29.294757843017578,5972300,0.0,0.0,0.0,XLP
2013-04-23 00:00:00-04:00,29.373150508754684,29.5299194734994,29.145120452459913,29.522794723510742,13184200,0.0,0.0,0.0,XLP
2013-04-24 00:00:00-04:00,29.39453155153196,29.480042154912248,29.023981979106615,29.052486419677734,30015500,0.0,0.0,0.0,XLP
2013-04-25 00:00:00-04:00,29.116616183942952,29.223503744386093,29.04535509198148,29.14512062072754,12200800,0.0,0.0,0.0,XLP
2013-04-26 00:00:00-04:00,29.073876364288203,29.22352066656127,29.073876364288203,29.138010025024414,9481800,0.0,0.0,0.0,XLP
2013-04-29 00:00:00-04:00,29.223511033887945,29.266267699730033,29.116623446782803,29.23063850402832,6696000,0.0,0.0,0.0,XLP
2013-04-30 00:00:00-04:00,29.20212084029249,29.237750019864823,29.05247665508939,29.173616409301758,11354900,0.0,0.0,0.0,XLP
2013-05-01 00:00:00-04:00,29.137993152365038,29.35889845994653,29.10236396555066,29.14512062072754,7556600,0.0,0.0,0.0,XLP
2013-05-02 00:00:00-04:00,29.152247527664418,29.351773163253554,29.052484709869848,29.252010345458984,9194000,0.0,0.0,0.0,XLP
2013-05-03 00:00:00-04:00,29.408782072591137,29.480040451568588,29.287639566329975,29.380277633666992,12843400,0.0,0.0,0.0,XLP
2013-05-06 00:00:00-04:00,29.358897138995644,29.358897138995644,29.130867091644163,29.16649627685547,14530800,0.0,0.0,0.0,XLP
2013-05-07 00:00:00-04:00,29.22350433251565,29.394528238332363,29.1736229263051,29.38740348815918,8152200,0.0,0.0,0.0,XLP
2013-05-08 00:00:00-04:00,29.380295150228648,29.430176588918812,29.31616148357922,29.423051834106445,6623300,0.0,0.0,0.0,XLP
2013-05-09 00:00:00-04:00,29.40165256917006,29.46578619314504,29.14512079160287,29.216379165649414,12872500,0.0,0.0,0.0,XLP
2013-05-10 00:00:00-04:00,29.159376526970938,29.35177744003746,29.159376526970938,29.330400466918945,8304700,0.0,0.0,0.0,XLP
2013-05-13 00:00:00-04:00,29.301891785792048,29.48716792046608,29.252010376841252,29.380277633666992,7821600,0.0,0.0,0.0,XLP
2013-05-14 00:00:00-04:00,29.366025425242903,29.736574976397335,29.366025425242903,29.729450225830078,7373100,0.0,0.0,0.0,XLP
2013-05-15 00:00:00-04:00,29.715194374740715,30.07149166288309,29.686689939289504,30.021610260009766,11728700,0.0,0.0,0.0,XLP
2013-05-16 00:00:00-04:00,29.950338062060588,30.007346911817013,29.79356916189356,29.84345054626465,9313100,0.0,0.0,0.0,XLP
2013-05-17 00:00:00-04:00,29.8505879302943,29.907596804184916,29.672439276885207,29.88621711730957,9368100,0.0,0.0,0.0,XLP
2013-05-20 00:00:00-04:00,29.864844347002354,29.893348787954658,29.55842840259783,29.579805374145508,9866600,0.0,0.0,0.0,XLP
2013-05-21 00:00:00-04:00,29.665310027964747,29.693811742254944,29.408775571026787,29.608301162719727,10408400,0.0,0.0,0.0,XLP
2013-05-22 00:00:00-04:00,29.629685087728706,29.943225736461514,29.458661185844544,29.55842399597168,16899000,0.0,0.0,0.0,XLP
2013-05-23 00:00:00-04:00,29.31614767024446,29.537053022023944,29.252014033813854,29.43729019165039,12831900,0.0,0.0,0.0,XLP
2013-05-24 00:00:00-04:00,29.44440799904353,29.729446920031076,29.44440799904353,29.715194702148438,16015800,0.0,0.0,0.0,XLP
2013-05-28 00:00:00-04:00,29.971732603645343,30.06436795294245,29.672441430660985,29.765079498291016,15727400,0.0,0.0,0.0,XLP
2013-05-29 00:00:00-04:00,29.594056704872447,29.622561144967765,29.137996536679484,29.195005416870117,21414900,0.0,0.0,0.0,XLP
2013-05-30 00:00:00-04:00,29.230643653700273,29.330406506574025,29.06674714993142,29.08099937438965,15949200,0.0,0.0,0.0,XLP
2013-05-31 00:00:00-04:00,29.01684937361442,29.01684937361442,28.52515742102352,28.539409637451172,33824800,0.0,0.0,0.0,XLP
2013-06-03 00:00:00-04:00,28.610674497254923,28.860081521838975,28.275754162814035,28.852956771850586,39020500,0.0,0.0,0.0,XLP
2013-06-04 00:00:00-04:00,28.959843526052506,29.059606333110874,28.653427636754603,28.86008071899414,12962800,0.0,0.0,0.0,XLP
2013-06-05 00:00:00-04:00,28.77456623029362,28.803067943924418,28.503779563309152,28.51090431213379,17077900,0.0,0.0,0.0,XLP
2013-06-06 00:00:00-04:00,28.496653776455336,28.639170494414717,28.29000072974922,28.63204574584961,12352700,0.0,0.0,0.0,XLP
2013-06-07 00:00:00-04:00,28.781694924639503,29.109487782153103,28.781694924639503,28.98834800720215,18700800,0.0,0.0,0.0,XLP
2013-06-10 00:00:00-04:00,29.109487782153103,29.109487782153103,28.852956014315907,28.98834800720215,11190300,0.0,0.0,0.0,XLP
2013-06-11 00:00:00-04:00,28.82445140542333,29.11661507551129,28.731813348566384,28.917089462280273,20334000,0.0,0.0,0.0,XLP
2013-06-12 00:00:00-04:00,29.023971713997117,29.14511418441254,28.774564743041992,28.774564743041992,14908400,0.0,0.0,0.0,XLP
2013-06-13 00:00:00-04:00,28.838707247563654,29.84346562641504,28.66055857955218,29.073862075805664,13048700,0.0,0.0,0.0,XLP
2013-06-14 00:00:00-04:00,29.02397095728455,29.23774874371992,28.924208171503516,29.002593994140625,8453300,0.0,0.0,0.0,XLP
2013-06-17 00:00:00-04:00,29.095245452849248,29.380281726801996,29.059613540063527,29.25914192199707,9877200,0.0,0.0,0.0,XLP
2013-06-18 00:00:00-04:00,29.259134553545998,29.401651295465136,29.166496496632472,29.36602210998535,8441200,0.0,0.0,0.0,XLP
2013-06-19 00:00:00-04:00,29.366029529798794,29.430163167199876,28.781702041625977,28.781702041625977,25795200,0.0,0.0,0.0,XLP
2013-06-20 00:00:00-04:00,28.53940881855743,28.7033052252742,27.862443508496156,27.912324905395508,32296500,0.0,0.0,0.0,XLP
2013-06-21 00:00:00-04:00,28.123201403394596,28.42444600047705,28.001270955674933,28.280996322631836,22743500,0.254,0.0,0.0,XLP
2013-06-24 00:00:00-04:00,28.080171968969157,28.438794840930065,27.879341300139792,28.166240692138672,24973100,0.0,0.0,0.0,XLP
2013-06-25 00:00:00-04:00,28.288172844929885,28.316863333058517,28.058654412051894,28.209278106689453,13004400,0.0,0.0,0.0,XLP
2013-06-26 00:00:00-04:00,28.381412297025754,28.61093070348954,28.381412297025754,28.503345489501953,18133100,0.0,0.0,0.0,XLP
2013-06-27 00:00:00-04:00,28.68265982533789,28.897833011217045,28.618107595966592,28.632450103759766,10033600,0.0,0.0,0.0,XLP
2013-06-28 00:00:00-04:00,28.575069639443825,28.718519330885794,28.431619948001853,28.453136444091797,11033300,0.0,0.0,0.0,XLP
2013-07-01 00:00:00-04:00,28.62528251037197,28.869146215172986,28.316866567944924,28.661144256591797,11795300,0.0,0.0,0.0,XLP
2013-07-02 00:00:00-04:00,28.6467859051919,28.85478776861375,28.5965789362383,28.696992874145508,5441200,0.0,0.0,0.0,XLP
2013-07-03 00:00:00-04:00,28.603765710820124,28.704179693616215,28.43879949107286,28.63962745666504,3985400,0.0,0.0,0.0,XLP
2013-07-05 00:00:00-04:00,28.704172512314265,28.83327695391685,28.438792376164564,28.71134376525879,10602600,0.0,0.0,0.0,XLP
2013-07-08 00:00:00-04:00,28.747210326833383,29.0269357252707,28.747210326833383,28.998245239257812,7611700,0.0,0.0,0.0,XLP
2013-07-09 00:00:00-04:00,29.19189674586395,29.27796545258456,29.141689772270688,29.21341323852539,8937800,0.0,0.0,0.0,XLP
2013-07-10 00:00:00-04:00,29.213403949052566,29.378370057841234,29.170368241339613,29.249265670776367,7701700,0.0,0.0,0.0,XLP
2013-07-11 00:00:00-04:00,29.55769775411793,29.751354441847855,29.529007266437464,29.70831871032715,12282200,0.0,0.0,0.0,XLP
2013-07-12 00:00:00-04:00,29.65810556304999,29.74417700820889,29.6078985880781,29.715486526489258,5566100,0.0,0.0,0.0,XLP
2013-07-15 00:00:00-04:00,29.765699009456753,29.765699009456753,29.68680153816564,29.758527755737305,7076000,0.0,0.0,0.0,XLP
2013-07-16 00:00:00-04:00,29.500317090227803,29.708316268627193,29.500317090227803,29.650938034057617,10156700,0.0,0.0,0.0,XLP
2013-07-17 00:00:00-04:00,29.701147456444783,29.79439017336856,29.672456968764312,29.70831871032715,9365500,0.0,0.0,0.0,XLP
2013-07-18 00:00:00-04:00,29.70113933306601,29.916312459667836,29.658103613315745,29.808727264404297,7136100,0.0,0.0,0.0,XLP
2013-07-19 00:00:00-04:00,29.815901215996888,29.980867385864258,29.780039480995285,29.980867385864258,8352700,0.0,0.0,0.0,XLP
2013-07-22 00:00:00-04:00,30.009563518200235,30.01673477212069,29.8732878051075,29.91632080078125,7887600,0.0,0.0,0.0,XLP
2013-07-23 00:00:00-04:00,29.94500119352464,29.952172445027514,29.823070765453636,29.858932495117188,6122500,0.0,0.0,0.0,XLP
2013-07-24 00:00:00-04:00,29.937843115479364,29.937843115479364,29.60073668894194,29.6652889251709,8262900,0.0,0.0,0.0,XLP
2013-07-25 00:00:00-04:00,29.607887103371493,29.851750631245434,29.586370618465335,29.823062896728516,4720600,0.0,0.0,0.0,XLP
2013-07-26 00:00:00-04:00,29.708313006541747,29.801555705563587,29.421416393045664,29.78721046447754,6073200,0.0,0.0,0.0,XLP
2013-07-29 00:00:00-04:00,29.744179295679388,29.794386274512437,29.650936590957233,29.722660064697266,7493000,0.0,0.0,0.0,XLP
2013-07-30 00:00:00-04:00,29.772872096029563,29.894805305370024,29.636596378367262,29.69397735595703,5733600,0.0,0.0,0.0,XLP
2013-07-31 00:00:00-04:00,29.701141429283695,29.844591102500743,29.650934454068967,29.686796188354492,6735500,0.0,0.0,0.0,XLP
2013-08-01 00:00:00-04:00,29.83742895688289,29.9808786870371,29.83742895688289,29.93067169189453,6207700,0.0,0.0,0.0,XLP
2013-08-02 00:00:00-04:00,29.844593366173036,29.959352566236017,29.722660177063847,29.94500732421875,3956400,0.0,0.0,0.0,XLP
2013-08-05 00:00:00-04:00,29.937826848280814,30.016721550957907,29.87327464712733,29.966514587402344,5010300,0.0,0.0,0.0,XLP
2013-08-06 00:00:00-04:00,29.952188193791052,29.973707431763604,29.823086446335896,29.93067169189453,3148600,0.0,0.0,0.0,XLP
2013-08-07 00:00:00-04:00,29.83024618773569,29.858936669907788,29.73700348871385,29.78721046447754,5987100,0.0,0.0,0.0,XLP
2013-08-08 00:00:00-04:00,29.87328385020757,29.980869061224343,29.780041145132913,29.94500732421875,2915000,0.0,0.0,0.0,XLP
2013-08-09 00:00:00-04:00,29.88762618355794,29.93066190936122,29.737005247359157,29.815902709960938,4266300,0.0,0.0,0.0,XLP
2013-08-12 00:00:00-04:00,29.701143119414255,29.7656953392315,29.59355517436049,29.729833602905273,4208600,0.0,0.0,0.0,XLP
2013-08-13 00:00:00-04:00,29.801555470851667,29.81590071182474,29.6007275693786,29.7513484954834,4178500,0.0,0.0,0.0,XLP
2013-08-14 00:00:00-04:00,29.737014571847137,29.76570506471233,29.5290126026885,29.543357849121094,4871500,0.0,0.0,0.0,XLP
2013-08-15 00:00:00-04:00,29.321012601169294,29.32818385615965,29.048458398244996,29.069974899291992,8854300,0.0,0.0,0.0,XLP
2013-08-16 00:00:00-04:00,29.019755677074375,29.069962649077205,28.78306605707172,28.897825241088867,8607300,0.0,0.0,0.0,XLP
2013-08-19 00:00:00-04:00,28.883477895132273,28.883477895132273,28.76154473196236,28.768718719482422,5126600,0.0,0.0,0.0,XLP
2013-08-20 00:00:00-04:00,28.82610496205191,28.940864169641152,28.732864986937443,28.775897979736328,7174100,0.0,0.0,0.0,XLP
2013-08-21 00:00:00-04:00,28.69699766340819,28.811756859607904,28.524860237146154,28.553550720214844,7899700,0.0,0.0,0.0,XLP
2013-08-22 00:00:00-04:00,28.560714998693488,28.74002636997412,28.54636976066211,28.675474166870117,5501900,0.0,0.0,0.0,XLP
2013-08-23 00:00:00-04:00,28.74720650912162,28.876308206883866,28.69699679722939,28.84044647216797,3352900,0.0,0.0,0.0,XLP
2013-08-26 00:00:00-04:00,28.847623099197634,28.883484837193496,28.503345489501953,28.503345489501953,17412500,0.0,0.0,0.0,XLP
2013-08-27 00:00:00-04:00,28.288175653354305,28.43162537216349,28.259487898453116,28.35272789001465,11462400,0.0,0.0,0.0,XLP
2013-08-28 00:00:00-04:00,28.28816938680443,28.295343375997366,28.11603195122688,28.137548446655273,18628600,0.0,0.0,0.0,XLP
2013-08-29 00:00:00-04:00,28.029963474307767,28.374241084496546,28.008444242619245,28.252307891845703,7455000,0.0,0.0,0.0,XLP
2013-08-30 00:00:00-04:00,28.33837890625,28.38858862687421,28.22361969355635,28.33837890625,8672400,0.0,0.0,0.0,XLP
2013-09-03 00:00:00-04:00,28.467477305877917,28.567893989686507,28.259478158175877,28.316856384277344,15164200,0.0,0.0,0.0,XLP
2013-09-04 00:00:00-04:00,28.30251338537432,28.567896252346657,28.252306407530924,28.496170043945312,6468800,0.0,0.0,0.0,XLP
2013-09-05 00:00:00-04:00,28.539207900602154,28.5607243966921,28.424448694663635,28.453136444091797,4525100,0.0,0.0,0.0,XLP
2013-09-06 00:00:00-04:00,28.553550865294547,28.65396482047011,28.252306263692777,28.524860382080078,6976700,0.0,0.0,0.0,XLP
2013-09-09 00:00:00-04:00,28.539202471482344,28.75437559967446,28.53202848343357,28.725685119628906,10347600,0.0,0.0,0.0,XLP
2013-09-10 00:00:00-04:00,28.80458242955822,28.86196338936614,28.653961514174572,28.754375457763672,6501800,0.0,0.0,0.0,XLP
2013-09-11 00:00:00-04:00,28.696992821374273,28.96954689238878,28.696992821374273,28.96237564086914,6812300,0.0,0.0,0.0,XLP
2013-09-12 00:00:00-04:00,28.96955680847168,29.055625536541097,28.94086632042336,28.96955680847168,7002900,0.0,0.0,0.0,XLP
2013-09-13 00:00:00-04:00,29.034099564274953,29.2277561912947,29.034099564274953,29.206239700317383,5063200,0.0,0.0,0.0,XLP
2013-09-16 00:00:00-04:00,29.45010406815166,29.5648632498267,29.414239600817503,29.471620559692383,8178900,0.0,0.0,0.0,XLP
2013-09-17 00:00:00-04:00,29.464455342050066,29.60073104317444,29.464455342050066,29.572040557861328,5344500,0.0,0.0,0.0,XLP
2013-09-18 00:00:00-04:00,29.550524327444613,29.94500892778116,29.399903382310253,29.923492431640625,12763900,0.0,0.0,0.0,XLP
2013-09-19 00:00:00-04:00,29.973695862521218,30.009557597198857,29.7226582476278,29.78721046447754,6148500,0.0,0.0,0.0,XLP
2013-09-20 00:00:00-04:00,29.780713193445212,29.780713193445212,29.55696261761616,29.578615188598633,7279100,0.261,0.0,0.0,XLP
2013-09-23 00:00:00-04:00,29.549733661990096,29.549733661990096,29.383724247152717,29.448684692382812,5586800,0.0,0.0,0.0,XLP
2013-09-24 00:00:00-04:00,29.44868956440212,29.49921405756458,29.26824415928522,29.311552047729492,6855000,0.0,0.0,0.0,XLP
2013-09-25 00:00:00-04:00,29.297132134182092,29.3476566550224,29.01563758853469,29.066162109375,8234700,0.0,0.0,0.0,XLP
2013-09-26 00:00:00-04:00,29.10223318134377,29.21771812438965,29.051708690847338,29.21771812438965,4560300,0.0,0.0,0.0,XLP
2013-09-27 00:00:00-04:00,29.11667747369478,29.11667747369478,28.907360094107606,29.037281036376953,4453400,0.0,0.0,0.0,XLP
2013-09-30 00:00:00-04:00,28.835185646404152,28.950670633022835,28.676392757286234,28.726917266845703,8120800,0.0,0.0,0.0,XLP
2013-10-01 00:00:00-04:00,28.712475973024542,28.914576727150894,28.68360679675971,28.9001407623291,7152300,0.0,0.0,0.0,XLP
2013-10-02 00:00:00-04:00,28.81352686459797,28.842398796136592,28.568123706656515,28.835182189941406,5827400,0.0,0.0,0.0,XLP
2013-10-03 00:00:00-04:00,28.791860114472605,28.820732031793643,28.604198158641033,28.690811157226562,9686800,0.0,0.0,0.0,XLP
2013-10-04 00:00:00-04:00,28.698047190992433,28.842404121962485,28.618653494669378,28.73413848876953,5713900,0.0,0.0,0.0,XLP
2013-10-07 00:00:00-04:00,28.5681255778858,28.784659571850682,28.553689611170928,28.640302658081055,5438900,0.0,0.0,0.0,XLP
2013-10-08 00:00:00-04:00,28.69082716489356,28.82796471861619,28.611430724651306,28.640302658081055,9532300,0.0,0.0,0.0,XLP
2013-10-09 00:00:00-04:00,28.67638130475201,28.80630220698371,28.568115721811036,28.661945343017578,8706800,0.0,0.0,0.0,XLP
2013-10-10 00:00:00-04:00,28.849618608342215,29.210509498100294,28.849618608342215,29.196073532104492,6104900,0.0,0.0,0.0,XLP
2013-10-11 00:00:00-04:00,29.17442356739244,29.289911316580397,29.109465838543446,29.282691955566406,5451800,0.0,0.0,0.0,XLP
2013-10-14 00:00:00-04:00,29.123886922400537,29.412600668349164,29.095017750508347,29.405384063720703,6808200,0.0,0.0,0.0,XLP
2013-10-15 00:00:00-04:00,29.362072276567876,29.39094419800425,29.102230490396444,29.13831901550293,7792900,0.0,0.0,0.0,XLP
2013-10-16 00:00:00-04:00,29.246601117739637,29.5858394709347,29.246601117739637,29.57140350341797,7034800,0.0,0.0,0.0,XLP
2013-10-17 00:00:00-04:00,29.47756625227097,29.910634193164338,29.47756625227097,29.903417587280273,8498700,0.0,0.0,0.0,XLP
2013-10-18 00:00:00-04:00,29.94672203063965,29.990027167709734,29.845670286259615,29.94672203063965,5861400,0.0,0.0,0.0,XLP
2013-10-21 00:00:00-04:00,29.903412210692615,29.961153307519854,29.75905533855703,29.881759643554688,3646400,0.0,0.0,0.0,XLP
2013-10-22 00:00:00-04:00,29.953946378203224,30.336489872554353,29.939510410988948,30.25709342956543,9404700,0.0,0.0,0.0,XLP
2013-10-23 00:00:00-04:00,30.184907957241755,30.379789330400115,30.170471994039826,30.314828872680664,8809800,0.0,0.0,0.0,XLP
2013-10-24 00:00:00-04:00,30.37258116727965,30.37258116727965,30.213788281301806,30.25709342956543,7754800,0.0,0.0,0.0,XLP
2013-10-25 00:00:00-04:00,30.26431655471854,30.35814897659442,30.170484132842663,30.32927703857422,4301900,0.0,0.0,0.0,XLP
2013-10-28 00:00:00-04:00,30.423097007787785,30.820076356247096,30.379789118484098,30.72624397277832,33007100,0.0,0.0,0.0,XLP
2013-10-29 00:00:00-04:00,30.791207211383163,30.993305206298828,30.70459417833055,30.993305206298828,15133400,0.0,0.0,0.0,XLP
2013-10-30 00:00:00-04:00,31.02939369114728,31.02939369114728,30.646847552410772,30.72624397277832,11872100,0.0,0.0,0.0,XLP
2013-10-31 00:00:00-04:00,30.668503219899936,30.7406802828423,30.524146340636747,30.56745147705078,11588100,0.0,0.0,0.0,XLP
2013-11-01 00:00:00-04:00,30.574677725305257,30.726251243668038,30.509717252667052,30.68294334411621,9055000,0.0,0.0,0.0,XLP
2013-11-04 00:00:00-05:00,30.75512468940167,30.834521132462285,30.6035511635837,30.711816787719727,5305500,0.0,0.0,0.0,XLP
2013-11-05 00:00:00-05:00,30.682936451189548,30.863381862049792,30.589106819974713,30.76955223083496,6804500,0.0,0.0,0.0,XLP
2013-11-06 00:00:00-05:00,30.928345122483336,31.108790549693573,30.783990983418114,31.101573944091797,7356400,0.0,0.0,0.0,XLP
2013-11-07 00:00:00-05:00,31.079915458801732,31.094351420636556,30.58188441232399,30.6468448638916,11993800,0.0,0.0,0.0,XLP
2013-11-08 00:00:00-05:00,30.65407152843726,30.798425674438477,30.408665625504813,30.798425674438477,15162000,0.0,0.0,0.0,XLP
2013-11-11 00:00:00-05:00,30.7840015583264,30.841742683111953,30.675733163456453,30.704605102539062,7981900,0.0,0.0,0.0,XLP
2013-11-12 00:00:00-05:00,30.632416900134285,30.776773802795695,30.603547722305127,30.7551212310791,5657100,0.0,0.0,0.0,XLP
2013-11-13 00:00:00-05:00,30.646849140615377,31.02939529917649,30.617977212916696,31.01495933532715,7651500,0.0,0.0,0.0,XLP
2013-11-14 00:00:00-05:00,31.02939959678034,31.27480550945097,31.00774427131776,31.23871421813965,5891500,0.0,0.0,0.0,XLP
2013-11-15 00:00:00-05:00,31.224270195452746,31.34697449681599,31.144876533839167,31.274797439575195,3054000,0.0,0.0,0.0,XLP
2013-11-18 00:00:00-05:00,31.368635101922305,31.368635101922305,31.11601258346356,31.180973052978516,3924900,0.0,0.0,0.0,XLP
2013-11-19 00:00:00-05:00,31.13766206919336,31.173750603484862,31.01496050192651,31.06548500061035,7013200,0.0,0.0,0.0,XLP
2013-11-20 00:00:00-05:00,31.10157158381871,31.18096800630648,30.84172974781456,30.935562133789062,7392100,0.0,0.0,0.0,XLP
2013-11-21 00:00:00-05:00,30.93556410205664,31.01496052959599,30.863384280030566,30.993305206298828,6777800,0.0,0.0,0.0,XLP
2013-11-22 00:00:00-05:00,31.04383694980426,31.173757906392495,30.935571321566947,31.1521053314209,5443000,0.0,0.0,0.0,XLP
2013-11-25 00:00:00-05:00,31.253147442137507,31.282019371302034,31.058266050345004,31.101573944091797,4447200,0.0,0.0,0.0,XLP
2013-11-26 00:00:00-05:00,31.13765713858078,31.217053553476962,31.02217219510767,31.072696685791016,3854300,0.0,0.0,0.0,XLP
2013-11-27 00:00:00-05:00,31.173759771046292,31.173759771046292,31.00775026178245,31.0943660736084,3257000,0.0,0.0,0.0,XLP
2013-11-29 00:00:00-05:00,31.159308180008384,31.23148798700775,31.00773471537687,31.0438232421875,2642100,0.0,0.0,0.0,XLP
2013-12-02 00:00:00-05:00,31.058275990331662,31.06549535162266,30.805653412738703,30.877830505371094,5041700,0.0,0.0,0.0,XLP
2013-12-03 00:00:00-05:00,30.841736963321125,31.043834992659725,30.841736963321125,31.029401779174805,6124800,0.0,0.0,0.0,XLP
2013-12-04 00:00:00-05:00,30.949999657399495,31.036612689307358,30.711810377929574,30.957216262817383,8093100,0.0,0.0,0.0,XLP
2013-12-05 00:00:00-05:00,30.84895669531611,30.885045236221732,30.632419943124027,30.67572784423828,6060000,0.0,0.0,0.0,XLP
2013-12-06 00:00:00-05:00,30.9139205957069,31.130454618512804,30.863393328785357,31.0943660736084,7108600,0.0,0.0,0.0,XLP
2013-12-09 00:00:00-05:00,31.224285481149238,31.310901296294432,31.14489178066886,31.202632904052734,5513100,0.0,0.0,0.0,XLP
2013-12-10 00:00:00-05:00,31.137660115846288,31.173748647873865,30.84894910624718,30.935562133789062,3341900,0.0,0.0,0.0,XLP
2013-12-11 00:00:00-05:00,30.928343942945432,31.13044468601075,30.928343942945432,30.986087799072266,21705800,0.0,0.0,0.0,XLP
2013-12-12 00:00:00-05:00,30.978871780410827,30.978871780410827,30.53136786069382,30.560239791870117,9662500,0.0,0.0,0.0,XLP
2013-12-13 00:00:00-05:00,30.654069107216266,30.654069107216266,30.415879829045796,30.50971221923828,5929000,0.0,0.0,0.0,XLP
2013-12-16 00:00:00-05:00,30.567449543857002,30.690153847152917,30.43752863607464,30.50248908996582,5893100,0.0,0.0,0.0,XLP
2013-12-17 00:00:00-05:00,30.473625913584602,30.516931055779096,30.28596111947903,30.35814094543457,7247300,0.0,0.0,0.0,XLP
2013-12-18 00:00:00-05:00,30.394240942849713,30.877833568901256,30.091091066281695,30.8633975982666,11754200,0.0,0.0,0.0,XLP
2013-12-19 00:00:00-05:00,30.78399813584472,30.841739254210772,30.625205241924206,30.80565071105957,5698800,0.0,0.0,0.0,XLP
2013-12-20 00:00:00-05:00,30.799829588987784,31.02528389391651,30.75619524076999,30.945283889770508,11007300,0.322,0.0,0.0,XLP
2013-12-23 00:00:00-05:00,31.01800913548472,31.047097773106167,30.80710056044826,30.916189193725586,6601700,0.0,0.0,0.0,XLP
2013-12-24 00:00:00-05:00,30.91618268499125,31.025274069611477,30.86527411198425,30.959819793701172,5915300,0.0,0.0,0.0,XLP
2013-12-26 00:00:00-05:00,30.98165133066895,31.083471298217773,30.938016976029893,31.083471298217773,15154600,0.0,0.0,0.0,XLP
2013-12-27 00:00:00-05:00,31.134381323266428,31.214378568545072,31.09801566031819,31.156198501586914,3590500,0.0,0.0,0.0,XLP
2013-12-30 00:00:00-05:00,31.156190796094677,31.258007968823144,31.148919329889736,31.236190795898438,3245700,0.0,0.0,0.0,XLP
2013-12-31 00:00:00-05:00,31.287096553020753,31.323459429376985,31.134370807738797,31.258005142211914,6516500,0.0,0.0,0.0,XLP
2014-01-02 00:00:00-05:00,31.16345672412313,31.178002428257923,30.82164238703839,30.87255096435547,14997000,0.0,0.0,0.0,XLP
2014-01-03 00:00:00-05:00,30.938004388878024,30.98891296478502,30.792550125868328,30.814367294311523,6298600,0.0,0.0,0.0,XLP
2014-01-06 00:00:00-05:00,30.894368523102038,30.930731396743003,30.625279928987606,30.69800567626953,9498600,0.0,0.0,0.0,XLP
2014-01-07 00:00:00-05:00,30.858012499445884,30.938012503800376,30.719832439212695,30.865283966064453,7479100,0.0,0.0,0.0,XLP
2014-01-08 00:00:00-05:00,30.85801505416199,30.85801505416199,30.56710642775424,30.63256072998047,23824100,0.0,0.0,0.0,XLP
2014-01-09 00:00:00-05:00,30.712554859688552,30.836191973244677,30.588920520442166,30.79255485534668,24438600,0.0,0.0,0.0,XLP
2014-01-10 00:00:00-05:00,30.87254832539628,30.945274065544314,30.71982260649992,30.836185455322266,15903800,0.0,0.0,0.0,XLP
2014-01-13 00:00:00-05:00,30.836189666156766,30.938006825991312,30.625281106894043,30.661643981933594,9275100,0.0,0.0,0.0,XLP
2014-01-14 00:00:00-05:00,30.741643840015424,30.87255240904506,30.683461020753576,30.821643829345703,10885000,0.0,0.0,0.0,XLP
2014-01-15 00:00:00-05:00,30.85800986964637,30.93800986718306,30.756192699803247,30.82891845703125,4384200,0.0,0.0,0.0,XLP
2014-01-16 00:00:00-05:00,30.7416397736825,30.879819789687424,30.676185497825607,30.836185455322266,6522100,0.0,0.0,0.0,XLP
2014-01-17 00:00:00-05:00,30.79983341746647,30.821653368597662,30.56710761700986,30.59619903564453,8233800,0.0,0.0,0.0,XLP
2014-01-21 00:00:00-05:00,30.683467330724397,30.79255875211995,30.508924385663615,30.71255874633789,5618400,0.0,0.0,0.0,XLP
2014-01-22 00:00:00-05:00,30.734375920892965,30.821650167733445,30.67619586397607,30.71255874633789,3615300,0.0,0.0,0.0,XLP
2014-01-23 00:00:00-05:00,30.60347192970336,30.60347192970336,30.334380480648814,30.443471908569336,8916700,0.0,0.0,0.0,XLP
2014-01-24 00:00:00-05:00,30.39982855626301,30.530737133231767,30.138011402325493,30.167102813720703,18509700,0.0,0.0,0.0,XLP
2014-01-27 00:00:00-05:00,30.181652350240356,30.218015231944904,29.99256370079069,30.043472290039062,8451500,0.0,0.0,0.0,XLP
2014-01-28 00:00:00-05:00,30.094374566730735,30.33437175508728,30.079828862238,30.27619171142578,5022200,0.0,0.0,0.0,XLP
2014-01-29 00:00:00-05:00,30.07982983272655,30.123464173303116,29.665286951391888,29.74528694152832,36942400,0.0,0.0,0.0,XLP
2014-01-30 00:00:00-05:00,29.85437755307797,29.905286136676573,29.738014679951203,29.788923263549805,19016600,0.0,0.0,0.0,XLP
2014-01-31 00:00:00-05:00,29.44710497391477,29.847102123776786,29.323467877086514,29.643465042114258,21959500,0.0,0.0,0.0,XLP
2014-02-03 00:00:00-05:00,29.607104792559237,29.68710478448177,28.967110405798184,29.00347328186035,41150000,0.0,0.0,0.0,XLP
2014-02-04 00:00:00-05:00,29.11983372120883,29.21437663622353,29.05437944003207,29.15619659423828,11694000,0.0,0.0,0.0,XLP
2014-02-05 00:00:00-05:00,29.083469935851436,29.228921423406533,29.0107414177646,29.17801284790039,9453300,0.0,0.0,0.0,XLP
2014-02-06 00:00:00-05:00,29.30891699395953,29.527096966756478,29.294371292531885,29.490734100341797,12794100,0.0,0.0,0.0,XLP
2014-02-07 00:00:00-05:00,29.599837444633934,29.788926091046644,29.527108908082894,29.767108917236328,6986300,0.0,0.0,0.0,XLP
2014-02-10 00:00:00-05:00,29.745288584621754,29.905285799423126,29.694380001597267,29.883468627929688,5645800,0.0,0.0,0.0,XLP
2014-02-11 00:00:00-05:00,29.927102021910827,30.247099186011518,29.81073916457336,30.232553482055664,9688100,0.0,0.0,0.0,XLP
2014-02-12 00:00:00-05:00,30.298016954245185,30.298016954245185,29.99983686846437,30.101654052734375,8852500,0.0,0.0,0.0,XLP
2014-02-13 00:00:00-05:00,29.883465890110568,30.268917347499304,29.83982877681187,30.254371643066406,5708600,0.0,0.0,0.0,XLP
2014-02-14 00:00:00-05:00,30.188913187946163,30.508913092624717,30.101641747719764,30.428913116455078,7234700,0.0,0.0,0.0,XLP
2014-02-18 00:00:00-05:00,30.392554448024214,30.42164585689001,30.145283021283838,30.254371643066406,7130400,0.0,0.0,0.0,XLP
2014-02-19 00:00:00-05:00,30.21802002382686,30.31983721846947,30.07256569963293,30.188928604125977,6085300,0.0,0.0,0.0,XLP
2014-02-20 00:00:00-05:00,30.145279427632925,30.41436799178959,30.09437085534137,30.319822311401367,6793100,0.0,0.0,0.0,XLP
2014-02-21 00:00:00-05:00,30.35619157409669,30.458008730817532,30.24710017800468,30.254371643066406,5702300,0.0,0.0,0.0,XLP
2014-02-24 00:00:00-05:00,30.27618909566447,30.56709483745759,30.26891485689184,30.363460540771484,3302300,0.0,0.0,0.0,XLP
2014-02-25 00:00:00-05:00,30.35620114505795,30.625289826133514,30.35620114505795,30.479835510253906,6304200,0.0,0.0,0.0,XLP
2014-02-26 00:00:00-05:00,30.54527313260451,30.632544564748343,30.392547432775604,30.450727462768555,4877300,0.0,0.0,0.0,XLP
2014-02-27 00:00:00-05:00,30.407103429718507,30.588920593261722,30.392557723717882,30.58892059326172,4172400,0.0,0.0,0.0,XLP
2014-02-28 00:00:00-05:00,30.581641844414357,30.923458949260166,30.559824675784824,30.799821853637695,5404800,0.0,0.0,0.0,XLP
2014-03-03 00:00:00-05:00,30.552560719002827,30.705289273737545,30.450743532053195,30.63256072998047,8829800,0.0,0.0,0.0,XLP
2014-03-04 00:00:00-05:00,30.836192356436538,31.11255245029555,30.836192356436538,31.04709815979004,7275500,0.0,0.0,0.0,XLP
2014-03-05 00:00:00-05:00,31.018012427316886,31.06164677553468,30.938012423170886,30.945283889770508,8090900,0.0,0.0,0.0,XLP
2014-03-06 00:00:00-05:00,31.00347310895357,31.025290287558516,30.93801879882813,30.938018798828125,6145900,0.0,0.0,0.0,XLP
2014-03-07 00:00:00-05:00,31.04710671359857,31.054380955830965,30.894380918444728,31.02528953552246,4123200,0.0,0.0,0.0,XLP
2014-03-10 00:00:00-04:00,30.938006110756163,31.06164043789431,30.938006110756163,31.05436897277832,4901200,0.0,0.0,0.0,XLP
2014-03-11 00:00:00-04:00,31.134376877906202,31.163465520076723,30.974376861572544,31.039831161499023,10017400,0.0,0.0,0.0,XLP
2014-03-12 00:00:00-04:00,30.894367563190396,31.119821811654408,30.894367563190396,31.105276107788086,5203700,0.0,0.0,0.0,XLP
2014-03-13 00:00:00-04:00,31.127093788711296,31.250730886455152,30.901642310846224,30.952550888061523,9738900,0.0,0.0,0.0,XLP
2014-03-14 00:00:00-04:00,30.836187767206948,31.105276355100063,30.82891352806128,30.96709632873535,5299600,0.0,0.0,0.0,XLP
2014-03-17 00:00:00-04:00,31.068918155077263,31.192552496054653,31.018009570638366,31.14891815185547,4161400,0.0,0.0,0.0,XLP
2014-03-18 00:00:00-04:00,31.19982016934566,31.265274446177372,31.105274486297805,31.21436309814453,3575000,0.0,0.0,0.0,XLP
2014-03-19 00:00:00-04:00,31.185279524231735,31.272550982725665,30.82164521047911,30.9743709564209,10676900,0.0,0.0,0.0,XLP
2014-03-20 00:00:00-04:00,30.87256266976087,31.11983418518713,30.82165407314168,31.083471298217773,9907900,0.0,0.0,0.0,XLP
2014-03-21 00:00:00-04:00,31.190184132148072,31.365616446763262,31.065921783447266,31.065921783447266,7454000,0.216,0.0,0.0,XLP
2014-03-24 00:00:00-04:00,31.080529443731642,31.24134210469369,30.99281471429824,31.036670684814453,6111300,0.0,0.0,0.0,XLP
2014-03-25 00:00:00-04:00,31.15363912895401,31.30714346261741,31.15363912895401,31.26328468322754,9086100,0.0,0.0,0.0,XLP
2014-03-26 00:00:00-04:00,31.321751430125225,31.41677736445788,31.19017791748047,31.19017791748047,7102300,0.0,0.0,0.0,XLP
2014-03-27 00:00:00-04:00,31.117085772676585,31.32906565116637,31.117085772676585,31.16825294494629,10552500,0.0,0.0,0.0,XLP
2014-03-28 00:00:00-04:00,31.19016744608294,31.3363604986518,31.19016744608294,31.248645782470703,4522600,0.0,0.0,0.0,XLP
2014-03-31 00:00:00-04:00,31.424098319709785,31.511813092600708,31.32176116486763,31.475265502929688,8973400,0.0,0.0,0.0,XLP
2014-04-01 00:00:00-04:00,31.43871004924668,31.533735997771792,31.35099529051683,31.42409324645996,6524200,0.0,0.0,0.0,XLP
2014-04-02 00:00:00-04:00,31.446022269294314,31.53373703089792,31.365615909323505,31.460641860961914,6705400,0.0,0.0,0.0,XLP
2014-04-03 00:00:00-04:00,31.46064288930125,31.562977245917416,31.424095303138632,31.497190475463867,4430400,0.0,0.0,0.0,XLP
2014-04-04 00:00:00-04:00,31.592221564750208,31.665316748955274,31.35100243774891,31.394861221313477,8815700,0.0,0.0,0.0,XLP
2014-04-07 00:00:00-04:00,31.32175610813958,31.562975180149046,31.32175610813958,31.42409324645996,15088000,0.0,0.0,0.0,XLP
2014-04-08 00:00:00-04:00,31.431400291438994,31.599521400250104,31.387541519765833,31.584901809692383,7688000,0.0,0.0,0.0,XLP
2014-04-09 00:00:00-04:00,31.59220997900253,31.723783493041992,31.555659611901497,31.723783493041992,5559000,0.0,0.0,0.0,XLP
2014-04-10 00:00:00-04:00,31.72378572994222,31.891906834535714,31.387540732353518,31.40947151184082,6121800,0.0,0.0,0.0,XLP
2014-04-11 00:00:00-04:00,31.38752764879082,31.51910111726274,31.212098216428625,31.248645782470703,15474700,0.0,0.0,0.0,XLP
2014-04-14 00:00:00-04:00,31.416784112864857,31.54835765377195,31.29252176223154,31.497190475463867,4333800,0.0,0.0,0.0,XLP
2014-04-15 00:00:00-04:00,31.606833939444126,31.621450742224248,31.3802344587256,31.577594757080078,6318800,0.0,0.0,0.0,XLP
2014-04-16 00:00:00-04:00,31.75302044724538,31.884593963623043,31.657997298618287,31.884593963623047,4314800,0.0,0.0,0.0,XLP
2014-04-17 00:00:00-04:00,31.826133300720354,31.921156493853367,31.716487722917183,31.89192008972168,4209600,0.0,0.0,0.0,XLP
2014-04-21 00:00:00-04:00,31.811496819755842,31.92845073941518,31.753018465725475,31.906522750854492,3739700,0.0,0.0,0.0,XLP
2014-04-22 00:00:00-04:00,31.935776090120648,31.957706878723005,31.840752896987635,31.89192008972168,5669400,0.0,0.0,0.0,XLP
2014-04-23 00:00:00-04:00,31.89189782412552,31.935753793906077,31.840730667114254,31.840730667114258,11037100,0.0,0.0,0.0,XLP
2014-04-24 00:00:00-04:00,31.826123933575015,32.008864650527,31.796884749646203,31.96500587463379,3946200,0.0,0.0,0.0,XLP
2014-04-25 00:00:00-04:00,31.935763589025473,32.03078953336393,31.869976825776046,32.00886154174805,6647400,0.0,0.0,0.0,XLP
2014-04-28 00:00:00-04:00,32.08195384932193,32.440126814764476,32.008858691509914,32.37434005737305,7214200,0.0,0.0,0.0,XLP
2014-04-29 00:00:00-04:00,32.345103909416075,32.403582271865965,32.23545837402344,32.23545837402344,4222300,0.0,0.0,0.0,XLP
2014-04-30 00:00:00-04:00,32.162366753983335,32.337799072265625,32.162366753983335,32.337799072265625,4855000,0.0,0.0,0.0,XLP
2014-05-01 00:00:00-04:00,32.27201183189818,32.33779860174658,32.12581870019042,32.30855941772461,9711100,0.0,0.0,0.0,XLP
2014-05-02 00:00:00-04:00,32.30855941772461,32.352415405355494,32.206225062049796,32.30855941772461,5245300,0.0,0.0,0.0,XLP
2014-05-05 00:00:00-04:00,32.18429120108069,32.323175917698265,32.08195685519519,32.23545837402344,3279600,0.0,0.0,0.0,XLP
2014-05-06 00:00:00-04:00,32.140445435974634,32.19892102861372,32.02349146229378,32.030799865722656,4471900,0.0,0.0,0.0,XLP
2014-05-07 00:00:00-04:00,32.10388838508854,32.35972706640012,32.10388838508854,32.337799072265625,7554300,0.0,0.0,0.0,XLP
2014-05-08 00:00:00-04:00,32.33779684678042,32.505917963179726,32.2793184819101,32.38165283203125,4197900,0.0,0.0,0.0,XLP
2014-05-09 00:00:00-04:00,32.35241553175187,32.542467440235086,32.315867945782664,32.53515625,2792400,0.0,0.0,0.0,XLP
2014-05-12 00:00:00-04:00,32.57901931323015,32.67404527997609,32.51323253446795,32.56439971923828,4824900,0.0,0.0,0.0,XLP
2014-05-13 00:00:00-04:00,32.557077578778234,32.67403149296131,32.549766390666086,32.63017272949219,2518600,0.0,0.0,0.0,XLP
2014-05-14 00:00:00-04:00,32.60825158277798,32.62287117366804,32.41819968960909,32.454750061035156,3165700,0.0,0.0,0.0,XLP
2014-05-15 00:00:00-04:00,32.35972198564669,32.3816499763383,32.11850293443226,32.16967010498047,4726400,0.0,0.0,0.0,XLP
2014-05-16 00:00:00-04:00,32.21353717560745,32.38165832050215,32.16967839452094,32.36703872680664,6381700,0.0,0.0,0.0,XLP
2014-05-19 00:00:00-04:00,32.28662705177255,32.34510541694798,32.206223482259226,32.301246643066406,2805300,0.0,0.0,0.0,XLP
2014-05-20 00:00:00-04:00,32.30125726409617,32.30125726409617,32.1331360915395,32.184303283691406,6246800,0.0,0.0,0.0,XLP
2014-05-21 00:00:00-04:00,32.18429798821645,32.38896951155109,32.15506158922783,32.36703872680664,5037700,0.0,0.0,0.0,XLP
2014-05-22 00:00:00-04:00,32.35241214513172,32.37434292513922,32.23545820923163,32.31586456298828,2898300,0.0,0.0,0.0,XLP
2014-05-23 00:00:00-04:00,32.30856314042702,32.41089750789315,32.30856314042702,32.36703872680664,2710000,0.0,0.0,0.0,XLP
2014-05-27 00:00:00-04:00,32.4474388713892,32.476678053169316,32.36703251569481,32.454750061035156,3520700,0.0,0.0,0.0,XLP
2014-05-28 00:00:00-04:00,32.4839914786234,32.51323066492586,32.403587898895054,32.41089630126953,3903100,0.0,0.0,0.0,XLP
2014-05-29 00:00:00-04:00,32.440128484768145,32.71789232947418,32.440128484768145,32.666725158691406,6683400,0.0,0.0,0.0,XLP
2014-05-30 00:00:00-04:00,32.571692325710046,32.95179318741376,32.571692325710046,32.92255401611328,4482600,0.0,0.0,0.0,XLP
2014-06-02 00:00:00-04:00,32.86408344600397,32.900631024572796,32.80560787797414,32.84215545654297,3273000,0.0,0.0,0.0,XLP
2014-06-03 00:00:00-04:00,32.79829198503269,32.82022275974972,32.71057725136793,32.725196838378906,2674000,0.0,0.0,0.0,XLP
2014-06-04 00:00:00-04:00,32.703273542620806,32.886014223866475,32.688653953512976,32.84215545654297,3149000,0.0,0.0,0.0,XLP
2014-06-05 00:00:00-04:00,32.84947447065717,33.01759561711543,32.798307286448235,32.97373962402344,3905400,0.0,0.0,0.0,XLP
2014-06-06 00:00:00-04:00,32.98104078932732,33.06875833306725,32.973732388216554,33.06144714355469,2562200,0.0,0.0,0.0,XLP
2014-06-09 00:00:00-04:00,32.98835642913585,33.09069078890273,32.95911724394469,33.010284423828125,6310400,0.0,0.0,0.0,XLP
2014-06-10 00:00:00-04:00,32.91525846615795,33.04683201111599,32.90063887356237,33.010284423828125,4362000,0.0,0.0,0.0,XLP
2014-06-11 00:00:00-04:00,32.94448200038821,33.01026874161388,32.87138686053786,32.92255401611328,4977900,0.0,0.0,0.0,XLP
2014-06-12 00:00:00-04:00,32.85678078949661,32.9225675577816,32.630181301314536,32.68865966796875,5186300,0.0,0.0,0.0,XLP
2014-06-13 00:00:00-04:00,32.732521708790436,32.73983290017549,32.608259339269566,32.68135452270508,1936700,0.0,0.0,0.0,XLP
2014-06-16 00:00:00-04:00,32.67404473081979,32.83485468522273,32.579018765670966,32.80561828613281,18205200,0.0,0.0,0.0,XLP
2014-06-17 00:00:00-04:00,32.856785470043164,32.856785470043164,32.69597272723783,32.80561828613281,4897800,0.0,0.0,0.0,XLP
2014-06-18 00:00:00-04:00,32.769055370792685,33.20032063680278,32.73250500931968,33.19301223754883,22633400,0.0,0.0,0.0,XLP
2014-06-19 00:00:00-04:00,33.22225437647053,33.412303446447105,33.20032359994918,33.38306427001953,11404200,0.0,0.0,0.0,XLP
2014-06-20 00:00:00-04:00,33.47212532843405,33.49420366859306,33.25869201516242,33.2807731628418,5165400,0.311,0.0,0.0,XLP
2014-06-23 00:00:00-04:00,33.28076868488786,33.28812719477732,33.0452570631455,33.09677505493164,3370700,0.0,0.0,0.0,XLP
2014-06-24 00:00:00-04:00,33.04527227340148,33.08207045482639,32.89807674018055,32.979034423828125,3677200,0.0,0.0,0.0,XLP
2014-06-25 00:00:00-04:00,32.86126766554794,32.94958383319599,32.80238834876901,32.92750549316406,6083000,0.0,0.0,0.0,XLP
2014-06-26 00:00:00-04:00,32.861259960218376,32.90541662992834,32.67726634970768,32.80974197387695,15990200,0.0,0.0,0.0,XLP
2014-06-27 00:00:00-04:00,32.809760556162175,32.92751642128098,32.677284856963354,32.86863708496094,4692800,0.0,0.0,0.0,XLP
2014-06-30 00:00:00-04:00,32.75086384257662,33.037893436038736,32.75086384257662,32.83917999267578,12049100,0.0,0.0,0.0,XLP
2014-07-01 00:00:00-04:00,32.89070724173137,33.008463077526095,32.76559289448972,32.91278839111328,5099600,0.0,0.0,0.0,XLP
2014-07-02 00:00:00-04:00,32.92749088292277,33.06732498694648,32.92749088292277,33.0010871887207,3093000,0.0,0.0,0.0,XLP
2014-07-03 00:00:00-04:00,33.02317762489064,33.229252410204,32.97902094823217,33.18509292602539,2303400,0.0,0.0,0.0,XLP
2014-07-07 00:00:00-04:00,33.11885839862286,33.266053886343045,33.082060228572914,33.23661422729492,5813700,0.0,0.0,0.0,XLP
2014-07-08 00:00:00-04:00,33.18508802046367,33.27340416824547,33.1409285428129,33.17036819458008,4629500,0.0,0.0,0.0,XLP
2014-07-09 00:00:00-04:00,33.214537543077185,33.34701320787947,33.20717622418786,33.31757354736328,5296000,0.0,0.0,0.0,XLP
2014-07-10 00:00:00-04:00,33.111509645914914,33.30286187108028,33.082069978190624,33.26606369018555,3871200,0.0,0.0,0.0,XLP
2014-07-11 00:00:00-04:00,33.266054499774604,33.3470121598896,33.1630184987266,33.310211181640625,3100500,0.0,0.0,0.0,XLP
2014-07-14 00:00:00-04:00,33.398530219410674,33.47948787966868,33.3764490709182,33.4279670715332,4135600,0.0,0.0,0.0,XLP
2014-07-15 00:00:00-04:00,33.3838030617539,33.3838030617539,33.10413197157495,33.13357162475586,7181800,0.0,0.0,0.0,XLP
2014-07-16 00:00:00-04:00,33.266054956394655,33.30285312762827,33.08941980394462,33.14093780517578,4513100,0.0,0.0,0.0,XLP
2014-07-17 00:00:00-04:00,33.14830503532957,33.19982304574802,32.91279332841065,32.934871673583984,3965200,0.0,0.0,0.0,XLP
2014-07-18 00:00:00-04:00,32.97167262798518,33.28814203721814,32.96431411481473,33.26606369018555,5929300,0.0,0.0,0.0,XLP
2014-07-21 00:00:00-04:00,33.140929001637424,33.140929001637424,33.00109486508697,33.11149215698242,5085300,0.0,0.0,0.0,XLP
2014-07-22 00:00:00-04:00,33.06732831413473,33.14092462733782,32.98637068509969,33.052608489990234,13404200,0.0,0.0,0.0,XLP
2014-07-23 00:00:00-04:00,33.11150363155148,33.126220655219186,32.97902795837628,33.00846481323242,2796500,0.0,0.0,0.0,XLP
2014-07-24 00:00:00-04:00,33.067335400333846,33.15565155660724,33.02317591843716,33.09677505493164,3449600,0.0,0.0,0.0,XLP
2014-07-25 00:00:00-04:00,33.06734570807344,33.096785371848156,32.89071053294603,32.96430969238281,2477800,0.0,0.0,0.0,XLP
2014-07-28 00:00:00-04:00,32.93485518575803,32.99373448677214,32.75086158136832,32.795021057128906,30101200,0.0,0.0,0.0,XLP
2014-07-29 00:00:00-04:00,32.8318169252897,32.92013306312801,32.64046201786739,32.647823333740234,6319100,0.0,0.0,0.0,XLP
2014-07-30 00:00:00-04:00,32.69936035149752,32.7435198498849,32.30193328857422,32.30193328857422,22406900,0.0,0.0,0.0,XLP
2014-07-31 00:00:00-04:00,32.02961390470376,32.117930067774026,31.7278644406535,31.749942779541016,10784500,0.0,0.0,0.0,XLP
2014-08-01 00:00:00-04:00,31.705777827592495,32.13264151063479,31.705777827592495,31.992807388305664,11890000,0.0,0.0,0.0,XLP
2014-08-04 00:00:00-04:00,32.036972584155784,32.15472840471071,31.904496935091473,32.09585189819336,5024400,0.0,0.0,0.0,XLP
2014-08-05 00:00:00-04:00,32.000170298326445,32.16208558357158,31.823537993986164,31.956010818481445,4571700,0.0,0.0,0.0,XLP
2014-08-06 00:00:00-04:00,31.639549580911616,32.25040704463097,31.62482975187352,32.228328704833984,27891900,0.0,0.0,0.0,XLP
2014-08-07 00:00:00-04:00,32.30928788617565,32.30928788617565,31.88978256510518,31.96337890625,5532600,0.0,0.0,0.0,XLP
2014-08-08 00:00:00-04:00,31.992831708187946,32.31665967278046,31.96339203662819,32.2872200012207,5259400,0.0,0.0,0.0,XLP
2014-08-11 00:00:00-04:00,32.40495305496876,32.66990429734054,32.37551621166494,32.515350341796875,23734600,0.0,0.0,0.0,XLP
2014-08-12 00:00:00-04:00,32.50062938271281,32.552147366097,32.41231324084269,32.49327087402344,3954200,0.0,0.0,0.0,XLP
2014-08-13 00:00:00-04:00,32.5668803976934,32.64783806370453,32.46384438914129,32.588958740234375,2704300,0.0,0.0,0.0,XLP
2014-08-14 00:00:00-04:00,32.69934576719724,32.72878541965839,32.55215031241128,32.7214241027832,2196100,0.0,0.0,0.0,XLP
2014-08-15 00:00:00-04:00,32.89068586014561,32.97164347103565,32.58893655161285,32.76557159423828,4542700,0.0,0.0,0.0,XLP
2014-08-18 00:00:00-04:00,32.84654519845142,32.9863793532908,32.80974703218002,32.956939697265625,4427600,0.0,0.0,0.0,XLP
2014-08-19 00:00:00-04:00,33.015821724610284,33.0820595523544,32.875984750750284,33.04526138305664,2627900,0.0,0.0,0.0,XLP
2014-08-20 00:00:00-04:00,32.96429017133151,33.05996481066068,32.92749201716497,33.02316665649414,5580000,0.0,0.0,0.0,XLP
2014-08-21 00:00:00-04:00,33.03790608655684,33.22926109381636,33.03790608655684,33.08206558227539,1724000,0.0,0.0,0.0,XLP
2014-08-22 00:00:00-04:00,33.11884296250886,33.170360938071234,33.0010871887207,33.0010871887207,5176500,0.0,0.0,0.0,XLP
2014-08-25 00:00:00-04:00,33.155653269906324,33.229252410204,33.12621361378725,33.18509292602539,1985200,0.0,0.0,0.0,XLP
2014-08-26 00:00:00-04:00,33.20716631363001,33.25868430039771,33.140928500997305,33.16300964355469,1792300,0.0,0.0,0.0,XLP
2014-08-27 00:00:00-04:00,33.19245902830011,33.19245902830011,33.111504166736324,33.17774200439453,2054500,0.0,0.0,0.0,XLP
2014-08-28 00:00:00-04:00,33.089415488027655,33.19981279484965,33.059975831872435,33.19245147705078,2797700,0.0,0.0,0.0,XLP
2014-08-29 00:00:00-04:00,33.22189327027357,33.24397161005015,33.11149876387035,33.214534759521484,3076400,0.0,0.0,0.0,XLP
2014-09-02 00:00:00-04:00,33.25132256507329,33.37643686150734,33.12620546111979,33.229244232177734,11691900,0.0,0.0,0.0,XLP
2014-09-03 00:00:00-04:00,33.310211656543885,33.32493148654924,33.21453697278983,33.25133514404297,2391400,0.0,0.0,0.0,XLP
2014-09-04 00:00:00-04:00,33.302859735129374,33.44269393656929,33.25870023637521,33.35437774658203,4379600,0.0,0.0,0.0,XLP
2014-09-05 00:00:00-04:00,33.361721727465536,33.54571533203125,33.25132444171826,33.54571533203125,5067000,0.0,0.0,0.0,XLP
2014-09-08 00:00:00-04:00,33.43532058959491,33.501558404577835,33.28076662380802,33.29548645019531,4229500,0.0,0.0,0.0,XLP
2014-09-09 00:00:00-04:00,33.31757075517261,33.31757075517261,33.170375272448005,33.214534759521484,3452700,0.0,0.0,0.0,XLP
2014-09-10 00:00:00-04:00,33.25133144043441,33.413246744938334,33.19981344491411,33.37644577026367,4186400,0.0,0.0,0.0,XLP
2014-09-11 00:00:00-04:00,33.302846716850496,33.413244016820414,33.27340706252252,33.39116287231445,3924700,0.0,0.0,0.0,XLP
2014-09-12 00:00:00-04:00,33.3470213840704,33.36909973111055,33.08942850267668,33.15566635131836,5778400,0.0,0.0,0.0,XLP
2014-09-15 00:00:00-04:00,33.25869422633091,33.34701320787947,33.221896054445956,33.31757354736328,6105500,0.0,0.0,0.0,XLP
2014-09-16 00:00:00-04:00,33.26605295123916,33.65611859634061,33.236613293018586,33.56780242919922,8388400,0.0,0.0,0.0,XLP
2014-09-17 00:00:00-04:00,33.53100645379694,33.634042456789274,33.427967643284084,33.494205474853516,10476000,0.0,0.0,0.0,XLP
2014-09-18 00:00:00-04:00,33.54573066839479,33.59724867662451,33.47949282816787,33.560447692871094,6364600,0.0,0.0,0.0,XLP
2014-09-19 00:00:00-04:00,33.698942842685845,33.76560020527689,33.60265935776489,33.647098541259766,5411900,0.287,0.0,0.0,XLP
2014-09-22 00:00:00-04:00,33.62487891259993,33.676723211791014,33.536000549441724,33.58784484863281,6516500,0.0,0.0,0.0,XLP
2014-09-23 00:00:00-04:00,33.47675833212781,33.53600776167301,33.29159927368164,33.29159927368164,6715600,0.0,0.0,0.0,XLP
2014-09-24 00:00:00-04:00,33.284181709324876,33.735970133405374,33.284181709324876,33.72115707397461,14707300,0.0,0.0,0.0,XLP
2014-09-25 00:00:00-04:00,33.617467238493376,33.624875180585555,33.27677536010742,33.27677536010742,11438400,0.0,0.0,0.0,XLP
2014-09-26 00:00:00-04:00,33.35084658041043,33.4693482572611,33.15828241501666,33.40269088745117,3935200,0.0,0.0,0.0,XLP
2014-09-29 00:00:00-04:00,33.20270721929807,33.43971047032523,33.18048622211942,33.39527130126953,11255800,0.0,0.0,0.0,XLP
2014-09-30 00:00:00-04:00,33.41009521484375,33.491565638603696,33.291593550820885,33.41009521484375,7122400,0.0,0.0,0.0,XLP
2014-10-01 00:00:00-04:00,33.380460234210595,33.380460234210595,33.14345696905934,33.20270919799805,18044800,0.0,0.0,0.0,XLP
2014-10-02 00:00:00-04:00,33.1804886726262,33.34342947922927,33.106426210698515,33.261959075927734,16950100,0.0,0.0,0.0,XLP
2014-10-03 00:00:00-04:00,33.46193114289556,33.66930829671673,33.32861645106715,33.65449523925781,9134100,0.0,0.0,0.0,XLP
2014-10-06 00:00:00-04:00,33.74336534856382,33.74336534856382,33.44710992229363,33.6693000793457,6884100,0.0,0.0,0.0,XLP
2014-10-07 00:00:00-04:00,33.498963579362844,33.71374868229349,33.469337463378906,33.469337463378906,11318600,0.0,0.0,0.0,XLP
2014-10-08 00:00:00-04:00,33.52118880101422,33.97297727619408,33.476752442998176,33.95816421508789,9800300,0.0,0.0,0.0,XLP
2014-10-09 00:00:00-04:00,33.92854224710385,34.15073252179444,33.61747360229492,33.61747360229492,15077400,0.0,0.0,0.0,XLP
2014-10-10 00:00:00-04:00,33.64709985092765,34.1285144689683,33.64709985092765,33.78041458129883,11403400,0.0,0.0,0.0,XLP
2014-10-13 00:00:00-04:00,33.76558914069423,33.81743342513156,33.29158263995204,33.31380081176758,20244600,0.0,0.0,0.0,XLP
2014-10-14 00:00:00-04:00,33.417497626104435,33.48415498329975,33.217525554518495,33.29899597167969,12854000,0.0,0.0,0.0,XLP
2014-10-15 00:00:00-04:00,32.98793002561673,33.187902096216476,32.425045050898426,32.899051666259766,22241300,0.0,0.0,0.0,XLP
2014-10-16 00:00:00-04:00,32.46209504870954,32.825005305676065,32.35840357855829,32.654659271240234,19593400,0.0,0.0,0.0,XLP
2014-10-17 00:00:00-04:00,32.95089211552742,33.14345620453273,32.647231512475614,33.05458068847656,12534400,0.0,0.0,0.0,XLP
2014-10-20 00:00:00-04:00,32.99533234627152,33.55821727328044,32.96570622899693,33.52859115600586,17229300,0.0,0.0,0.0,XLP
2014-10-21 00:00:00-04:00,33.42489175417876,33.6693000793457,33.29157709488728,33.6693000793457,13863600,0.0,0.0,0.0,XLP
2014-10-22 00:00:00-04:00,33.69153719962612,33.97297688146609,33.63228495588982,33.74338150024414,10426900,0.0,0.0,0.0,XLP
2014-10-23 00:00:00-04:00,33.8766927853465,33.9507552571981,33.66190766155377,33.72115707397461,12604800,0.0,0.0,0.0,XLP
2014-10-24 00:00:00-04:00,33.839649395923246,34.03221629013818,33.78780511485801,34.00259017944336,9205600,0.0,0.0,0.0,XLP
2014-10-27 00:00:00-04:00,33.91372995244213,34.22479577898378,33.87669871003994,34.084075927734375,4917200,0.0,0.0,0.0,XLP
2014-10-28 00:00:00-04:00,34.23220121401204,34.23220121401204,34.069260369019936,34.21738815307617,5633500,0.0,0.0,0.0,XLP
2014-10-29 00:00:00-04:00,34.217379059050586,34.291441518743724,33.95815479952113,34.15812683105469,6381200,0.0,0.0,0.0,XLP
2014-10-30 00:00:00-04:00,34.19517087936836,34.45439523607115,33.98038853562385,34.3729248046875,5020200,0.0,0.0,0.0,XLP
2014-10-31 00:00:00-04:00,34.68397874040411,34.69138385588431,34.48400671881933,34.59510040283203,8184300,0.0,0.0,0.0,XLP
2014-11-03 00:00:00-05:00,34.54325367594402,34.75063079834496,34.54325367594402,34.72841262817383,14994800,0.0,0.0,0.0,XLP
2014-11-04 00:00:00-05:00,34.66917721647273,34.9654299643535,34.65436415528332,34.9135856628418,10508200,0.0,0.0,0.0,XLP
2014-11-05 00:00:00-05:00,35.11355794753061,35.30612209346606,34.98765116466946,35.157997131347656,7780400,0.0,0.0,0.0,XLP
2014-11-06 00:00:00-05:00,35.1950434811217,35.3061372504031,35.06913381890494,35.23207473754883,5638000,0.0,0.0,0.0,XLP
2014-11-07 00:00:00-05:00,35.18020208945361,35.35795593261719,35.046887413406296,35.35795593261719,5912000,0.0,0.0,0.0,XLP
2014-11-10 00:00:00-05:00,35.29871507469368,35.52090533120919,35.2172446547341,35.51350021362305,4209500,0.0,0.0,0.0,XLP
2014-11-11 00:00:00-05:00,35.498682671371014,35.55052696383578,35.3727730858837,35.44683837890625,3277800,0.0,0.0,0.0,XLP
2014-11-12 00:00:00-05:00,35.29871061816319,35.498682671371014,35.29130550151196,35.44683837890625,4923700,0.0,0.0,0.0,XLP
2014-11-13 00:00:00-05:00,35.476450413309905,35.743076886444356,35.44682430786132,35.572731018066406,7507100,0.0,0.0,0.0,XLP
2014-11-14 00:00:00-05:00,35.58755732333207,35.602370381572634,35.283896692655475,35.372772216796875,7544500,0.0,0.0,0.0,XLP
2014-11-17 00:00:00-05:00,35.313527618056675,35.60978317260742,35.313527618056675,35.60978317260742,4049600,0.0,0.0,0.0,XLP
2014-11-18 00:00:00-05:00,35.609783504989636,35.802347639533366,35.55053126340549,35.74309539794922,5015400,0.0,0.0,0.0,XLP
2014-11-19 00:00:00-05:00,35.72827449826288,35.928243690664296,35.683835330339484,35.891212463378906,4919500,0.0,0.0,0.0,XLP
2014-11-20 00:00:00-05:00,35.78012261384527,35.83937201878765,35.683839152349336,35.73568344116211,4076000,0.0,0.0,0.0,XLP
2014-11-21 00:00:00-05:00,36.03195119545913,36.09860856450167,35.817166025732845,35.88382339477539,5042300,0.0,0.0,0.0,XLP
2014-11-24 00:00:00-05:00,35.95046968731944,36.039345210225626,35.80234193227452,35.86159133911133,4912000,0.0,0.0,0.0,XLP
2014-11-25 00:00:00-05:00,35.86158635142998,35.98009079922569,35.80233695283366,35.891212463378906,6157500,0.0,0.0,0.0,XLP
2014-11-26 00:00:00-05:00,35.89120885365559,36.061554742277245,35.883803739063886,36.05414962768555,3644800,0.0,0.0,0.0,XLP
2014-11-28 00:00:00-05:00,36.16525824660653,36.60223078652555,36.143037244780224,36.51335525512695,4640900,0.0,0.0,0.0,XLP
2014-12-01 00:00:00-05:00,36.35040958093745,36.431877152768195,36.217094899321175,36.276344299316406,8330400,0.0,0.0,0.0,XLP
2014-12-02 00:00:00-05:00,36.261537181186206,36.43188311885808,36.23931900571225,36.402259826660156,6130900,0.0,0.0,0.0,XLP
2014-12-03 00:00:00-05:00,36.409672983842825,36.409672983842825,36.06157308960109,36.143043518066406,5909600,0.0,0.0,0.0,XLP
2014-12-04 00:00:00-05:00,36.15044119219359,36.194877540331156,35.950469149668876,36.113407135009766,8023900,0.0,0.0,0.0,XLP
2014-12-05 00:00:00-05:00,36.091201047779904,36.18748454315951,35.95788630811671,36.180076599121094,6732100,0.0,0.0,0.0,XLP
2014-12-08 00:00:00-05:00,36.143037858917914,36.29857074783381,36.00972314690365,36.10600662231445,4653600,0.0,0.0,0.0,XLP
2014-12-09 00:00:00-05:00,35.8319701711323,36.002316110670066,35.631998113770024,35.98750305175781,6120000,0.0,0.0,0.0,XLP
2014-12-10 00:00:00-05:00,35.98751203245471,36.09120064541391,35.60978882448863,35.646820068359375,5304800,0.0,0.0,0.0,XLP
2014-12-11 00:00:00-05:00,35.77271589877411,36.15044181627561,35.654214259525034,35.94306182861328,5233700,0.0,0.0,0.0,XLP
2014-12-12 00:00:00-05:00,35.7282865426784,36.07638358687043,35.47647015682539,35.4838752746582,6812500,0.0,0.0,0.0,XLP
2014-12-15 00:00:00-05:00,35.63199534473058,35.7356839237564,35.13576779829036,35.246864318847656,9451300,0.0,0.0,0.0,XLP
2014-12-16 00:00:00-05:00,35.09134154251977,35.82456974810714,35.09134154251977,35.11355972290039,9811500,0.0,0.0,0.0,XLP
2014-12-17 00:00:00-05:00,35.21724257693052,35.74309347889613,35.18021134057983,35.62459182739258,10126400,0.0,0.0,0.0,XLP
2014-12-18 00:00:00-05:00,36.13563092760989,36.328195043461996,35.780125988519934,36.30597686767578,8726300,0.0,0.0,0.0,XLP
2014-12-19 00:00:00-05:00,36.43278549959526,36.567058892057226,36.24629499291134,36.268672943115234,13154400,0.35,0.0,0.0,XLP
2014-12-22 00:00:00-05:00,36.36565073769593,36.61927795410156,36.35819236910435,36.61927795410156,5125700,0.0,0.0,0.0,XLP
2014-12-23 00:00:00-05:00,36.77592225499004,36.95495436868077,36.678946408173445,36.87289810180664,5563500,0.0,0.0,0.0,XLP
2014-12-24 00:00:00-05:00,36.98480242573122,37.022099961750335,36.81322863792801,36.835609436035156,1478000,0.0,0.0,0.0,XLP
2014-12-26 00:00:00-05:00,36.87291241896261,37.00718584496213,36.85799283322711,36.89529037475586,3302400,0.0,0.0,0.0,XLP
2014-12-29 00:00:00-05:00,36.85052674410267,36.88782427781872,36.6341970646824,36.783390045166016,13478700,0.0,0.0,0.0,XLP
2014-12-30 00:00:00-05:00,36.73117340231149,36.81322683929672,36.60435837129894,36.61927795410156,5094900,0.0,0.0,0.0,XLP
2014-12-31 00:00:00-05:00,36.75354898767378,36.75354898767378,36.156779942083624,36.17169952392578,5218700,0.0,0.0,0.0,XLP
2015-01-02 00:00:00-05:00,36.268674655084766,36.35073093719803,35.84347650742458,36.067264556884766,7612100,0.0,0.0,0.0,XLP
2015-01-05 00:00:00-05:00,36.000123457782955,36.08217972986784,35.716659957732205,35.81363296508789,8272700,0.0,0.0,0.0,XLP
2015-01-06 00:00:00-05:00,36.06726972633588,36.15678723544587,35.6644523178203,35.76888656616211,11112400,0.0,0.0,0.0,XLP
2015-01-07 00:00:00-05:00,36.029966384506785,36.42532820535456,35.99266885119419,36.38056945800781,9226100,0.0,0.0,0.0,XLP
2015-01-08 00:00:00-05:00,36.701325049626455,36.97733014833666,36.62672715428671,36.93257141113281,12904100,0.0,0.0,0.0,XLP
2015-01-09 00:00:00-05:00,37.05194960044546,37.05194960044546,36.634212493896484,36.634212493896484,6382800,0.0,0.0,0.0,XLP
2015-01-12 00:00:00-05:00,36.619276581988494,36.81322545991644,36.42532770406055,36.522300720214844,6256400,0.0,0.0,0.0,XLP
2015-01-13 00:00:00-05:00,36.768470198374565,36.96988029373741,36.2985133091946,36.51484298706055,10135000,0.0,0.0,0.0,XLP
2015-01-14 00:00:00-05:00,36.2388443556916,36.44025164173225,36.1493268445403,36.4029541015625,13315500,0.0,0.0,0.0,XLP
2015-01-15 00:00:00-05:00,36.64166055067458,36.68641930475665,36.32089659380263,36.46263122558594,10898400,0.0,0.0,0.0,XLP
2015-01-16 00:00:00-05:00,36.37310545918549,36.79084519891406,36.30596876611517,36.75354766845703,12948500,0.0,0.0,0.0,XLP
2015-01-20 00:00:00-05:00,36.89529452078849,37.066865507596695,36.59691130940826,36.90275573730469,9978200,0.0,0.0,0.0,XLP
2015-01-21 00:00:00-05:00,36.82814843501507,37.089236879902046,36.64165790821849,37.0817756652832,7588600,0.0,0.0,0.0,XLP
2015-01-22 00:00:00-05:00,37.23841661279202,37.462207458870544,36.91019440182571,37.45474624633789,12062000,0.0,0.0,0.0,XLP
2015-01-23 00:00:00-05:00,37.27572161714305,37.335397096727135,37.02955279410837,37.03701400756836,6423700,0.0,0.0,0.0,XLP
2015-01-26 00:00:00-05:00,37.02209442626755,37.08923111931163,36.83560392843612,37.03701400756836,4428600,0.0,0.0,0.0,XLP
2015-01-27 00:00:00-05:00,36.66403733885299,36.77592994338547,36.44024643854901,36.611820220947266,10344800,0.0,0.0,0.0,XLP
2015-01-28 00:00:00-05:00,36.74607486336915,36.85797026506177,36.156767238560384,36.18660354614258,7765700,0.0,0.0,0.0,XLP
2015-01-29 00:00:00-05:00,36.328353707418295,36.522302595303756,36.02250936977078,36.47754669189453,9765600,0.0,0.0,0.0,XLP
2015-01-30 00:00:00-05:00,36.28360173421943,36.30597969010305,35.76888882955613,35.82110595703125,10951600,0.0,0.0,0.0,XLP
2015-02-02 00:00:00-05:00,35.8882344883495,36.26867387973687,35.56747058092004,36.24629592895508,14354100,0.0,0.0,0.0,XLP
2015-02-03 00:00:00-05:00,36.47008650843611,36.581981961360974,36.26121803163724,36.56706237792969,6279600,0.0,0.0,0.0,XLP
2015-02-04 00:00:00-05:00,36.499932985832814,36.84307493662124,36.499932985832814,36.58198928833008,7901300,0.0,0.0,0.0,XLP
2015-02-05 00:00:00-05:00,36.69387665745452,36.783394163138,36.604361997390775,36.76847457885742,8079500,0.0,0.0,0.0,XLP
2015-02-06 00:00:00-05:00,36.775921943156405,36.917656528598606,36.46261930387786,36.60435104370117,6304100,0.0,0.0,0.0,XLP
2015-02-09 00:00:00-05:00,36.54468356808413,36.57451988862704,36.23137801461786,36.32835388183594,5656100,0.0,0.0,0.0,XLP
2015-02-10 00:00:00-05:00,36.671491394080064,36.79084519891406,36.447703365718716,36.75354766845703,5055100,0.0,0.0,0.0,XLP
2015-02-11 00:00:00-05:00,36.77593972677931,37.0071890573229,36.65658587615495,36.925132751464844,4618000,0.0,0.0,0.0,XLP
2015-02-12 00:00:00-05:00,37.014638659868794,37.09669494628906,36.902746052075365,37.09669494628906,7150600,0.0,0.0,0.0,XLP
2015-02-13 00:00:00-05:00,37.014647428028056,37.037028231384056,36.84307644560679,36.925132751464844,5932000,0.0,0.0,0.0,XLP
2015-02-17 00:00:00-05:00,36.87289594047976,36.969871781612056,36.69386383728311,36.93257141113281,4887500,0.0,0.0,0.0,XLP
2015-02-18 00:00:00-05:00,36.925122770723966,37.13399124145508,36.84306648704546,37.13399124145508,5251200,0.0,0.0,0.0,XLP
2015-02-19 00:00:00-05:00,37.06686134228413,37.07432255796189,36.85053446316937,36.89529037475586,4380200,0.0,0.0,0.0,XLP
2015-02-20 00:00:00-05:00,36.76847887249344,37.01464492781969,36.62674422808674,36.999725341796875,5898000,0.0,0.0,0.0,XLP
2015-02-23 00:00:00-05:00,36.94004012200116,37.11161104768195,36.94004012200116,37.10415267944336,4710600,0.0,0.0,0.0,XLP
2015-02-24 00:00:00-05:00,37.141453819686916,37.26080764243329,36.99971919881212,37.2309684753418,4275800,0.0,0.0,0.0,XLP
2015-02-25 00:00:00-05:00,37.22350649059606,37.26080402302765,37.05939393315385,37.10415267944336,3282600,0.0,0.0,0.0,XLP
2015-02-26 00:00:00-05:00,37.104158761921724,37.19367342355554,37.00718288520688,37.156375885009766,4124200,0.0,0.0,0.0,XLP
2015-02-27 00:00:00-05:00,37.14891351597303,37.3801628007652,37.12653556266464,37.305564880371094,4578900,0.0,0.0,0.0,XLP
2015-03-02 00:00:00-05:00,37.33540601289651,37.402542721973695,37.25334971895553,37.372703552246094,5511200,0.0,0.0,0.0,XLP
2015-03-03 00:00:00-05:00,37.372700250597,37.38016146517967,37.066855901958185,37.2309684753418,5818200,0.0,0.0,0.0,XLP
2015-03-04 00:00:00-05:00,37.156377325363046,37.17129691048367,36.88036926906144,36.969886779785156,3635800,0.0,0.0,0.0,XLP
2015-03-05 00:00:00-05:00,37.06685577929631,37.156373280274565,36.977341123937656,37.09669494628906,5336300,0.0,0.0,0.0,XLP
2015-03-06 00:00:00-05:00,36.828156798264594,36.90275473329532,36.29106589414463,36.37311935424805,12065500,0.0,0.0,0.0,XLP
2015-03-09 00:00:00-04:00,36.51484843248887,36.64166063424757,36.40295296983839,36.57452392578125,6436500,0.0,0.0,0.0,XLP
2015-03-10 00:00:00-04:00,36.35819343293013,36.3805713849791,36.044887876146824,36.05234909057617,7996200,0.0,0.0,0.0,XLP
2015-03-11 00:00:00-04:00,36.10455791989017,36.10455791989017,35.73903532849958,35.77633285522461,8699500,0.0,0.0,0.0,XLP
2015-03-12 00:00:00-04:00,35.940461410909755,36.29852294921875,35.90316386755635,36.29852294921875,9905500,0.0,0.0,0.0,XLP
2015-03-13 00:00:00-04:00,36.223939486117644,36.23885907737046,35.798741095085994,36.01506805419922,5821400,0.0,0.0,0.0,XLP
2015-03-16 00:00:00-04:00,36.12695491502437,36.462638523779226,36.12695491502437,36.455177307128906,22130500,0.0,0.0,0.0,XLP
2015-03-17 00:00:00-04:00,36.32836141212179,36.35820058446938,36.08965372458127,36.194087982177734,7487500,0.0,0.0,0.0,XLP
2015-03-18 00:00:00-04:00,36.104573480606554,36.589447228245504,35.68683360263537,36.44025421142578,19747300,0.0,0.0,0.0,XLP
2015-03-19 00:00:00-04:00,36.35819459328848,36.44024803529326,36.20900160175497,36.27613830566406,20386700,0.0,0.0,0.0,XLP
2015-03-20 00:00:00-04:00,36.453257796883946,36.73846012313745,36.40072090297488,36.730953216552734,7951000,0.296,0.0,0.0,XLP
2015-03-23 00:00:00-04:00,36.69343061304954,36.97863296526564,36.66340871006969,36.79100036621094,4669300,0.0,0.0,0.0,XLP
2015-03-24 00:00:00-04:00,36.88106679305072,36.9786365556856,36.58085632324219,36.58085632324219,6939800,0.0,0.0,0.0,XLP
2015-03-25 00:00:00-04:00,36.99363663193664,37.04617352028265,36.490779876708984,36.490779876708984,18476700,0.0,0.0,0.0,XLP
2015-03-26 00:00:00-04:00,36.31066447623956,36.535823041752955,36.250620665144524,36.33317947387695,7616000,0.0,0.0,0.0,XLP
2015-03-27 00:00:00-04:00,36.34068364388392,36.60337102375956,36.325675554104976,36.5583381652832,4950100,0.0,0.0,0.0,XLP
2015-03-30 00:00:00-04:00,36.6333914591407,36.95611977431903,36.49078884454548,36.92609786987305,25326800,0.0,0.0,0.0,XLP
2015-03-31 00:00:00-04:00,36.77599298546541,36.92609965189294,36.58085632324219,36.58085632324219,7411800,0.0,0.0,0.0,XLP
2015-04-01 00:00:00-04:00,36.56583644628119,36.63338428653598,36.27313009285905,36.625877380371094,8033400,0.0,0.0,0.0,XLP
2015-04-02 00:00:00-04:00,36.64088880737066,36.94110207087179,36.58835191571484,36.87355422973633,4821000,0.0,0.0,0.0,XLP
2015-04-06 00:00:00-04:00,36.81352851072081,37.32388959148048,36.71595872271012,37.16627883911133,5615300,0.0,0.0,0.0,XLP
2015-04-07 00:00:00-04:00,37.22629963247224,37.30135437606115,36.99363708496094,36.99363708496094,7660800,0.0,0.0,0.0,XLP
2015-04-08 00:00:00-04:00,37.00115114610232,37.15125781087678,36.88857329480635,37.053688049316406,5039200,0.0,0.0,0.0,XLP
2015-04-09 00:00:00-04:00,37.053671053778096,37.226292637025495,36.91857540375053,37.15874481201172,4785400,0.0,0.0,0.0,XLP
2015-04-10 00:00:00-04:00,37.25633263636584,37.35390240059501,37.12874382879788,37.22631072998047,4605100,0.0,0.0,0.0,XLP
2015-04-13 00:00:00-04:00,37.128742813226886,37.27134257008705,37.04618400444861,37.053688049316406,3712800,0.0,0.0,0.0,XLP
2015-04-14 00:00:00-04:00,36.986131468778254,37.19628189510937,36.90357267947451,37.13623809814453,5722200,0.0,0.0,0.0,XLP
2015-04-15 00:00:00-04:00,37.188780587548884,37.338887239512964,37.008654895629,37.03116989135742,6764300,0.0,0.0,0.0,XLP
2015-04-16 00:00:00-04:00,37.076215961049996,37.308878634629046,37.04619404734713,37.16627883911133,5796400,0.0,0.0,0.0,XLP
2015-04-17 00:00:00-04:00,36.99364751273318,37.01616251063352,36.61838227814602,36.82102584838867,5539800,0.0,0.0,0.0,XLP
2015-04-20 00:00:00-04:00,36.88106055312589,37.166262884780025,36.88106055312589,36.9486083984375,3976200,0.0,0.0,0.0,XLP
2015-04-21 00:00:00-04:00,37.0011481060684,37.18878070585885,36.956118114468296,37.01615905761719,3948500,0.0,0.0,0.0,XLP
2015-04-22 00:00:00-04:00,37.04618030804418,37.11372815730055,36.82852580899073,37.038673400878906,2897700,0.0,0.0,0.0,XLP
2015-04-23 00:00:00-04:00,36.82853584249446,37.09122040392001,36.821031796331006,36.911094665527344,6320800,0.0,0.0,0.0,XLP
2015-04-24 00:00:00-04:00,37.01616412725846,37.01616412725846,36.87356436258427,36.91859436035156,6555100,0.0,0.0,0.0,XLP
2015-04-27 00:00:00-04:00,36.97112280962799,36.98613375979902,36.693427389078956,36.7159423828125,6888100,0.0,0.0,0.0,XLP
2015-04-28 00:00:00-04:00,36.7159387565704,36.79849754283416,36.558328089909985,36.75346755981445,3665100,0.0,0.0,0.0,XLP
2015-04-29 00:00:00-04:00,36.63338729108894,36.70843918061829,36.37069995164406,36.42323684692383,9409300,0.0,0.0,0.0,XLP
2015-04-30 00:00:00-04:00,36.33317971214088,36.47577946985698,36.160558048680386,36.303157806396484,8286300,0.0,0.0,0.0,XLP
2015-05-01 00:00:00-04:00,36.43826040222586,36.64841091908661,36.33318657531901,36.633399963378906,5158300,0.0,0.0,0.0,XLP
2015-05-04 00:00:00-04:00,36.633406680429104,36.783510538934834,36.62589976967527,36.685943603515625,6710200,0.0,0.0,0.0,XLP
2015-05-05 00:00:00-04:00,36.67092211770809,36.71595211711374,36.34068685248397,36.393226623535156,6537400,0.0,0.0,0.0,XLP
2015-05-06 00:00:00-04:00,36.46828382463501,36.59587265886628,36.28065116508513,36.50580978393555,6233300,0.0,0.0,0.0,XLP
2015-05-07 00:00:00-04:00,36.38571952605561,36.67092192734682,36.30316071017815,36.59586715698242,6433800,0.0,0.0,0.0,XLP
2015-05-08 00:00:00-04:00,36.78349115586236,37.046178495919364,36.78349115586236,36.9035758972168,6946500,0.0,0.0,0.0,XLP
2015-05-11 00:00:00-04:00,36.79849754283416,37.02365891011558,36.738456611125976,36.75346755981445,3988400,0.0,0.0,0.0,XLP
2015-05-12 00:00:00-04:00,36.40823014091709,36.79100226606054,36.40823014091709,36.67091751098633,4903400,0.0,0.0,0.0,XLP
2015-05-13 00:00:00-04:00,36.663399275445116,36.91857965901556,36.61086239027286,36.6558952331543,3716900,0.0,0.0,0.0,XLP
2015-05-14 00:00:00-04:00,36.806019794772105,37.233821990103465,36.806019794772105,37.21881103515625,6174300,0.0,0.0,0.0,XLP
2015-05-15 00:00:00-04:00,37.22630555920207,37.33888626098633,37.18877961295604,37.33888626098633,5014300,0.0,0.0,0.0,XLP
2015-05-18 00:00:00-04:00,37.30136985584246,37.316380810789674,37.158767215367405,37.21881103515625,6199900,0.0,0.0,0.0,XLP
2015-05-19 00:00:00-04:00,37.241315822699356,37.241315822699356,37.001146335503776,37.12123107910156,5157200,0.0,0.0,0.0,XLP
2015-05-20 00:00:00-04:00,37.06869530344756,37.218801953244636,37.038673400878906,37.038673400878906,5463200,0.0,0.0,0.0,XLP
2015-05-21 00:00:00-04:00,37.04617918799524,37.166263931593036,36.918587537459146,37.12123107910156,4313600,0.0,0.0,0.0,XLP
2015-05-22 00:00:00-04:00,36.948619721261764,37.07621140730435,36.94111567528134,36.96363067626953,5336900,0.0,0.0,0.0,XLP
2015-05-26 00:00:00-04:00,36.91859106574409,36.93360201800917,36.595862749660945,36.67091751098633,8790100,0.0,0.0,0.0,XLP
2015-05-27 00:00:00-04:00,36.74596521101024,36.96361969941705,36.71594330991011,36.9035758972168,7599900,0.0,0.0,0.0,XLP
2015-05-28 00:00:00-04:00,36.86604702113388,36.903572963002304,36.693425398102455,36.851036071777344,5741300,0.0,0.0,0.0,XLP
2015-05-29 00:00:00-04:00,36.79099932824155,36.82852527438453,36.55082983727103,36.618377685546875,6663600,0.0,0.0,0.0,XLP
2015-06-01 00:00:00-04:00,36.693429577832845,36.768484333164984,36.49078603300532,36.618377685546875,5992300,0.0,0.0,0.0,XLP
2015-06-02 00:00:00-04:00,36.51329750149249,36.60336032908437,36.34067302596003,36.52080154418945,4998200,0.0,0.0,0.0,XLP
2015-06-03 00:00:00-04:00,36.56584650385361,36.67092031469626,36.445761739598204,36.49829864501953,5892700,0.0,0.0,0.0,XLP
2015-06-04 00:00:00-04:00,36.43075432689614,36.52081719307926,36.16056286529987,36.23561477661133,7084800,0.0,0.0,0.0,XLP
2015-06-05 00:00:00-04:00,36.138048706373574,36.22811157465477,35.69523554800785,35.717750549316406,9482300,0.0,0.0,0.0,XLP
2015-06-08 00:00:00-04:00,35.695228041672465,35.83032374720851,35.620173281348904,35.70273208618164,10944000,0.0,0.0,0.0,XLP
2015-06-09 00:00:00-04:00,35.74776216408404,36.010446647184935,35.68771836049175,35.87535095214844,7096700,0.0,0.0,0.0,XLP
2015-06-10 00:00:00-04:00,35.96540869936795,36.3031478891126,35.96540869936795,36.22809600830078,7091600,0.0,0.0,0.0,XLP
2015-06-11 00:00:00-04:00,36.25812184045916,36.37820658061673,36.17556304477971,36.21308898925781,7469300,0.0,0.0,0.0,XLP
2015-06-12 00:00:00-04:00,36.123036329850166,36.153055376064785,35.942907737328184,36.070499420166016,6748800,0.0,0.0,0.0,XLP
2015-06-15 00:00:00-04:00,35.92788885516822,35.995436704578594,35.785289112211295,35.807804107666016,7632600,0.0,0.0,0.0,XLP
2015-06-16 00:00:00-04:00,35.90539069863408,36.22061223501772,35.85285377590347,36.198097229003906,5036400,0.0,0.0,0.0,XLP
2015-06-17 00:00:00-04:00,36.31066780722913,36.4532675770916,36.115528266315465,36.393226623535156,10508800,0.0,0.0,0.0,XLP
2015-06-18 00:00:00-04:00,36.505801267901674,36.94111031077159,36.475779362245845,36.79850769042969,8821000,0.0,0.0,0.0,XLP
2015-06-19 00:00:00-04:00,36.82266363481506,36.93594205815964,36.74714660644531,36.74714660644531,8908200,0.302,0.0,0.0,XLP
2015-06-22 00:00:00-04:00,36.95105238178857,37.04167340754327,36.85287792342655,36.8906364440918,4445900,0.0,0.0,0.0,XLP
2015-06-23 00:00:00-04:00,36.90575486107429,36.91330829663551,36.65654622259442,36.73206329345703,5107500,0.0,0.0,0.0,XLP
2015-06-24 00:00:00-04:00,36.71694731254844,36.77736325414189,36.56591033935547,36.56591033935547,6765100,0.0,0.0,0.0,XLP
2015-06-25 00:00:00-04:00,36.709390058871705,36.709390058871705,36.49794006347656,36.49794006347656,6443700,0.0,0.0,0.0,XLP
2015-06-26 00:00:00-04:00,36.5508127147795,36.701846821561894,36.50550075427022,36.57346725463867,4608000,0.0,0.0,0.0,XLP
2015-06-29 00:00:00-04:00,36.38466724531705,36.45263373728874,35.9919722784573,36.007076263427734,8106200,0.0,0.0,0.0,XLP
2015-06-30 00:00:00-04:00,36.38466213367344,36.38466213367344,35.93910472240833,35.9466552734375,10039900,0.0,0.0,0.0,XLP
2015-07-01 00:00:00-04:00,36.18832984340988,36.40733337402344,36.037295707199206,36.40733337402344,6859600,0.0,0.0,0.0,XLP
2015-07-02 00:00:00-04:00,36.429982549634744,36.57346609886009,36.27139213325945,36.37711715698242,6956600,0.0,0.0,0.0,XLP
2015-07-06 00:00:00-04:00,36.1354518689312,36.48283772373981,36.09769335102316,36.34690475463867,8740700,0.0,0.0,0.0,XLP
2015-07-07 00:00:00-04:00,36.445075154927885,37.124739978612126,36.32424617302737,37.09453201293945,17427000,0.0,0.0,0.0,XLP
2015-07-08 00:00:00-04:00,36.777369886451226,36.95106142866938,36.656540862265075,36.679195404052734,11754300,0.0,0.0,0.0,XLP
2015-07-09 00:00:00-04:00,37.1247420156311,37.192708501728816,36.70939254760742,36.70939254760742,8359900,0.0,0.0,0.0,XLP
2015-07-10 00:00:00-04:00,37.04922958398905,37.2304716489211,37.01146817973675,37.13985061645508,7782500,0.0,0.0,0.0,XLP
2015-07-13 00:00:00-04:00,37.31354070233701,37.50233619321724,37.31354070233701,37.48723220825195,7031800,0.0,0.0,0.0,XLP
2015-07-14 00:00:00-04:00,37.49479830280228,37.562764817702494,37.42683178790206,37.54766082763672,6858300,0.0,0.0,0.0,XLP
2015-07-15 00:00:00-04:00,37.54009154135901,37.55519552504731,37.37395348236836,37.44947052001953,5980500,0.0,0.0,0.0,XLP
2015-07-16 00:00:00-04:00,37.63827155935119,37.887480125075136,37.5929596015874,37.834617614746094,4451200,0.0,0.0,0.0,XLP
2015-07-17 00:00:00-04:00,37.743991825299894,37.81951174539277,37.59295486590454,37.81195831298828,4874400,0.0,0.0,0.0,XLP
2015-07-20 00:00:00-04:00,37.83461663228003,37.92524054545434,37.72889161436735,37.87992858886719,6345400,0.0,0.0,0.0,XLP
2015-07-21 00:00:00-04:00,37.78929901123047,37.90257455589746,37.68357401722526,37.78929901123047,6146000,0.0,0.0,0.0,XLP
2015-07-22 00:00:00-04:00,37.78931262651612,38.008316124884125,37.766655204787355,37.87238311767578,6107900,0.0,0.0,0.0,XLP
2015-07-23 00:00:00-04:00,37.95544347378195,37.95544347378195,37.67602695938674,37.72888946533203,4535100,0.0,0.0,0.0,XLP
2015-07-24 00:00:00-04:00,37.819510893185075,37.819510893185075,37.47212503016649,37.51743698120117,9950100,0.0,0.0,0.0,XLP
2015-07-27 00:00:00-04:00,37.366410481437434,37.55520600906038,37.25313489333835,37.49479293823242,9567100,0.0,0.0,0.0,XLP
2015-07-28 00:00:00-04:00,37.66092447439061,37.925239895432746,37.555199458290005,37.917686462402344,8765800,0.0,0.0,0.0,XLP
2015-07-29 00:00:00-04:00,37.955442378781775,38.12913675706589,37.87992533840728,38.04606628417969,6105100,0.0,0.0,0.0,XLP
2015-07-30 00:00:00-04:00,37.86482395435204,37.97054897045265,37.668477907421014,37.917686462402344,7029100,0.0,0.0,0.0,XLP
2015-07-31 00:00:00-04:00,38.04607235171787,38.076277444210476,37.94034732601651,37.99320983886719,6168800,0.0,0.0,0.0,XLP
2015-08-03 00:00:00-04:00,37.98565034724775,38.083824804366934,37.87992533840728,38.04606628417969,6961400,0.0,0.0,0.0,XLP
2015-08-04 00:00:00-04:00,38.023408867434995,38.09892878859992,37.842166818220036,38.04606628417969,5633000,0.0,0.0,0.0,XLP
2015-08-05 00:00:00-04:00,38.16689167706929,38.43120417423854,38.15178769426102,38.37834167480469,5239900,0.0,0.0,0.0,XLP
2015-08-06 00:00:00-04:00,38.47652167349923,38.47652167349923,38.0385147512407,38.09137725830078,7889500,0.0,0.0,0.0,XLP
2015-08-07 00:00:00-04:00,38.030965563367026,38.13669058127971,37.7137876288383,37.87992858886719,6889700,0.0,0.0,0.0,XLP
2015-08-10 00:00:00-04:00,37.98564465319736,38.14423214268579,37.95543668925957,38.02340316772461,5780000,0.0,0.0,0.0,XLP
2015-08-11 00:00:00-04:00,37.7742023082605,37.97054835199347,37.75909832323634,37.88747787475586,5616200,0.0,0.0,0.0,XLP
2015-08-12 00:00:00-04:00,37.64582174664234,37.93279171478038,37.38905975005372,37.91013717651367,8275100,0.0,0.0,0.0,XLP
2015-08-13 00:00:00-04:00,37.87237649945368,37.970548080222216,37.713786098230344,37.759098052978516,4935200,0.0,0.0,0.0,XLP
2015-08-14 00:00:00-04:00,37.751549033056264,37.887479141236376,37.66092511988196,37.87992858886719,5247000,0.0,0.0,0.0,XLP
2015-08-17 00:00:00-04:00,37.75909893825144,37.932790447672524,37.62316595161048,37.917686462402344,4978400,0.0,0.0,0.0,XLP
2015-08-18 00:00:00-04:00,37.78175197127733,37.88747698316792,37.68358039211636,37.72888946533203,5108300,0.0,0.0,0.0,XLP
2015-08-19 00:00:00-04:00,37.64583577993302,37.66093977133807,37.20027811625547,37.38152313232422,9309200,0.0,0.0,0.0,XLP
2015-08-20 00:00:00-04:00,37.12474986966123,37.373961331672255,36.966162328812906,37.04167938232422,12756300,0.0,0.0,0.0,XLP
2015-08-21 00:00:00-04:00,36.75469408907684,36.83776454182371,36.029720306396484,36.029720306396484,23544300,0.0,0.0,0.0,XLP
2015-08-24 00:00:00-04:00,34.285264102592436,35.56907120358694,33.0165581065683,34.77613067626953,68723800,0.0,0.0,0.0,XLP
2015-08-25 00:00:00-04:00,36.02973248264448,36.02973248264448,34.474059408335215,34.511817932128906,35853900,0.0,0.0,0.0,XLP
2015-08-26 00:00:00-04:00,35.19903200616268,35.59172697540449,34.54957505244702,35.53131103515625,24372800,0.0,0.0,0.0,XLP
2015-08-27 00:00:00-04:00,35.81828358798804,36.1656666272426,35.395380617945015,36.052391052246094,19550400,0.0,0.0,0.0,XLP
2015-08-28 00:00:00-04:00,35.954205514519515,36.01461855976202,35.75785663570409,35.97686004638672,8695300,0.0,0.0,0.0,XLP
2015-08-31 00:00:00-04:00,35.886237165093654,35.886237165093654,35.629475254437075,35.7276496887207,12948300,0.0,0.0,0.0,XLP
2015-09-01 00:00:00-04:00,35.01778316626655,35.38027012501394,34.77612519376829,34.9951286315918,15589300,0.0,0.0,0.0,XLP
2015-09-02 00:00:00-04:00,35.2971985769719,35.478440595613606,35.13105765922538,35.470890045166016,9637300,0.0,0.0,0.0,XLP
2015-09-03 00:00:00-04:00,35.61438427621163,35.931562225546145,35.538867225831936,35.71255874633789,7626800,0.0,0.0,0.0,XLP
2015-09-04 00:00:00-04:00,35.24434093496397,35.334964844961966,34.995132384445924,35.131065368652344,10507100,0.0,0.0,0.0,XLP
2015-09-08 00:00:00-04:00,35.6974606891912,35.90136021603158,35.44824919612254,35.86360168457031,6867300,0.0,0.0,0.0,XLP
2015-09-09 00:00:00-04:00,36.19587437599474,36.20342492863155,35.18393035600592,35.27455139160156,7587400,0.0,0.0,0.0,XLP
2015-09-10 00:00:00-04:00,35.10840694913929,35.584169460459705,35.09330296580987,35.3349609375,14986300,0.0,0.0,0.0,XLP
2015-09-11 00:00:00-04:00,35.297205824904445,35.57662234147997,35.168823394613725,35.569068908691406,5127300,0.0,0.0,0.0,XLP
2015-09-14 00:00:00-04:00,35.5539659289267,35.62192953569489,35.31230506588147,35.45579147338867,6180100,0.0,0.0,0.0,XLP
2015-09-15 00:00:00-04:00,35.50109788319036,35.94665529471926,35.357614367229935,35.87868881225586,7284500,0.0,0.0,0.0,XLP
2015-09-16 00:00:00-04:00,36.203424726245785,36.33180716668014,35.999525236702354,36.286495208740234,11470700,0.0,0.0,0.0,XLP
2015-09-17 00:00:00-04:00,36.256287236780295,36.71694872640168,36.180770187671214,36.286495208740234,13063900,0.0,0.0,0.0,XLP
2015-09-18 00:00:00-04:00,35.8669548034668,36.262183314997955,35.72254555669401,35.8669548034668,10970800,0.308,0.0,0.0,XLP
2015-09-21 00:00:00-04:00,35.95815302920718,36.23177001277103,35.95055086613903,36.132965087890625,9770600,0.0,0.0,0.0,XLP
2015-09-22 00:00:00-04:00,35.7681424189534,35.82894523150772,35.547726062270165,35.73773956298828,10674800,0.0,0.0,0.0,XLP
2015-09-23 00:00:00-04:00,35.73012562492166,35.859336270505814,35.616119301685615,35.79853057861328,6458500,0.0,0.0,0.0,XLP
2015-09-24 00:00:00-04:00,35.53251350223327,35.9125403846101,35.517312079013195,35.859336853027344,7740100,0.0,0.0,0.0,XLP
2015-09-25 00:00:00-04:00,36.064555879608804,36.452182068643694,35.95054664198806,36.08735656738281,12257300,0.0,0.0,0.0,XLP
2015-09-28 00:00:00-04:00,35.99615339624279,36.07215762697471,35.48691577233714,35.555320739746094,15816000,0.0,0.0,0.0,XLP
2015-09-29 00:00:00-04:00,35.654120762289736,35.66932218498695,35.327297422736805,35.54011154174805,15304100,0.0,0.0,0.0,XLP
2015-09-30 00:00:00-04:00,35.68454342853028,35.988563353216655,35.62373770396709,35.8669548034668,12715600,0.0,0.0,0.0,XLP
2015-10-01 00:00:00-04:00,35.88975839986626,35.973364821452385,35.60093700694416,35.8669548034668,13766200,0.0,0.0,0.0,XLP
2015-10-02 00:00:00-04:00,35.66932452658785,36.37617478184945,35.4869103416211,36.3609733581543,13196700,0.0,0.0,0.0,XLP
2015-10-05 00:00:00-04:00,36.62698859798137,37.029819050779196,36.51298227688286,36.984214782714844,10515800,0.0,0.0,0.0,XLP
2015-10-06 00:00:00-04:00,36.90822194733678,37.037429730957754,36.71820845421713,36.7334098815918,9444000,0.0,0.0,0.0,XLP
2015-10-07 00:00:00-04:00,36.908214710309224,37.13623027746795,36.78660621453289,37.06782531738281,11944000,0.0,0.0,0.0,XLP
2015-10-08 00:00:00-04:00,37.01462606007479,37.52386078894399,36.94622109208297,37.50865936279297,12447100,0.0,0.0,0.0,XLP
2015-10-09 00:00:00-04:00,37.5770608433262,37.70627150393031,37.470653769520055,37.592262268066406,12459500,0.0,0.0,0.0,XLP
2015-10-12 00:00:00-04:00,37.60746416919805,37.77467694408319,37.569462056553796,37.691070556640625,5652600,0.0,0.0,0.0,XLP
2015-10-13 00:00:00-04:00,37.622661437381616,37.675864969080436,37.409847310586336,37.463050842285156,10162600,0.0,0.0,0.0,XLP
2015-10-14 00:00:00-04:00,37.394648791508686,37.54666013647167,36.94621691852424,37.029823303222656,10771200,0.0,0.0,0.0,XLP
2015-10-15 00:00:00-04:00,37.25784309936782,37.387050872656225,37.105831737153075,37.36425018310547,5255600,0.0,0.0,0.0,XLP
2015-10-16 00:00:00-04:00,37.39466543032695,37.759491080942766,37.38706326503982,37.72148895263672,6921900,0.0,0.0,0.0,XLP
2015-10-19 00:00:00-04:00,37.72147344341838,37.896285481253294,37.60746420599871,37.8886833190918,6284300,0.0,0.0,0.0,XLP
2015-10-20 00:00:00-04:00,37.88108048235133,37.934284014960845,37.8050762641592,37.86587905883789,6078400,0.0,0.0,0.0,XLP
2015-10-21 00:00:00-04:00,37.79747843889868,38.13190109643467,37.79747843889868,37.87348556518555,14418900,0.0,0.0,0.0,XLP
2015-10-22 00:00:00-04:00,38.025495147235134,38.67914195581901,37.96469234377702,38.625938415527344,13590300,0.0,0.0,0.0,XLP
2015-10-23 00:00:00-04:00,38.76276019576298,38.86156804338149,38.352330274310454,38.565147399902344,13360200,0.0,0.0,0.0,XLP
2015-10-26 00:00:00-04:00,38.56513524060287,38.641139469037306,38.42832530992051,38.48912811279297,8893000,0.0,0.0,0.0,XLP
2015-10-27 00:00:00-04:00,38.36752344785748,38.542335510253906,38.24591493056537,38.542335510253906,5126200,0.0,0.0,0.0,XLP
2015-10-28 00:00:00-04:00,38.54994082777989,38.55754009225555,37.911495334912445,38.321922302246094,10430900,0.0,0.0,0.0,XLP
2015-10-29 00:00:00-04:00,38.306712478442684,38.420718808218474,38.12429829167623,38.33711242675781,5606900,0.0,0.0,0.0,XLP
2015-10-30 00:00:00-04:00,38.21551507614684,38.21551507614684,37.90389304491388,37.911495208740234,8577100,0.0,0.0,0.0,XLP
2015-11-02 00:00:00-05:00,37.934307556766164,38.147121819275476,37.88110399113884,38.139522552490234,13054000,0.0,0.0,0.0,XLP
2015-11-03 00:00:00-05:00,37.91909779022266,38.05590775730489,37.69108214487768,37.95709991455078,12452900,0.0,0.0,0.0,XLP
2015-11-04 00:00:00-05:00,38.00270411641355,38.071109099798136,37.653079934392835,37.797489166259766,8067600,0.0,0.0,0.0,XLP
2015-11-05 00:00:00-05:00,37.75948742985094,37.85069310884178,37.57707317249302,37.78989028930664,9691800,0.0,0.0,0.0,XLP
2015-11-06 00:00:00-05:00,37.61507334775134,37.68347832302083,37.10583566532831,37.37945556640625,13747200,0.0,0.0,0.0,XLP
2015-11-09 00:00:00-05:00,37.19704420173728,37.257849917500764,36.92342717892991,37.128639221191406,7896000,0.0,0.0,0.0,XLP
2015-11-10 00:00:00-05:00,37.090641347697954,37.28825704719239,37.090641347697954,37.22745132446289,7438600,0.0,0.0,0.0,XLP
2015-11-11 00:00:00-05:00,37.16664084821647,37.40985789030135,37.16664084821647,37.17424011230469,7264700,0.0,0.0,0.0,XLP
2015-11-12 00:00:00-05:00,37.083033441844,37.12103556000737,36.672603607177734,36.672603607177734,8473500,0.0,0.0,0.0,XLP
2015-11-13 00:00:00-05:00,36.56618477940948,36.73339752490663,36.32296782198173,36.353370666503906,9112400,0.0,0.0,0.0,XLP
2015-11-16 00:00:00-05:00,36.23176815887744,36.98422279845987,36.23176815887744,36.97662353515625,9734900,0.0,0.0,0.0,XLP
2015-11-17 00:00:00-05:00,37.07543213838398,37.26544563298312,36.85501868817461,36.96142578125,8056200,0.0,0.0,0.0,XLP
2015-11-18 00:00:00-05:00,37.06783724972856,37.49346857164649,37.01463369691084,37.470664978027344,7826200,0.0,0.0,0.0,XLP
2015-11-19 00:00:00-05:00,37.493457597694736,37.736674596353225,37.485855435588036,37.569461822509766,7421100,0.0,0.0,0.0,XLP
2015-11-20 00:00:00-05:00,37.736674366119644,37.91148640162794,37.27304105920075,37.303443908691406,5487200,0.0,0.0,0.0,XLP
2015-11-23 00:00:00-05:00,37.311043061639495,37.69866924369169,37.311043061639495,37.63026428222656,5316600,0.0,0.0,0.0,XLP
2015-11-24 00:00:00-05:00,37.53906669967106,37.82788803229318,37.37185389140942,37.72908020019531,9786000,0.0,0.0,0.0,XLP
2015-11-25 00:00:00-05:00,37.729073046013056,37.91908651050698,37.69867019584394,37.827880859375,5599000,0.0,0.0,0.0,XLP
2015-11-27 00:00:00-05:00,37.812679424777855,38.05589642731886,37.812679424777855,37.9722900390625,2712600,0.0,0.0,0.0,XLP
2015-11-30 00:00:00-05:00,37.979887202423015,38.05589141844773,37.55425605430963,37.56185531616211,10355200,0.0,0.0,0.0,XLP
2015-12-01 00:00:00-05:00,37.63787122945462,37.90388894709804,37.63787122945462,37.88108825683594,10807900,0.0,0.0,0.0,XLP
2015-12-02 00:00:00-05:00,37.827880481660216,37.93428755681427,37.6378670190636,37.691070556640625,7832000,0.0,0.0,0.0,XLP
2015-12-03 00:00:00-05:00,37.827888141698544,37.96469809442176,37.349053307167296,37.493465423583984,12556000,0.0,0.0,0.0,XLP
2015-12-04 00:00:00-05:00,37.59226005459714,38.367515274448074,37.44024871552095,38.33711242675781,12783200,0.0,0.0,0.0,XLP
2015-12-07 00:00:00-05:00,38.48154079178201,38.565147208630975,38.29152726235303,38.443538665771484,9022000,0.0,0.0,0.0,XLP
2015-12-08 00:00:00-05:00,38.200299239240266,38.42831767800977,38.116695764316326,38.34471130371094,6436400,0.0,0.0,0.0,XLP
2015-12-09 00:00:00-05:00,38.131905014853395,38.542334840851844,37.82788517659121,37.979896545410156,18821800,0.0,0.0,0.0,XLP
2015-12-10 00:00:00-05:00,38.06350245277025,38.26871446374955,37.911491085910015,38.02549743652344,7842700,0.0,0.0,0.0,XLP
2015-12-11 00:00:00-05:00,37.64546976753015,37.873488263259176,37.501060566360636,37.60746765136719,11597900,0.0,0.0,0.0,XLP
2015-12-14 00:00:00-05:00,37.60746883677252,38.01029649967338,37.46305963105116,37.979896545410156,16609500,0.0,0.0,0.0,XLP
2015-12-15 00:00:00-05:00,38.27631755846168,38.40552533884384,38.07870190692036,38.223114013671875,11557500,0.0,0.0,0.0,XLP
2015-12-16 00:00:00-05:00,38.39031729913491,39.0439640503915,38.38271803663494,38.960357666015625,20860400,0.0,0.0,0.0,XLP
2015-12-17 00:00:00-05:00,38.96036428235209,38.96036428235209,38.45112952649271,38.4587287902832,10235700,0.0,0.0,0.0,XLP
2015-12-18 00:00:00-05:00,38.42045012980595,38.42045012980595,37.77730178833008,37.77730178833008,14720600,0.37,0.0,0.0,XLP
2015-12-21 00:00:00-05:00,38.02996346231761,38.21372137251407,37.87683527800895,38.2060661315918,8155500,0.0,0.0,0.0,XLP
2015-12-22 00:00:00-05:00,38.26732118035042,38.7496831939226,38.18309891694683,38.70374298095703,7185700,0.0,0.0,0.0,XLP
2015-12-23 00:00:00-05:00,38.87218388867523,39.04062839979986,38.80327503600906,38.987030029296875,6464100,0.0,0.0,0.0,XLP
2015-12-24 00:00:00-05:00,38.902808442243064,39.063594782244635,38.902808442243064,38.94874572753906,2312100,0.0,0.0,0.0,XLP
2015-12-28 00:00:00-05:00,38.78030310008434,38.9028073921215,38.742018135727406,38.89514923095703,4620900,0.0,0.0,0.0,XLP
2015-12-29 00:00:00-05:00,39.14781434567114,39.270318632605935,38.979369855861066,39.23203659057617,4134000,0.0,0.0,0.0,XLP
2015-12-30 00:00:00-05:00,39.20908063836363,39.25502085952824,39.04829424538813,39.094234466552734,6942900,0.0,0.0,0.0,XLP
2015-12-31 00:00:00-05:00,38.96405803649191,38.97171619764827,38.611858562349816,38.657798767089844,6801400,0.0,0.0,0.0,XLP
2016-01-04 00:00:00-05:00,38.15246372138856,38.16777420043945,37.78494796805498,38.16777420043945,17281200,0.0,0.0,0.0,XLP
2016-01-05 00:00:00-05:00,38.259660212279684,38.50466880329279,38.16012455945161,38.41278839111328,8630500,0.0,0.0,0.0,XLP
2016-01-06 00:00:00-05:00,38.029964154383634,38.435762028238386,38.00699551046593,38.282630920410156,12429100,0.0,0.0,0.0,XLP
2016-01-07 00:00:00-05:00,37.853862256045424,38.22903330291298,37.6854206756459,37.823238372802734,16031500,0.0,0.0,0.0,XLP
2016-01-08 00:00:00-05:00,38.06825269437967,38.06825269437967,37.45572820558481,37.53229522705078,14691000,0.0,0.0,0.0,XLP
2016-01-11 00:00:00-05:00,37.76199046782393,38.022312499464775,37.51698184048351,37.88449478149414,15890200,0.0,0.0,0.0,XLP
2016-01-12 00:00:00-05:00,38.11418186749879,38.244344315897315,37.78495104716045,38.09121322631836,13171500,0.0,0.0,0.0,XLP
2016-01-13 00:00:00-05:00,38.13714633323993,38.16777020887146,37.35618055036076,37.39446258544922,19407900,0.0,0.0,0.0,XLP
2016-01-14 00:00:00-05:00,37.50167447342718,37.830905417054915,37.32557467672248,37.57058334350586,19025800,0.0,0.0,0.0,XLP
2016-01-15 00:00:00-05:00,36.935073162154616,37.22601897202335,36.69006170641086,36.98101043701172,24210900,0.0,0.0,0.0,XLP
2016-01-19 00:00:00-05:00,37.356185763423895,37.562912286628766,37.18774128064975,37.42509460449219,14945200,0.0,0.0,0.0,XLP
2016-01-20 00:00:00-05:00,37.01163757976401,37.180082044432346,36.284267206834215,36.95804214477539,28302800,0.0,0.0,0.0,XLP
2016-01-21 00:00:00-05:00,36.98866571138628,37.2642981012249,36.75896767208959,37.103511810302734,21001000,0.0,0.0,0.0,XLP
2016-01-22 00:00:00-05:00,37.52461759961816,37.81556628880033,37.2336718311677,37.7390022277832,13754500,0.0,0.0,0.0,XLP
2016-01-25 00:00:00-05:00,37.12649384462738,37.723701905588165,37.06524023799924,37.40212631225586,15869400,0.0,0.0,0.0,XLP
2016-01-26 00:00:00-05:00,37.51698596508631,37.99168986765548,37.47870391049314,37.746681213378906,10523400,0.0,0.0,0.0,XLP
2016-01-27 00:00:00-05:00,37.80027059732427,38.18309692318137,37.47869788555619,37.70839309692383,17247400,0.0,0.0,0.0,XLP
2016-01-28 00:00:00-05:00,37.838546490403196,38.229030914866165,37.72370036376843,38.09121322631836,15649200,0.0,0.0,0.0,XLP
2016-01-29 00:00:00-05:00,38.35154276362059,38.91812703054845,38.175442998142074,38.86452865600586,20576300,0.0,0.0,0.0,XLP
2016-02-01 00:00:00-05:00,38.780308132703524,39.1554762979333,38.665459066193876,38.99468994140625,18573100,0.0,0.0,0.0,XLP
2016-02-02 00:00:00-05:00,38.71140164931233,38.71140164931233,38.40513940033984,38.49701690673828,14068600,0.0,0.0,0.0,XLP
2016-02-03 00:00:00-05:00,38.642486500829264,38.711395349597495,38.05293366597497,38.41278839111328,25209800,0.0,0.0,0.0,XLP
2016-02-04 00:00:00-05:00,38.24434290684365,38.290280187512025,37.876830057834155,38.060585021972656,21240800,0.0,0.0,0.0,XLP
2016-02-05 00:00:00-05:00,38.12949959982435,38.24434866023792,37.800268742087255,37.99934005737305,20073300,0.0,0.0,0.0,XLP
2016-02-08 00:00:00-05:00,37.74667205964979,38.00699405678115,37.4327546149384,37.899803161621094,21546900,0.0,0.0,0.0,XLP
2016-02-09 00:00:00-05:00,37.6011913211387,38.359185591561705,37.5705645229495,38.152462005615234,24376300,0.0,0.0,0.0,XLP
2016-02-10 00:00:00-05:00,38.29027272005021,38.51231260241959,38.06057759930654,38.10651779174805,14798700,0.0,0.0,0.0,XLP
2016-02-11 00:00:00-05:00,37.65478573014371,37.97635834015901,37.425090591456765,37.80025863647461,26010400,0.0,0.0,0.0,XLP
2016-02-12 00:00:00-05:00,38.029953840305076,38.34387413261796,37.85385413631903,38.33621597290039,12464000,0.0,0.0,0.0,XLP
2016-02-16 00:00:00-05:00,38.665459031951244,38.696085839091104,38.35154156060037,38.64249038696289,15217700,0.0,0.0,0.0,XLP
2016-02-17 00:00:00-05:00,38.81093979095477,39.155484138744995,38.69609362218048,39.0406379699707,11040500,0.0,0.0,0.0,XLP
2016-02-18 00:00:00-05:00,38.91046886815672,38.98703296767497,38.65780500315995,38.86452865600586,13101900,0.0,0.0,0.0,XLP
2016-02-19 00:00:00-05:00,38.757325336033965,39.00233388090618,38.54294358945385,38.9257698059082,9795000,0.0,0.0,0.0,XLP
2016-02-22 00:00:00-05:00,39.14781048419861,39.232032720796106,39.00999280989948,39.117183685302734,9152000,0.0,0.0,0.0,XLP
2016-02-23 00:00:00-05:00,39.04061875225291,39.186091662718205,38.94873835758113,39.109527587890625,9986500,0.0,0.0,0.0,XLP
2016-02-24 00:00:00-05:00,38.925774412872876,39.27797387271885,38.72670604187855,39.23203659057617,13271700,0.0,0.0,0.0,XLP
2016-02-25 00:00:00-05:00,39.33157269403222,39.69908558640357,39.239695201122586,39.676116943359375,9512000,0.0,0.0,0.0,XLP
2016-02-26 00:00:00-05:00,39.7833004972603,39.7833004972603,39.04061960879535,39.117183685302734,28143900,0.0,0.0,0.0,XLP
2016-02-29 00:00:00-05:00,39.09422384956988,39.40048314529388,38.97937478821528,38.987030029296875,13596800,0.0,0.0,0.0,XLP
2016-03-01 00:00:00-05:00,39.2090705801413,39.431110544376814,39.14781988836809,39.36220169067383,13169700,0.0,0.0,0.0,XLP
2016-03-02 00:00:00-05:00,39.408138119460475,39.477046966552734,39.16312953440636,39.477046966552734,16157700,0.0,0.0,0.0,XLP
2016-03-03 00:00:00-05:00,39.31625929175847,39.676116943359375,39.17844159202761,39.676116943359375,10743600,0.0,0.0,0.0,XLP
2016-03-04 00:00:00-05:00,39.660800821867,39.944091442676246,39.50766973036135,39.84455871582031,17384700,0.0,0.0,0.0,XLP
2016-03-07 00:00:00-05:00,39.67610477760852,39.81392243508082,39.53063188171307,39.59954071044922,14095900,0.0,0.0,0.0,XLP
2016-03-08 00:00:00-05:00,39.492352821254926,39.92877446252855,39.423443987331076,39.71438980102539,11554900,0.0,0.0,0.0,XLP
2016-03-09 00:00:00-05:00,39.836900754423915,40.0665988531995,39.82924551413997,40.01300048828125,11307500,0.0,0.0,0.0,XLP
2016-03-10 00:00:00-05:00,40.158482784074124,40.25036028588737,39.68377895051705,40.0283203125,13004500,0.0,0.0,0.0,XLP
2016-03-11 00:00:00-05:00,40.22737898867925,40.3116012224914,40.012994324230434,40.158470153808594,12880500,0.0,0.0,0.0,XLP
2016-03-14 00:00:00-04:00,40.135501861572266,40.22738226269922,40.0129975808021,40.135501861572266,10645100,0.0,0.0,0.0,XLP
2016-03-15 00:00:00-04:00,40.02066457821647,40.28864183884432,39.951755722521725,40.23504638671875,6523700,0.0,0.0,0.0,XLP
2016-03-16 00:00:00-04:00,40.20442286722072,40.41880761398699,39.9287903426355,40.326927185058594,13743400,0.0,0.0,0.0,XLP
2016-03-17 00:00:00-04:00,40.31160794767004,40.702089463259576,40.27332298356311,40.571929931640625,13903400,0.0,0.0,0.0,XLP
2016-03-18 00:00:00-04:00,40.64195954267521,40.680438370869425,40.45725705729798,40.51882553100586,13037000,0.271,0.0,0.0,XLP
2016-03-21 00:00:00-04:00,40.53421455180147,40.68813279971005,40.357209594217856,40.54191207885742,11421400,0.0,0.0,0.0,XLP
2016-03-22 00:00:00-04:00,40.41108281072975,40.518827645340835,40.24177537069118,40.303340911865234,9853200,0.0,0.0,0.0,XLP
2016-03-23 00:00:00-04:00,40.21869386626402,40.74201428304946,40.20330467966488,40.3110466003418,11304300,0.0,0.0,0.0,XLP
2016-03-24 00:00:00-04:00,40.17251608690898,40.30334470907155,40.134037253081566,40.26486587524414,9455500,0.0,0.0,0.0,XLP
2016-03-28 00:00:00-04:00,40.31104303504417,40.56500569192851,40.31104303504417,40.480350494384766,7363500,0.0,0.0,0.0,XLP
2016-03-29 00:00:00-04:00,40.457262218535476,40.79588005988794,40.40339126504183,40.78049087524414,10354700,0.0,0.0,0.0,XLP
2016-03-30 00:00:00-04:00,40.91901509051564,41.04984664916992,40.81897070914415,41.04984664916992,8932300,0.0,0.0,0.0,XLP
2016-03-31 00:00:00-04:00,40.980571285769344,41.04983434058359,40.788174237479346,40.8343505859375,8297400,0.0,0.0,0.0,XLP
2016-04-01 00:00:00-04:00,40.66505698466412,41.380774533803375,40.61118602382544,41.26533508300781,14840300,0.0,0.0,0.0,XLP
2016-04-04 00:00:00-04:00,41.31919477023363,41.36537112510244,41.06523215782112,41.28071594238281,12949000,0.0,0.0,0.0,XLP
2016-04-05 00:00:00-04:00,41.11140782223742,41.20376053701887,40.911316145037354,41.003665924072266,11748800,0.0,0.0,0.0,XLP
2016-04-06 00:00:00-04:00,40.89592989195285,41.334595074973286,40.89592989195285,41.326900482177734,11672400,0.0,0.0,0.0,XLP
2016-04-07 00:00:00-04:00,41.04984934424631,41.19607009752164,40.749710308932876,40.88053894042969,11243400,0.0,0.0,0.0,XLP
2016-04-08 00:00:00-04:00,41.05754525183833,41.14989798546636,40.97289298296668,41.103721618652344,7040200,0.0,0.0,0.0,XLP
2016-04-11 00:00:00-04:00,41.1498885939762,41.28071719980333,40.78048655101278,40.8112678527832,6694100,0.0,0.0,0.0,XLP
2016-04-12 00:00:00-04:00,40.81896330710626,41.11140474142623,40.81896330710626,41.06523132324219,9361100,0.0,0.0,0.0,XLP
2016-04-13 00:00:00-04:00,41.16528470788178,41.211458132891856,40.56500376102997,40.74970626831055,14780000,0.0,0.0,0.0,XLP
2016-04-14 00:00:00-04:00,40.726622954967986,40.82667028429649,40.534225825507825,40.56501007080078,11811300,0.0,0.0,0.0,XLP
2016-04-15 00:00:00-04:00,40.557309551299404,40.83436184695995,40.51113319010705,40.8189697265625,12384200,0.0,0.0,0.0,XLP
2016-04-18 00:00:00-04:00,40.749707633561734,41.04984664916992,40.7189233920258,41.04984664916992,8476800,0.0,0.0,0.0,XLP
2016-04-19 00:00:00-04:00,40.965191617998244,41.06523893552,40.842057587104875,41.02676010131836,5980100,0.0,0.0,0.0,XLP
2016-04-20 00:00:00-04:00,40.95750185891795,40.95750185891795,40.464965677219496,40.56501007080078,20207300,0.0,0.0,0.0,XLP
2016-04-21 00:00:00-04:00,40.41108850913264,40.46496240190827,39.810810453243704,39.84159469604492,30667400,0.0,0.0,0.0,XLP
2016-04-22 00:00:00-04:00,39.71075975210012,39.98781204223633,39.66458632757523,39.98781204223633,22004200,0.0,0.0,0.0,XLP
2016-04-25 00:00:00-04:00,39.764632228247244,40.26486587524414,39.7569376357805,40.26486587524414,8947300,0.0,0.0,0.0,XLP
2016-04-26 00:00:00-04:00,40.364908747453555,40.38799545805869,40.03398552862947,40.103248596191406,10821800,0.0,0.0,0.0,XLP
2016-04-27 00:00:00-04:00,40.24948174036952,40.41879216569883,39.949342666920224,40.295658111572266,12012100,0.0,0.0,0.0,XLP
2016-04-28 00:00:00-04:00,40.1417208372824,40.57269129090402,40.134026246925785,40.3341178894043,11547000,0.0,0.0,0.0,XLP
2016-04-29 00:00:00-04:00,40.326437996820815,40.334132589981884,40.010906833769134,40.24947738647461,13198500,0.0,0.0,0.0,XLP
2016-05-02 00:00:00-04:00,40.36490826859367,40.74970243142918,40.234076726641426,40.71122360229492,14096300,0.0,0.0,0.0,XLP
2016-05-03 00:00:00-04:00,40.565006636184386,40.795882584839,40.51883320790164,40.63426971435547,12837300,0.0,0.0,0.0,XLP
2016-05-04 00:00:00-04:00,40.51882999018812,40.834361113299835,40.403390557154694,40.75740051269531,11003200,0.0,0.0,0.0,XLP
2016-05-05 00:00:00-04:00,40.66504364689109,40.988269305908034,40.634259412009605,40.76509094238281,10555900,0.0,0.0,0.0,XLP
2016-05-06 00:00:00-04:00,40.70353123694118,40.9728889465332,40.57270261414406,40.9728889465332,8435400,0.0,0.0,0.0,XLP
2016-05-09 00:00:00-04:00,40.995968517204204,41.31149959834043,40.903618744510915,41.19606018066406,9845100,0.0,0.0,0.0,XLP
2016-05-10 00:00:00-04:00,41.32689441388119,41.603946685791016,41.28071805664737,41.603946685791016,8567400,0.0,0.0,0.0,XLP
2016-05-11 00:00:00-04:00,41.54238027055663,41.588556630081435,41.25763339285371,41.27302551269531,6462100,0.0,0.0,0.0,XLP
2016-05-12 00:00:00-04:00,41.36537195705013,41.58085574594567,41.2807167726279,41.49620056152344,11906400,0.0,0.0,0.0,XLP
2016-05-13 00:00:00-04:00,41.396161992181405,41.4577275394545,40.90362587100918,40.9728889465332,10657700,0.0,0.0,0.0,XLP
2016-05-16 00:00:00-04:00,40.89593724662812,41.32690791435824,40.865152998415795,41.23455810546875,8139300,0.0,0.0,0.0,XLP
2016-05-17 00:00:00-04:00,41.080623514527375,41.211452113944034,40.318729819921636,40.42647171020508,19898200,0.0,0.0,0.0,XLP
2016-05-18 00:00:00-04:00,40.20330225695292,40.32643629255588,39.80311590730653,39.95703125,20120200,0.0,0.0,0.0,XLP
2016-05-19 00:00:00-04:00,40.080163071414695,40.36490994170662,39.98011576292152,40.349517822265625,13237300,0.0,0.0,0.0,XLP
2016-05-20 00:00:00-04:00,40.45726623688387,40.480352951889394,40.09555871114616,40.1417350769043,7050800,0.0,0.0,0.0,XLP
2016-05-23 00:00:00-04:00,40.21099817207244,40.287955845949824,40.103256254345276,40.180213928222656,8546700,0.0,0.0,0.0,XLP
2016-05-24 00:00:00-04:00,40.27255750766716,40.61117530582127,40.25716538924019,40.51882553100586,11258200,0.0,0.0,0.0,XLP
2016-05-25 00:00:00-04:00,40.59579831312682,40.74971661899908,40.50344850390247,40.580406188964844,9767300,0.0,0.0,0.0,XLP
2016-05-26 00:00:00-04:00,40.626579320239074,40.83436857622695,40.626579320239074,40.74201583862305,7957000,0.0,0.0,0.0,XLP
2016-05-27 00:00:00-04:00,40.78818130493164,40.85744437174723,40.657352698583566,40.78818130493164,7873000,0.0,0.0,0.0,XLP
2016-05-31 00:00:00-04:00,40.84975607834148,40.91132162736601,40.43417761337489,40.526527404785156,8766400,0.0,0.0,0.0,XLP
2016-06-01 00:00:00-04:00,40.55730257371019,40.94209671020508,40.55730257371019,40.94209671020508,10175800,0.0,0.0,0.0,XLP
2016-06-02 00:00:00-04:00,40.85744932647872,40.957496643066406,40.71892317604864,40.957496643066406,6309800,0.0,0.0,0.0,XLP
2016-06-03 00:00:00-04:00,41.03445945167553,41.23455410991939,40.872846567842025,41.21916198730469,13362500,0.0,0.0,0.0,XLP
2016-06-06 00:00:00-04:00,41.28842473461524,41.37307700468518,41.06524336214231,41.26533508300781,10778100,0.0,0.0,0.0,XLP
2016-06-07 00:00:00-04:00,41.296119664630965,41.38077487113819,41.14989890341216,41.21916198730469,5572800,0.0,0.0,0.0,XLP
2016-06-08 00:00:00-04:00,41.211461795567956,41.4808195203019,41.12680659453006,41.46542739868164,6024500,0.0,0.0,0.0,XLP
2016-06-09 00:00:00-04:00,41.38845220681906,41.65011231067002,41.38075761659373,41.62702560424805,5946800,0.0,0.0,0.0,XLP
2016-06-10 00:00:00-04:00,41.419244397308816,41.72708090889594,41.373068039846785,41.65781784057617,10563900,0.0,0.0,0.0,XLP
2016-06-13 00:00:00-04:00,41.65782741459913,41.72709049883732,41.3115119934082,41.3115119934082,9091800,0.0,0.0,0.0,XLP
2016-06-14 00:00:00-04:00,41.296116649541595,41.488513764557304,41.04984857718125,41.473121643066406,9530900,0.0,0.0,0.0,XLP
2016-06-15 00:00:00-04:00,41.46542647172707,41.58086297767789,41.29611607343619,41.3499870300293,9347600,0.0,0.0,0.0,XLP
2016-06-16 00:00:00-04:00,41.21915162313693,41.58855366576537,41.157583148158956,41.56546401977539,12205700,0.0,0.0,0.0,XLP
2016-06-17 00:00:00-04:00,41.505854871254456,41.56779081639747,41.12648650114504,41.397464752197266,10077500,0.323,0.0,0.0,XLP
2016-06-20 00:00:00-04:00,41.660694289877966,41.79231000378845,41.474880569370875,41.529075622558594,6497500,0.0,0.0,0.0,XLP
2016-06-21 00:00:00-04:00,41.58327137656298,41.74585653886623,41.56778665347568,41.63746643066406,6879100,0.0,0.0,0.0,XLP
2016-06-22 00:00:00-04:00,41.691664431966416,41.80779838662626,41.614243764465954,41.66069793701172,5408300,0.0,0.0,0.0,XLP
2016-06-23 00:00:00-04:00,41.82328189739003,41.91618728637695,41.70714794609958,41.91618728637695,5642500,0.0,0.0,0.0,XLP
2016-06-24 00:00:00-04:00,41.149709529430034,41.63746499957551,40.94067020504961,41.11099624633789,23775900,0.0,0.0,0.0,XLP
2016-06-27 00:00:00-04:00,41.049066369834485,41.118746154915186,40.76260634379573,41.025840759277344,19305900,0.0,0.0,0.0,XLP
2016-06-28 00:00:00-04:00,41.37424697136623,41.37424697136623,40.909716924796925,41.281341552734375,11868600,0.0,0.0,0.0,XLP
2016-06-29 00:00:00-04:00,41.49811429166116,41.78457728985141,41.36649855201386,41.761348724365234,10821000,0.0,0.0,0.0,XLP
2016-06-30 00:00:00-04:00,41.815546552572776,42.698158264160156,41.807805665838615,42.698158264160156,20984800,0.0,0.0,0.0,XLP
2016-07-01 00:00:00-04:00,42.77556816681312,42.79105288978936,42.481364337082354,42.496849060058594,14933900,0.0,0.0,0.0,XLP
2016-07-05 00:00:00-04:00,42.4426583229645,43.007837478738594,42.4426583229645,42.73686218261719,19917100,0.0,0.0,0.0,XLP
2016-07-06 00:00:00-04:00,42.7291195554979,42.84525351622037,42.512339312452575,42.77557373046875,19540000,0.0,0.0,0.0,XLP
2016-07-07 00:00:00-04:00,42.88396142060704,42.961385041168775,42.605242293403066,42.690406799316406,15618100,0.0,0.0,0.0,XLP
2016-07-08 00:00:00-04:00,42.852991794291405,43.154939483113615,42.721376069997135,43.11622619628906,10227500,0.0,0.0,0.0,XLP
2016-07-11 00:00:00-04:00,43.12397384643555,43.25558958236238,42.907190644012836,43.12397384643555,8213900,0.0,0.0,0.0,XLP
2016-07-12 00:00:00-04:00,43.05429355889578,43.11622950643362,42.87622364878664,42.89170837402344,15270800,0.0,0.0,0.0,XLP
2016-07-13 00:00:00-04:00,42.94590307273482,43.18590892835364,42.86073856135679,43.1317138671875,9398800,0.0,0.0,0.0,XLP
2016-07-14 00:00:00-04:00,43.10848912101897,43.37172354628203,43.04655021935266,43.12397384643555,15486400,0.0,0.0,0.0,XLP
2016-07-15 00:00:00-04:00,43.15494329726871,43.325269370032295,43.038809333349064,43.12397384643555,10722200,0.0,0.0,0.0,XLP
2016-07-18 00:00:00-04:00,43.12396881927185,43.15493826649475,43.00783486889049,43.0775146484375,9656800,0.0,0.0,0.0,XLP
2016-07-19 00:00:00-04:00,42.953645350495485,43.04655075073242,42.83751433855167,43.04655075073242,5295600,0.0,0.0,0.0,XLP
2016-07-20 00:00:00-04:00,43.03880883365898,43.0930038952831,42.868479809463565,42.89170837402344,6073200,0.0,0.0,0.0,XLP
2016-07-21 00:00:00-04:00,42.82977347774303,42.85299909106519,42.60524937093006,42.76783752441406,6682400,0.0,0.0,0.0,XLP
2016-07-22 00:00:00-04:00,42.85299750060673,42.992357082186714,42.79880243592669,42.96913146972656,10602400,0.0,0.0,0.0,XLP
2016-07-25 00:00:00-04:00,42.93041992596812,42.9613893773186,42.729121445599425,42.92267608642578,4033400,0.0,0.0,0.0,XLP
2016-07-26 00:00:00-04:00,42.86848280829867,43.00010150531407,42.55879714212694,42.58976364135742,11737800,0.0,0.0,0.0,XLP
2016-07-27 00:00:00-04:00,42.53556656817499,42.53556656817499,41.83877163712159,41.95490264892578,21562400,0.0,0.0,0.0,XLP
2016-07-28 00:00:00-04:00,42.202656322205954,42.21814104925196,41.83103173333097,42.14072036743164,10873800,0.0,0.0,0.0,XLP
2016-07-29 00:00:00-04:00,42.194910036259145,42.411690280345276,42.109745525108366,42.349754333496094,9262200,0.0,0.0,0.0,XLP
2016-08-01 00:00:00-04:00,42.31878903728362,42.48137423630722,42.19491417801666,42.396209716796875,14918200,0.0,0.0,0.0,XLP
2016-08-02 00:00:00-04:00,42.41169115079771,42.496855663696394,42.156200565511014,42.33427047729492,11733500,0.0,0.0,0.0,XLP
2016-08-03 00:00:00-04:00,42.40394207863114,42.40394207863114,41.98586343424465,42.10199737548828,13290800,0.0,0.0,0.0,XLP
2016-08-04 00:00:00-04:00,42.17166728185011,42.36522183636067,42.0632772038695,42.19489288330078,8943200,0.0,0.0,0.0,XLP
2016-08-05 00:00:00-04:00,42.365251927922614,42.481382971070644,42.179438124111456,42.26460266113281,12028500,0.0,0.0,0.0,XLP
2016-08-08 00:00:00-04:00,42.4426560830711,42.473625530538925,42.086516297418314,42.21813201904297,8057700,0.0,0.0,0.0,XLP
2016-08-09 00:00:00-04:00,42.21813564715143,42.504598630733035,42.21813564715143,42.349754333496094,7840900,0.0,0.0,0.0,XLP
2016-08-10 00:00:00-04:00,42.46587961136524,42.58975444175827,42.419428395848435,42.50459289550781,7303600,0.0,0.0,0.0,XLP
2016-08-11 00:00:00-04:00,42.72137311034337,42.72137311034337,42.48910817253257,42.50459289550781,8083000,0.0,0.0,0.0,XLP
2016-08-12 00:00:00-04:00,42.582019280112824,42.698153241331404,42.55104982999996,42.65169906616211,8783800,0.0,0.0,0.0,XLP
2016-08-15 00:00:00-04:00,42.70588960913744,42.77556938781503,42.543304443359375,42.543304443359375,8568200,0.0,0.0,0.0,XLP
2016-08-16 00:00:00-04:00,42.481365372972434,42.48910921135385,42.34974965457836,42.35749053955078,6712100,0.0,0.0,0.0,XLP
2016-08-17 00:00:00-04:00,42.34201411490069,42.53556876464529,42.18717275783268,42.4736328125,12552000,0.0,0.0,0.0,XLP
2016-08-18 00:00:00-04:00,42.54330687096251,42.667181711968,42.54330687096251,42.6207275390625,6683700,0.0,0.0,0.0,XLP
2016-08-19 00:00:00-04:00,42.56653474177932,42.574278581046165,42.43491900833628,42.52008056640625,5846500,0.0,0.0,0.0,XLP
2016-08-22 00:00:00-04:00,42.52008090491766,42.628473981651105,42.44266023208885,42.5820198059082,9938600,0.0,0.0,0.0,XLP
2016-08-23 00:00:00-04:00,42.605239167483376,42.68266278236459,42.481364337082354,42.496849060058594,5687400,0.0,0.0,0.0,XLP
2016-08-24 00:00:00-04:00,42.48137249331682,42.566537009332905,42.25685135057654,42.42717742919922,7793500,0.0,0.0,0.0,XLP
2016-08-25 00:00:00-04:00,42.45041646494397,42.45041646494397,42.179438124111456,42.26460266113281,7359700,0.0,0.0,0.0,XLP
2016-08-26 00:00:00-04:00,42.30330018101026,42.473629203403256,41.9316756394877,42.04780960083008,13499700,0.0,0.0,0.0,XLP
2016-08-29 00:00:00-04:00,42.125233707858264,42.295562744140625,42.086523368723974,42.295562744140625,8202800,0.0,0.0,0.0,XLP
2016-08-30 00:00:00-04:00,42.218135669813755,42.28007457010551,41.98587070053832,42.04780960083008,7950900,0.0,0.0,0.0,XLP
2016-08-31 00:00:00-04:00,42.009089041129855,42.148448589258685,41.95489398945851,42.10199737548828,8154900,0.0,0.0,0.0,XLP
2016-09-01 00:00:00-04:00,41.93167511593808,42.15619919657834,41.89296478044372,42.117488861083984,16677600,0.0,0.0,0.0,XLP
2016-09-02 00:00:00-04:00,42.27233225685866,42.54331052530318,42.24136575900424,42.44266128540039,10966300,0.0,0.0,0.0,XLP
2016-09-06 00:00:00-04:00,42.45041048039666,42.551056779587405,42.24137108810777,42.53557205200195,9273300,0.0,0.0,0.0,XLP
2016-09-07 00:00:00-04:00,42.45814813931993,42.53556881795097,42.07877972584488,42.163944244384766,13418500,0.0,0.0,0.0,XLP
2016-09-08 00:00:00-04:00,42.00135092122897,42.12522575511835,41.854250478925636,41.931671142578125,13344400,0.0,0.0,0.0,XLP
2016-09-09 00:00:00-04:00,41.56778219361801,41.64520580074764,40.79356384277344,40.79356384277344,24921600,0.0,0.0,0.0,XLP
2016-09-12 00:00:00-04:00,40.74712583788072,41.62199073142101,40.74712583788072,41.560054779052734,23542700,0.0,0.0,0.0,XLP
2016-09-13 00:00:00-04:00,41.34328001508255,41.38973124718524,40.96391155025403,41.049076080322266,21780500,0.0,0.0,0.0,XLP
2016-09-14 00:00:00-04:00,41.07229042222059,41.21939382592652,40.80905601672538,40.92518997192383,19396200,0.0,0.0,0.0,XLP
2016-09-15 00:00:00-04:00,40.832282854934355,41.304553634382,40.79356956923079,41.25810241699219,10119900,0.0,0.0,0.0,XLP
2016-09-16 00:00:00-04:00,41.20979546528982,41.24874552716606,40.88260840779117,41.12410354614258,14475100,0.328,0.0,0.0,XLP
2016-09-19 00:00:00-04:00,41.131887102943004,41.27990147949853,41.03840637207031,41.03840637207031,9579400,0.0,0.0,0.0,XLP
2016-09-20 00:00:00-04:00,41.233175767399,41.30328708592068,41.13969499993675,41.147483825683594,9705900,0.0,0.0,0.0,XLP
2016-09-21 00:00:00-04:00,41.15527884346603,41.47467421467923,40.937153073386106,41.3734016418457,24882700,0.0,0.0,0.0,XLP
2016-09-22 00:00:00-04:00,41.521414323674556,41.81744025272712,41.521414323674556,41.739540100097656,17316000,0.0,0.0,0.0,XLP
2016-09-23 00:00:00-04:00,41.74732367177719,41.755112497379585,41.536989720112814,41.55257034301758,12930800,0.0,0.0,0.0,XLP
2016-09-26 00:00:00-04:00,41.4435101274049,41.45909075075066,41.16306485058133,41.2020149230957,12797200,0.0,0.0,0.0,XLP
2016-09-27 00:00:00-04:00,41.20201774500439,41.490251867391855,41.17864829423521,41.3734016418457,12608700,0.0,0.0,0.0,XLP
2016-09-28 00:00:00-04:00,41.459084954663645,41.53698508880176,41.256539851185146,41.443504333496094,9757500,0.0,0.0,0.0,XLP
2016-09-29 00:00:00-04:00,41.42012108995813,41.44349350145045,41.0072451378798,41.03840637207031,15094000,0.0,0.0,0.0,XLP
2016-09-30 00:00:00-04:00,41.23317118822435,41.59151656678337,41.23317118822435,41.4512939453125,17343100,0.0,0.0,0.0,XLP
2016-10-03 00:00:00-04:00,41.38118904035346,41.412350288103994,41.108535551786716,41.18643569946289,11454200,0.0,0.0,0.0,XLP
2016-10-04 00:00:00-04:00,41.155270931657896,41.18642920279343,40.75797251475814,40.835872650146484,13346600,0.0,0.0,0.0,XLP
2016-10-05 00:00:00-04:00,40.90597832486759,40.976089625737416,40.69564739395739,40.79691696166992,15203800,0.0,0.0,0.0,XLP
2016-10-06 00:00:00-04:00,40.641121973912206,40.97609792685121,40.57880245590256,40.87482833862305,15413300,0.0,0.0,0.0,XLP
2016-10-07 00:00:00-04:00,40.89040432268207,40.976093278762804,40.47752530444075,40.76576232910156,11403000,0.0,0.0,0.0,XLP
2016-10-10 00:00:00-04:00,40.85924308136206,41.00725452008282,40.68785922580153,40.76576232910156,8661700,0.0,0.0,0.0,XLP
2016-10-11 00:00:00-04:00,40.73460405907692,40.76576530266992,40.407416944749926,40.5554313659668,19642600,0.0,0.0,0.0,XLP
2016-10-12 00:00:00-04:00,40.62554888376487,40.88262175342569,40.547645762882645,40.781349182128906,7145400,0.0,0.0,0.0,XLP
2016-10-13 00:00:00-04:00,40.50090847912063,40.905992837081044,40.45416660472505,40.78914260864258,19180700,0.0,0.0,0.0,XLP
2016-10-14 00:00:00-04:00,40.804708757155055,40.99167024500841,40.73459745628523,40.79691696166992,10659100,0.0,0.0,0.0,XLP
2016-10-17 00:00:00-04:00,40.81249913277507,40.867029816447356,40.57879577822253,40.60216522216797,8465000,0.0,0.0,0.0,XLP
2016-10-18 00:00:00-04:00,40.78912911920835,40.96051296361322,40.71901781665176,40.726806640625,7844900,0.0,0.0,0.0,XLP
2016-10-19 00:00:00-04:00,40.648917739219364,40.71902906113707,40.430794947342115,40.49311447143555,9032000,0.0,0.0,0.0,XLP
2016-10-20 00:00:00-04:00,40.469749450683594,40.60997210986606,40.36847686978504,40.469749450683594,12176300,0.0,0.0,0.0,XLP
2016-10-21 00:00:00-04:00,40.60997368075086,40.74240454637898,40.51648992321273,40.68787384033203,14028200,0.0,0.0,0.0,XLP
2016-10-24 00:00:00-04:00,40.73460170762699,41.04620521047008,40.73460170762699,40.95272445678711,7609500,0.0,0.0,0.0,XLP
2016-10-25 00:00:00-04:00,41.12411857781336,41.20201873003985,41.06958787691475,41.100746154785156,9414600,0.0,0.0,0.0,XLP
2016-10-26 00:00:00-04:00,41.1319031843534,41.209806300287596,40.98389172162844,41.04621124267578,12417600,0.0,0.0,0.0,XLP
2016-10-27 00:00:00-04:00,41.03063002415881,41.19422507939696,40.804718420477506,40.859249114990234,17905700,0.0,0.0,0.0,XLP
2016-10-28 00:00:00-04:00,40.8280936499719,41.17085848854154,40.75798232257124,41.030635833740234,12751000,0.0,0.0,0.0,XLP
2016-10-31 00:00:00-04:00,41.06180089753333,41.23318481858499,41.03063964430564,41.13191223144531,8579100,0.0,0.0,0.0,XLP
2016-11-01 00:00:00-04:00,41.13189713955429,41.20200844774141,40.820293636711206,40.95272445678711,11342100,0.0,0.0,0.0,XLP
2016-11-02 00:00:00-04:00,40.851463317871094,41.08516972490924,40.82030503907303,40.851463317871094,9703300,0.0,0.0,0.0,XLP
2016-11-03 00:00:00-04:00,40.97610256112032,40.983894359065175,40.51648454848078,40.57101821899414,15641600,0.0,0.0,0.0,XLP
2016-11-04 00:00:00-04:00,40.508694493974986,40.57101698884331,40.173718513308025,40.20487976074219,11992400,0.0,0.0,0.0,XLP
2016-11-07 00:00:00-05:00,40.54764199105657,40.90598739868014,40.52427254281588,40.88261795043945,11763000,0.0,0.0,0.0,XLP
2016-11-08 00:00:00-05:00,40.586583556338894,41.178635209093464,40.54763349353382,41.053993225097656,13406800,0.0,0.0,0.0,XLP
2016-11-09 00:00:00-05:00,40.21266918376471,40.62554828914685,39.94001569391815,40.49311447143555,34557200,0.0,0.0,0.0,XLP
2016-11-10 00:00:00-05:00,40.508686824967675,40.508686824967675,39.33237818817508,39.4102783203125,52820800,0.0,0.0,0.0,XLP
2016-11-11 00:00:00-05:00,39.30121514214882,39.50375725942625,39.114250673223985,39.3713264465332,20828100,0.0,0.0,0.0,XLP
2016-11-14 00:00:00-05:00,39.371342717636836,39.40250397061897,39.153216918462505,39.301231384277344,20591800,0.0,0.0,0.0,XLP
2016-11-15 00:00:00-05:00,39.37912488703443,39.605039475407615,39.316805363307424,39.54271697998047,23028700,0.0,0.0,0.0,XLP
2016-11-16 00:00:00-05:00,39.55051040649414,39.72189430427643,39.48818790850048,39.55051040649414,16034200,0.0,0.0,0.0,XLP
2016-11-17 00:00:00-05:00,39.51934634337427,39.55829641599659,39.30122355932925,39.48039627075195,15626700,0.0,0.0,0.0,XLP
2016-11-18 00:00:00-05:00,39.480402102873725,39.5115633542548,39.28564873929274,39.340179443359375,14786100,0.0,0.0,0.0,XLP
2016-11-21 00:00:00-05:00,39.340176828175274,39.620622128561045,39.21553480263719,39.60504150390625,18968700,0.0,0.0,0.0,XLP
2016-11-22 00:00:00-05:00,39.72189007246542,39.88548215471993,39.69851765235767,39.807579040527344,11991800,0.0,0.0,0.0,XLP
2016-11-23 00:00:00-05:00,39.651792422503014,39.784223304726034,39.53493919678778,39.58946990966797,14783600,0.0,0.0,0.0,XLP
2016-11-25 00:00:00-05:00,39.67514744244625,39.90885083713854,39.67514744244625,39.90106201171875,10823500,0.0,0.0,0.0,XLP
2016-11-28 00:00:00-05:00,39.893283049871236,40.05687518162001,39.79980225625777,39.98676681518555,15116500,0.0,0.0,0.0,XLP
2016-11-29 00:00:00-05:00,39.994552219244724,40.088033004855454,39.901071433634,40.04129409790039,7915400,0.0,0.0,0.0,XLP
2016-11-30 00:00:00-05:00,39.838741908332075,39.95559509852893,39.39470454030413,39.402496337890625,16837600,0.0,0.0,0.0,XLP
2016-12-01 00:00:00-05:00,39.25448911651547,39.29343919650754,38.93509370585949,39.14542770385742,33621100,0.0,0.0,0.0,XLP
2016-12-02 00:00:00-05:00,39.246702853149166,39.425875610178394,39.223330426266536,39.39471435546875,21587200,0.0,0.0,0.0,XLP
2016-12-05 00:00:00-05:00,39.40249813705915,39.50376773670711,39.324595016137394,39.44144821166992,21223400,0.0,0.0,0.0,XLP
2016-12-06 00:00:00-05:00,39.42585395728843,39.558284759521484,39.40248451494123,39.558284759521484,16546300,0.0,0.0,0.0,XLP
2016-12-07 00:00:00-05:00,39.5427197647558,40.15814107778895,39.53493093812895,40.12697982788086,11756500,0.0,0.0,0.0,XLP
2016-12-08 00:00:00-05:00,39.971174518299115,40.15813605094379,39.893271403280515,39.963382720947266,17006400,0.0,0.0,0.0,XLP
2016-12-09 00:00:00-05:00,39.98676094743566,40.54764859851133,39.98676094743566,40.539859771728516,14415900,0.0,0.0,0.0,XLP
2016-12-12 00:00:00-05:00,40.43858079038645,40.74239550571795,40.43858079038645,40.70344543457031,9935900,0.0,0.0,0.0,XLP
2016-12-13 00:00:00-05:00,40.78135081804025,40.98389596875876,40.687870040931884,40.89041519165039,10452400,0.0,0.0,0.0,XLP
2016-12-14 00:00:00-05:00,40.91377893487391,41.04620976965951,40.337307784448576,40.44636917114258,25363200,0.0,0.0,0.0,XLP
2016-12-15 00:00:00-05:00,40.446372000698055,40.750189705642924,40.32172998265662,40.61775588989258,16154500,0.0,0.0,0.0,XLP
2016-12-16 00:00:00-05:00,40.748035428825084,40.87361006523319,40.661707357090684,40.85006332397461,15871100,0.386,0.0,0.0,XLP
2016-12-19 00:00:00-05:00,40.89715705862111,40.99133504953795,40.787282236907416,40.928550720214844,7523200,0.0,0.0,0.0,XLP
2016-12-20 00:00:00-05:00,40.94424130741657,40.94424130741657,40.661707357090684,40.85006332397461,15316900,0.0,0.0,0.0,XLP
2016-12-21 00:00:00-05:00,40.8108266442965,41.03842620372483,40.8108266442965,40.842220306396484,6553100,0.0,0.0,0.0,XLP
2016-12-22 00:00:00-05:00,40.79512340329065,40.865757634984995,40.70879234301269,40.77942657470703,6537200,0.0,0.0,0.0,XLP
2016-12-23 00:00:00-05:00,40.755882268790245,40.88930081912202,40.755882268790245,40.85791015625,6484300,0.0,0.0,0.0,XLP
2016-12-27 00:00:00-05:00,40.82651957658015,40.92854747172967,40.779429087927106,40.85006332397461,13378500,0.0,0.0,0.0,XLP
2016-12-28 00:00:00-05:00,40.81867620538663,40.84222295041818,40.59892654418945,40.59892654418945,8643600,0.0,0.0,0.0,XLP
2016-12-29 00:00:00-05:00,40.62245441694525,40.83435707621362,40.59891067498102,40.787269592285156,10299400,0.0,0.0,0.0,XLP
2016-12-30 00:00:00-05:00,40.79513180365858,40.87361596273783,40.4968979868865,40.583229064941406,8049900,0.0,0.0,0.0,XLP
2017-01-03 00:00:00-05:00,40.614617041156244,40.78727917308754,40.49689231595507,40.73234176635742,21730000,0.0,0.0,0.0,XLP
2017-01-04 00:00:00-05:00,40.78727917308754,40.9285476457833,40.724491854616474,40.73234176635742,9144600,0.0,0.0,0.0,XLP
2017-01-05 00:00:00-05:00,40.72449232888172,40.920698210592555,40.57537693657259,40.865760803222656,12312500,0.0,0.0,0.0,XLP
2017-01-06 00:00:00-05:00,40.78727325035696,40.92854170253909,40.63815488757377,40.90499496459961,9092400,0.0,0.0,0.0,XLP
2017-01-09 00:00:00-05:00,40.74804139528022,40.779435058979004,40.536141649974816,40.575382232666016,6903200,0.0,0.0,0.0,XLP
2017-01-10 00:00:00-05:00,40.53613402361712,40.59891834533807,40.30853449541773,40.37131881713867,10344300,0.0,0.0,0.0,XLP
2017-01-11 00:00:00-05:00,40.30066882063723,40.51257143705576,40.30066882063723,40.44978713989258,12087500,0.0,0.0,0.0,XLP
2017-01-12 00:00:00-05:00,40.434108170206144,40.50474240686648,40.37132085145735,40.41056442260742,13257600,0.0,0.0,0.0,XLP
2017-01-13 00:00:00-05:00,40.410553548775574,40.512578423492904,40.3320694214584,40.43409729003906,6517700,0.0,0.0,0.0,XLP
2017-01-17 00:00:00-05:00,40.465499551036025,41.0305704186363,40.4262559820957,41.00702667236328,19030100,0.0,0.0,0.0,XLP
2017-01-18 00:00:00-05:00,40.967779714487605,41.1639855531644,40.967779714487605,41.14828872680664,11652100,0.0,0.0,0.0,XLP
2017-01-19 00:00:00-05:00,41.10121238510562,41.10121238510562,40.905006478940884,40.99918746948242,17283400,0.0,0.0,0.0,XLP
2017-01-20 00:00:00-05:00,41.19538368446113,41.415133289633026,41.05411522574667,41.26601791381836,11015600,0.0,0.0,0.0,XLP
2017-01-23 00:00:00-05:00,41.266017262386775,41.28956100717957,41.11689889506228,41.25032043457031,16203800,0.0,0.0,0.0,XLP
2017-01-24 00:00:00-05:00,41.2817052201511,41.564242092902525,41.26601138843234,41.525001525878906,10242500,0.0,0.0,0.0,XLP
2017-01-25 00:00:00-05:00,41.61919868965545,41.67413610761069,41.50932385374496,41.517173767089844,8816800,0.0,0.0,0.0,XLP
2017-01-26 00:00:00-05:00,41.53286438206855,41.54071429480409,41.3366584777832,41.3366584777832,9985400,0.0,0.0,0.0,XLP
2017-01-27 00:00:00-05:00,41.23463768104979,41.344512519403956,40.99919117116731,41.109066009521484,16358700,0.0,0.0,0.0,XLP
2017-01-30 00:00:00-05:00,40.991336161535585,41.1326046486753,40.95994249909022,41.077667236328125,9951700,0.0,0.0,0.0,XLP
2017-01-31 00:00:00-05:00,41.077651293363296,41.27385711669922,41.007017077207834,41.27385711669922,12061300,0.0,0.0,0.0,XLP
2017-02-01 00:00:00-05:00,41.077670512367206,41.203242178298865,40.94424893326594,40.95209884643555,18479800,0.0,0.0,0.0,XLP
2017-02-02 00:00:00-05:00,41.14044126776429,41.49361239719648,41.14044126776429,41.328800201416016,18747500,0.0,0.0,0.0,XLP
2017-02-03 00:00:00-05:00,41.540704688856835,41.713366802737895,41.43082988688301,41.59564208984375,17954700,0.0,0.0,0.0,XLP
2017-02-06 00:00:00-05:00,41.57210542617543,41.57995234456857,41.36804962158203,41.36804962158203,19067900,0.0,0.0,0.0,XLP
2017-02-07 00:00:00-05:00,41.44652663870366,41.78400095492537,41.44652663870366,41.70551681518555,8364400,0.0,0.0,0.0,XLP
2017-02-08 00:00:00-05:00,41.752625033252734,41.9566778955191,41.68983769479226,41.878196716308594,8559200,0.0,0.0,0.0,XLP
2017-02-09 00:00:00-05:00,41.831089681253616,42.12147352221393,41.76045545033204,42.05084228515625,8840900,0.0,0.0,0.0,XLP
2017-02-10 00:00:00-05:00,42.074390325577376,42.137174651769755,41.925271937375086,42.082237243652344,9354200,0.0,0.0,0.0,XLP
2017-02-13 00:00:00-05:00,42.14502456370893,42.19996197182634,41.964515509342554,42.082237243652344,14059100,0.0,0.0,0.0,XLP
2017-02-14 00:00:00-05:00,41.980205462993155,42.16856140458177,41.831087099216475,42.09008026123047,10483300,0.0,0.0,0.0,XLP
2017-02-15 00:00:00-05:00,42.184259872943514,42.506037363382575,42.09792881558067,42.47464370727539,12675900,0.0,0.0,0.0,XLP
2017-02-16 00:00:00-05:00,42.42755427571318,42.54527598993304,42.23134842481639,42.529579162597656,11377300,0.0,0.0,0.0,XLP
2017-02-17 00:00:00-05:00,42.40401504758169,42.788579900746335,42.32553389086934,42.74148941040039,15581800,0.0,0.0,0.0,XLP
2017-02-21 00:00:00-05:00,42.867052075213145,43.235920020970894,42.81996458859801,43.12604522705078,16500000,0.0,0.0,0.0,XLP
2017-02-22 00:00:00-05:00,43.086812193868795,43.18883709529067,43.02402487558076,43.1338996887207,8099000,0.0,0.0,0.0,XLP
2017-02-23 00:00:00-05:00,43.16528953718353,43.40858588327501,43.13389588081098,43.235923767089844,9790300,0.0,0.0,0.0,XLP
2017-02-24 00:00:00-05:00,43.18883061907323,43.40073329572411,43.1574399585004,43.38503646850586,7762200,0.0,0.0,0.0,XLP
2017-02-27 00:00:00-05:00,43.31441060687017,43.31441060687017,43.094660971108844,43.188838958740234,12707400,0.0,0.0,0.0,XLP
2017-02-28 00:00:00-05:00,43.1182027716055,43.33795539130334,43.0711152768492,43.2437744140625,17735500,0.0,0.0,0.0,XLP
2017-03-01 00:00:00-05:00,43.26731355359927,43.54200053763122,43.20452624646992,43.44782257080078,16716100,0.0,0.0,0.0,XLP
2017-03-02 00:00:00-05:00,43.40073897697219,43.534160528860646,43.31440791290273,43.439979553222656,9988500,0.0,0.0,0.0,XLP
2017-03-03 00:00:00-05:00,43.3065553976523,43.34579596883077,43.086805803961965,43.27516174316406,10083200,0.0,0.0,0.0,XLP
2017-03-06 00:00:00-05:00,43.1260516416443,43.14959538845378,43.01617683138135,43.08681106567383,6686600,0.0,0.0,0.0,XLP
2017-03-07 00:00:00-05:00,42.97693139903975,43.118199861502504,42.969084481731336,43.0318717956543,7846500,0.0,0.0,0.0,XLP
2017-03-08 00:00:00-05:00,42.92199771971813,43.00832878691936,42.88275714204416,42.93769454956055,10788000,0.0,0.0,0.0,XLP
2017-03-09 00:00:00-05:00,42.92199261250475,43.078957898387756,42.92199261250475,43.008323669433594,7025300,0.0,0.0,0.0,XLP
2017-03-10 00:00:00-05:00,43.18883960750322,43.25947384775386,43.086814700146746,43.20453643798828,6530200,0.0,0.0,0.0,XLP
2017-03-13 00:00:00-04:00,43.16528953718353,43.290861168809876,43.1103521354635,43.235923767089844,10658000,0.0,0.0,0.0,XLP
2017-03-14 00:00:00-04:00,43.180989612415,43.27516759475062,43.08681163007938,43.110355377197266,7890800,0.0,0.0,0.0,XLP
2017-03-15 00:00:00-04:00,43.16529640176993,43.557708187240564,43.16529640176993,43.43213653564453,14102900,0.0,0.0,0.0,XLP
2017-03-16 00:00:00-04:00,43.43998522524273,43.49492263793945,43.345807231171854,43.49492263793945,8727200,0.0,0.0,0.0,XLP
2017-03-17 00:00:00-04:00,43.52646376514573,43.676366514024444,43.376564025878906,43.376564025878906,16469400,0.29,0.0,0.0,XLP
2017-03-20 00:00:00-04:00,43.41601782526015,43.51858240486754,43.38446203966833,43.463356018066406,6559200,0.0,0.0,0.0,XLP
2017-03-21 00:00:00-04:00,43.4791460780787,43.60537828023902,43.36869327739005,43.423919677734375,13135500,0.0,0.0,0.0,XLP
2017-03-22 00:00:00-04:00,43.48702363373388,43.558029418176396,43.23455929118545,43.33712387084961,7094700,0.0,0.0,0.0,XLP
2017-03-23 00:00:00-04:00,43.297677101223115,43.45546806851925,43.171444929308684,43.24245071411133,7474700,0.0,0.0,0.0,XLP
2017-03-24 00:00:00-04:00,43.2424553578288,43.30556994575757,43.013658581160016,43.155670166015625,8343300,0.0,0.0,0.0,XLP
2017-03-27 00:00:00-04:00,42.99788219740517,43.17145259320477,42.92687639999741,43.11622619628906,5739500,0.0,0.0,0.0,XLP
2017-03-28 00:00:00-04:00,42.958429180756504,43.30556691409467,42.958429180756504,43.19511413574219,8810200,0.0,0.0,0.0,XLP
2017-03-29 00:00:00-04:00,43.1556725318284,43.329239915357086,43.1241137313276,43.27401351928711,5558200,0.0,0.0,0.0,XLP
2017-03-30 00:00:00-04:00,43.23456434524766,43.313461342524725,43.14777915304925,43.18722915649414,5399100,0.0,0.0,0.0,XLP
2017-03-31 00:00:00-04:00,43.13199597148435,43.24245175798672,43.06099319458008,43.06099319458008,4762300,0.0,0.0,0.0,XLP
2017-04-03 00:00:00-04:00,43.124091479392,43.171429655716814,42.91896540120711,42.98997116088867,10666600,0.0,0.0,0.0,XLP
2017-04-04 00:00:00-04:00,43.02154979333678,43.12411439172863,42.94265580048946,43.11622619628906,5284000,0.0,0.0,0.0,XLP
2017-04-05 00:00:00-04:00,43.12410436106318,43.31345411331208,42.982092799279556,43.03731918334961,7268100,0.0,0.0,0.0,XLP
2017-04-06 00:00:00-04:00,43.07676617059791,43.210889538776755,43.00576038970609,43.03731918334961,5061000,0.0,0.0,0.0,XLP
2017-04-07 00:00:00-04:00,43.07677316908879,43.27401114698684,43.06099677931612,43.155670166015625,7629900,0.0,0.0,0.0,XLP
2017-04-10 00:00:00-04:00,43.171449527245166,43.35290810559747,43.09255253038806,43.28190231323242,5260600,0.0,0.0,0.0,XLP
2017-04-11 00:00:00-04:00,43.28978488295912,43.337123074922175,43.147773316682255,43.29767608642578,6325100,0.0,0.0,0.0,XLP
2017-04-12 00:00:00-04:00,43.26611806245885,43.48702360966336,43.2424504708619,43.463356018066406,7377400,0.0,0.0,0.0,XLP
2017-04-13 00:00:00-04:00,43.43180008195449,43.471247073750305,43.25034151200369,43.26612091064453,6719100,0.0,0.0,0.0,XLP
2017-04-17 00:00:00-04:00,43.337125622886255,43.57381057739258,43.329234418955636,43.57381057739258,10585800,0.0,0.0,0.0,XLP
2017-04-18 00:00:00-04:00,43.518585141228584,43.89728167865329,43.43969115786981,43.77104949951172,11085500,0.0,0.0,0.0,XLP
2017-04-19 00:00:00-04:00,43.82627512511137,43.85783392174927,43.542251974595295,43.605369567871094,7254600,0.0,0.0,0.0,XLP
2017-04-20 00:00:00-04:00,43.45546300189132,43.58958335220742,43.36867782951642,43.518577575683594,9738200,0.0,0.0,0.0,XLP
2017-04-21 00:00:00-04:00,43.49491764414415,43.52647343178978,43.36868546472397,43.39235305786133,8435700,0.0,0.0,0.0,XLP
2017-04-24 00:00:00-04:00,43.518590924273425,43.85784051510053,43.518590924273425,43.786834716796875,9831700,0.0,0.0,0.0,XLP
2017-04-25 00:00:00-04:00,43.81049684463695,44.02351421295924,43.79471744591538,43.96039962768555,7292900,0.0,0.0,0.0,XLP
2017-04-26 00:00:00-04:00,43.97617790433514,43.97617790433514,43.58170197519892,43.605369567871094,7930800,0.0,0.0,0.0,XLP
2017-04-27 00:00:00-04:00,43.66848899635667,43.69215960126749,43.479142214747114,43.550148010253906,5861400,0.0,0.0,0.0,XLP
2017-04-28 00:00:00-04:00,43.42392143190999,43.55015363916966,43.30557742089827,43.53437423706055,7034800,0.0,0.0,0.0,XLP
2017-05-01 00:00:00-04:00,43.597480438506125,43.597480438506125,43.32923667354453,43.36868667602539,8353900,0.0,0.0,0.0,XLP
2017-05-02 00:00:00-04:00,43.274001085113355,43.36078625674764,43.03731616859113,43.07676315307617,7672100,0.0,0.0,0.0,XLP
2017-05-03 00:00:00-04:00,43.11622619628906,43.18723199369682,42.98210279691312,43.11622619628906,10973800,0.0,0.0,0.0,XLP
2017-05-04 00:00:00-04:00,43.22668425967522,43.676386694874395,43.187237258442764,43.44758987426758,11587700,0.0,0.0,0.0,XLP
2017-05-05 00:00:00-04:00,43.565921783447266,43.61325696792953,43.43179840498514,43.565921783447266,8539500,0.0,0.0,0.0,XLP
2017-05-08 00:00:00-04:00,43.59748320084988,43.59748320084988,43.46336281467752,43.550148010253906,5323400,0.0,0.0,0.0,XLP
2017-05-09 00:00:00-04:00,43.534364635910606,43.61325861944351,43.32134726883669,43.39235305786133,7256900,0.0,0.0,0.0,XLP
2017-05-10 00:00:00-04:00,43.41602847219199,43.4791460780787,43.360802071847665,43.423919677734375,5232300,0.0,0.0,0.0,XLP
2017-05-11 00:00:00-04:00,43.368692848546395,43.48703384399414,43.297687047432525,43.48703384399414,5058900,0.0,0.0,0.0,XLP
2017-05-12 00:00:00-04:00,43.447579254649824,43.47913805176738,43.33712647435092,43.36079406738281,5478800,0.0,0.0,0.0,XLP
2017-05-15 00:00:00-04:00,43.33712463905826,43.550141996161834,43.33712463905826,43.502803802490234,7303700,0.0,0.0,0.0,XLP
2017-05-16 00:00:00-04:00,43.636926382077014,43.70004096287301,43.43179722286223,43.463356018066406,4797100,0.0,0.0,0.0,XLP
2017-05-17 00:00:00-04:00,43.39236891320513,43.55015994753952,43.281916092055155,43.4002571105957,14021700,0.0,0.0,0.0,XLP
2017-05-18 00:00:00-04:00,43.41601000343408,43.53435395932272,43.28977785497172,43.43178939819336,7906600,0.0,0.0,0.0,XLP
2017-05-19 00:00:00-04:00,43.44757817900209,43.747380724971464,43.38446359594207,43.66848373413086,6277600,0.0,0.0,0.0,XLP
2017-05-22 00:00:00-04:00,43.676393255544795,43.97619592724897,43.668502048345,43.91307830810547,7101800,0.0,0.0,0.0,XLP
2017-05-23 00:00:00-04:00,43.97617902640711,44.165525791840764,43.93672902479691,43.96039962768555,7518500,0.0,0.0,0.0,XLP
2017-05-24 00:00:00-04:00,43.99195677001745,44.165527151686305,43.936730377597854,44.133968353271484,5136700,0.0,0.0,0.0,XLP
2017-05-25 00:00:00-04:00,44.197089268062875,44.52844764745622,44.18130986767087,44.41010665893555,6036600,0.0,0.0,0.0,XLP
2017-05-26 00:00:00-04:00,44.44166239621159,44.583670970724704,44.43377119175311,44.575782775878906,4207600,0.0,0.0,0.0,XLP
2017-05-30 00:00:00-04:00,44.481099774042555,44.59944072882345,44.410093997329206,44.559993743896484,4250900,0.0,0.0,0.0,XLP
2017-05-31 00:00:00-04:00,44.599448333104256,44.81246569956412,44.599448333104256,44.68623352050781,9780100,0.0,0.0,0.0,XLP
2017-06-01 00:00:00-04:00,44.74146161420378,45.04915237426758,44.599450031157005,45.04915237426758,23243900,0.0,0.0,0.0,XLP
2017-06-02 00:00:00-04:00,45.16749010373485,45.19904889772999,44.95447275868604,45.18326950073242,17247900,0.0,0.0,0.0,XLP
2017-06-05 00:00:00-04:00,45.128045313127345,45.254277485641325,44.99392193692427,45.23060989379883,17359600,0.0,0.0,0.0,XLP
2017-06-06 00:00:00-04:00,45.19116876294133,45.23061876990373,45.03338077354366,45.12016296386719,14846500,0.0,0.0,0.0,XLP
2017-06-07 00:00:00-04:00,45.02547614600732,45.167487701821315,45.009696749848864,45.1043701171875,10077700,0.0,0.0,0.0,XLP
2017-06-08 00:00:00-04:00,45.080696497382,45.08858769921167,44.638885502494006,44.76511764526367,10593400,0.0,0.0,0.0,XLP
2017-06-09 00:00:00-04:00,44.73357813781791,44.83614273852835,44.59156653979206,44.70990753173828,13410200,0.0,0.0,0.0,XLP
2017-06-12 00:00:00-04:00,44.72567488379193,44.90713343024948,44.599442720620935,44.70200729370117,11442400,0.0,0.0,0.0,XLP
2017-06-13 00:00:00-04:00,44.70201209578858,44.812464874227004,44.5284417241782,44.77301788330078,9520600,0.0,0.0,0.0,XLP
2017-06-14 00:00:00-04:00,44.95447277779396,45.151710725929036,44.899246393085114,45.057037353515625,16040200,0.0,0.0,0.0,XLP
2017-06-15 00:00:00-04:00,44.83613443280802,45.02548118869141,44.67834346316358,44.95447540283203,10361100,0.0,0.0,0.0,XLP
2017-06-16 00:00:00-04:00,44.56172582380621,44.577626892982785,44.08470587978438,44.48222351074219,26268000,0.436,0.0,0.0,XLP
2017-06-19 00:00:00-04:00,44.58557970196402,44.69688415527344,44.29141446642468,44.69688415527344,7883100,0.0,0.0,0.0,XLP
2017-06-20 00:00:00-04:00,44.736640197388624,44.76049028775378,44.51403126646255,44.52198028564453,7231700,0.0,0.0,0.0,XLP
2017-06-21 00:00:00-04:00,44.52197710348207,44.61738049094306,44.347068365787734,44.394771575927734,12517800,0.0,0.0,0.0,XLP
2017-06-22 00:00:00-04:00,44.331170591148805,44.355023714401455,44.08471156915217,44.10061264038086,7227600,0.0,0.0,0.0,XLP
2017-06-23 00:00:00-04:00,44.092662988730055,44.251670676854,44.06086084454139,44.11651611328125,10146400,0.0,0.0,0.0,XLP
2017-06-26 00:00:00-04:00,44.25166882075135,44.43452659293727,44.21191765859255,44.291419982910156,6590500,0.0,0.0,0.0,XLP
2017-06-27 00:00:00-04:00,44.20395602938584,44.331161540425654,43.90184483617792,43.909793853759766,10585500,0.0,0.0,0.0,XLP
2017-06-28 00:00:00-04:00,44.17216495353553,44.25961629410259,44.05290843840538,44.068809509277344,10734300,0.0,0.0,0.0,XLP
2017-06-29 00:00:00-04:00,44.01315397318441,44.132407446542,43.440727596047374,43.599735260009766,19058600,0.0,0.0,0.0,XLP
2017-06-30 00:00:00-04:00,43.76669937679281,43.84620473868858,43.67129597533734,43.67924499511719,11222600,0.0,0.0,0.0,XLP
2017-07-03 00:00:00-04:00,43.711049162216334,43.89390695380755,43.62359477649454,43.639495849609375,5782600,0.0,0.0,0.0,XLP
2017-07-05 00:00:00-04:00,43.63154202726531,43.726945422634394,43.55998872253368,43.607688903808594,15837000,0.0,0.0,0.0,XLP
2017-07-06 00:00:00-04:00,43.45662468999823,43.59178225348769,43.35326926295554,43.36122131347656,7893700,0.0,0.0,0.0,XLP
2017-07-07 00:00:00-04:00,43.400983744986966,43.48843812653052,43.21812596213202,43.337379455566406,9841500,0.0,0.0,0.0,XLP
2017-07-10 00:00:00-04:00,43.37713618445696,43.37713618445696,42.9796184508367,43.03527069091797,9119200,0.0,0.0,0.0,XLP
2017-07-11 00:00:00-04:00,43.075015672786364,43.09091674378637,42.82060460242461,42.91600799560547,11256400,0.0,0.0,0.0,XLP
2017-07-12 00:00:00-04:00,43.186320269539046,43.305576785995605,43.12271901816296,43.154518127441406,8100800,0.0,0.0,0.0,XLP
2017-07-13 00:00:00-04:00,43.210164315500705,43.25786752197448,43.122712986193605,43.1624641418457,10008200,0.0,0.0,0.0,XLP
2017-07-14 00:00:00-04:00,43.36123830292284,43.567946205180164,43.345337228469226,43.50434494018555,6341100,0.0,0.0,0.0,XLP
2017-07-17 00:00:00-04:00,43.58383079288308,43.59973186132169,43.42482314131566,43.55202865600586,7902200,0.0,0.0,0.0,XLP
2017-07-18 00:00:00-04:00,43.52022955194733,43.62358194757026,43.41687412350571,43.55202865600586,5310800,0.0,0.0,0.0,XLP
2017-07-19 00:00:00-04:00,43.53612416119126,43.71103286743164,43.480471942445405,43.71103286743164,5592000,0.0,0.0,0.0,XLP
2017-07-20 00:00:00-04:00,43.679243759089616,43.85415251749132,43.59974143226304,43.718997955322266,9816700,0.0,0.0,0.0,XLP
2017-07-21 00:00:00-04:00,43.56793826298375,43.80644827066924,43.52818710050605,43.790550231933594,7738700,0.0,0.0,0.0,XLP
2017-07-24 00:00:00-04:00,43.77463209525497,43.79848217688001,43.61562447451249,43.64742660522461,9302400,0.0,0.0,0.0,XLP
2017-07-25 00:00:00-04:00,43.79848740956529,43.98134513377915,43.758736257835054,43.94954299926758,13799900,0.0,0.0,0.0,XLP
2017-07-26 00:00:00-04:00,43.95749805320569,44.05290143044148,43.80643942036212,43.94159698486328,7594000,0.0,0.0,0.0,XLP
2017-07-27 00:00:00-04:00,43.97340821104738,44.378874922725274,43.94955508719387,44.37092590332031,12859000,0.0,0.0,0.0,XLP
2017-07-28 00:00:00-04:00,44.23576340029178,44.418621154500066,43.38507587588762,43.99725341796875,18412200,0.0,0.0,0.0,XLP
2017-07-31 00:00:00-04:00,43.88595417676057,44.08471302445168,43.8780021244741,43.98135757446289,7279300,0.0,0.0,0.0,XLP
2017-08-01 00:00:00-04:00,44.029057393621635,44.1483108733463,43.90980088107787,43.933650970458984,19015300,0.0,0.0,0.0,XLP
2017-08-02 00:00:00-04:00,43.846199423881295,43.973404954675885,43.70309282263499,43.901851654052734,17133700,0.0,0.0,0.0,XLP
2017-08-03 00:00:00-04:00,43.89390847057079,44.1244694894736,43.806454081826985,43.86210632324219,17803400,0.0,0.0,0.0,XLP
2017-08-04 00:00:00-04:00,43.838250840065,43.98135745263173,43.67924315578871,43.74284744262695,17063700,0.0,0.0,0.0,XLP
2017-08-07 00:00:00-04:00,43.750794157476385,44.100611651021275,43.750794157476385,44.068809509277344,16854000,0.0,0.0,0.0,XLP
2017-08-08 00:00:00-04:00,43.957503884224174,44.084709415018764,43.87799853196563,43.901851654052734,9813200,0.0,0.0,0.0,XLP
2017-08-09 00:00:00-04:00,43.87005990873785,44.005214490375415,43.82235668607881,43.97341537475586,7251800,0.0,0.0,0.0,XLP
2017-08-10 00:00:00-04:00,43.86210050470188,43.997258096509206,43.77464916037866,43.790550231933594,6662800,0.0,0.0,0.0,XLP
2017-08-11 00:00:00-04:00,43.711048884759364,44.005211153467634,43.711048884759364,43.82235336303711,4928400,0.0,0.0,0.0,XLP
2017-08-14 00:00:00-04:00,43.91775670290901,44.14036564376039,43.91775670290901,44.037010192871094,10657800,0.0,0.0,0.0,XLP
2017-08-15 00:00:00-04:00,44.05290139974216,44.323213495737434,44.05290139974216,44.25960922241211,11059000,0.0,0.0,0.0,XLP
2017-08-16 00:00:00-04:00,44.28346571062047,44.474272479476596,44.28346571062047,44.41067123413086,5682800,0.0,0.0,0.0,XLP
2017-08-17 00:00:00-04:00,44.25166912133713,44.46632903783591,44.00520706176758,44.00520706176758,6725600,0.0,0.0,0.0,XLP
2017-08-18 00:00:00-04:00,43.90980208588513,44.03700762077319,43.81439869292388,43.88595199584961,6810300,0.0,0.0,0.0,XLP
2017-08-21 00:00:00-04:00,43.85414640354632,44.12445852301811,43.726940878666596,44.04495620727539,6829300,0.0,0.0,0.0,XLP
2017-08-22 00:00:00-04:00,44.0688032903077,44.18010773788505,43.989300979986375,44.05290222167969,7129400,0.0,0.0,0.0,XLP
2017-08-23 00:00:00-04:00,44.00520345970738,44.052906670408774,43.87799793065603,43.92570114135742,5367100,0.0,0.0,0.0,XLP
2017-08-24 00:00:00-04:00,43.88593101077793,44.005184436750916,43.28170273437097,43.32145690917969,11807100,0.0,0.0,0.0,XLP
2017-08-25 00:00:00-04:00,43.488437475171104,43.63949311105329,43.44073425882017,43.46458435058594,7359200,0.0,0.0,0.0,XLP
2017-08-28 00:00:00-04:00,43.42483383710995,43.48048607394322,43.21017390954473,43.337379455566406,6204700,0.0,0.0,0.0,XLP
2017-08-29 00:00:00-04:00,43.281722950478176,43.528184998448666,43.241971789920136,43.488433837890625,6219500,0.0,0.0,0.0,XLP
2017-08-30 00:00:00-04:00,43.4089345114188,43.55999318846112,43.4009854913311,43.48048782348633,6497100,0.0,0.0,0.0,XLP
2017-08-31 00:00:00-04:00,43.512288554167206,43.575892844078204,43.44868729707567,43.49638748168945,10117300,0.0,0.0,0.0,XLP
2017-09-01 00:00:00-04:00,43.583834161626626,43.71103968614897,43.53613095262365,43.70309066772461,17904500,0.0,0.0,0.0,XLP
2017-09-05 00:00:00-04:00,43.575878743488374,43.79848762050458,43.5361245587482,43.766685485839844,20215900,0.0,0.0,0.0,XLP
2017-09-06 00:00:00-04:00,43.84619061133266,43.989297183816284,43.73488314054214,43.94954299926758,17462000,0.0,0.0,0.0,XLP
2017-09-07 00:00:00-04:00,43.98136237328651,44.07676578139833,43.87005789168611,44.01316452026367,16738100,0.0,0.0,0.0,XLP
2017-09-08 00:00:00-04:00,43.86209749537474,43.94160284769466,43.63153955569468,43.79849624633789,9158200,0.0,0.0,0.0,XLP
2017-09-11 00:00:00-04:00,43.87799969163294,44.13241075994604,43.87005067260654,44.068809509277344,9177800,0.0,0.0,0.0,XLP
2017-09-12 00:00:00-04:00,44.06881549721215,44.172170955513955,44.0449654040731,44.16421890258789,7453400,0.0,0.0,0.0,XLP
2017-09-13 00:00:00-04:00,44.12445267538067,44.34706155621399,44.12445267538067,44.18805694580078,7972300,0.0,0.0,0.0,XLP
2017-09-14 00:00:00-04:00,44.11651371160955,44.21191710616247,43.95750603214187,44.10061264038086,5817900,0.0,0.0,0.0,XLP
2017-09-15 00:00:00-04:00,44.20940882707522,44.20940882707522,44.00140353499877,44.17741012573242,12497700,0.346,0.0,0.0,XLP
2017-09-18 00:00:00-04:00,44.21741332610837,44.31341553935053,44.11340914818042,44.24141311645508,8299400,0.0,0.0,0.0,XLP
2017-09-19 00:00:00-04:00,44.2654249146157,44.28942470981814,44.001414959965054,44.10541915893555,6207700,0.0,0.0,0.0,XLP
2017-09-20 00:00:00-04:00,43.98540322526605,44.04140476815663,43.465388462445596,43.681392669677734,11029200,0.0,0.0,0.0,XLP
2017-09-21 00:00:00-04:00,43.625405281597246,43.66540901251755,43.22539238724376,43.26539611816406,10398700,0.0,0.0,0.0,XLP
2017-09-22 00:00:00-04:00,43.33738125934113,43.33738125934113,43.1053761763138,43.13737487792969,11318200,0.0,0.0,0.0,XLP
2017-09-25 00:00:00-04:00,43.20938029554514,43.48939108006379,43.17738159170891,43.44939041137695,9185400,0.0,0.0,0.0,XLP
2017-09-26 00:00:00-04:00,43.497388957729996,43.61739401278953,43.40138674479556,43.55339050292969,17321400,0.0,0.0,0.0,XLP
2017-09-27 00:00:00-04:00,43.46538570595384,43.50538636950247,42.97736967583763,43.217376708984375,11657800,0.0,0.0,0.0,XLP
2017-09-28 00:00:00-04:00,43.161375169645304,43.33737869963024,43.12137450609668,43.217376708984375,7768200,0.0,0.0,0.0,XLP
2017-09-29 00:00:00-04:00,43.21738078291789,43.321384959432386,43.145378361000986,43.18537902832031,14502800,0.0,0.0,0.0,XLP
2017-10-02 00:00:00-04:00,43.18538235276011,43.36138896474062,43.073379254901795,43.10538101196289,17850000,0.0,0.0,0.0,XLP
2017-10-03 00:00:00-04:00,43.17738419179809,43.23338574170309,43.041378247846254,43.15338134765625,20409200,0.0,0.0,0.0,XLP
2017-10-04 00:00:00-04:00,43.08939173565718,43.457402885383694,42.96938664029333,43.289398193359375,21389200,0.0,0.0,0.0,XLP
2017-10-05 00:00:00-04:00,43.43339613246082,43.59340188337359,43.36939261135337,43.48139572143555,19005000,0.0,0.0,0.0,XLP
2017-10-06 00:00:00-04:00,43.26538854747965,43.337387926082705,42.99337970484181,43.049381256103516,7605500,0.0,0.0,0.0,XLP
2017-10-09 00:00:00-04:00,43.10537364733918,43.16937409867127,42.849365738300826,42.92936706542969,12580300,0.0,0.0,0.0,XLP
2017-10-10 00:00:00-04:00,43.10538299126447,43.41739250729812,43.05738035346865,43.305389404296875,10646500,0.0,0.0,0.0,XLP
2017-10-11 00:00:00-04:00,43.28139211567652,43.5134003170233,43.28139211567652,43.39339828491211,10316300,0.0,0.0,0.0,XLP
2017-10-12 00:00:00-04:00,43.3613853139326,43.61739324515576,43.32138464690184,43.577392578125,8096300,0.0,0.0,0.0,XLP
2017-10-13 00:00:00-04:00,43.745401531149156,43.76940132336682,43.625396466349684,43.65739822387695,8315600,0.0,0.0,0.0,XLP
2017-10-16 00:00:00-04:00,43.609408788569034,43.697412122480685,43.593410956818275,43.67341232299805,4349600,0.0,0.0,0.0,XLP
2017-10-17 00:00:00-04:00,43.56139985733491,43.601400531855354,43.37739431305621,43.513397216796875,10375500,0.0,0.0,0.0,XLP
2017-10-18 00:00:00-04:00,43.465403242686,43.529403719814695,43.329397269521145,43.457401275634766,4668500,0.0,0.0,0.0,XLP
2017-10-19 00:00:00-04:00,43.25738933367192,43.29739000828116,43.08138270316422,43.22538757324219,8544500,0.0,0.0,0.0,XLP
2017-10-20 00:00:00-04:00,43.14536437574705,43.169364157988234,42.985358706479104,43.12136459350586,11702600,0.0,0.0,0.0,XLP
2017-10-23 00:00:00-04:00,43.089378356933594,43.305385630407116,43.033376810313285,43.089378356933594,7326400,0.0,0.0,0.0,XLP
2017-10-24 00:00:00-04:00,43.05737535492325,43.113376899922635,42.881368755293586,42.93737030029297,10682300,0.0,0.0,0.0,XLP
2017-10-25 00:00:00-04:00,42.92937064176403,43.00137306292034,42.56135962334523,42.81736755371094,12213400,0.0,0.0,0.0,XLP
2017-10-26 00:00:00-04:00,42.96937487441808,43.15338039889694,42.841370898612986,42.84937286376953,14583700,0.0,0.0,0.0,XLP
2017-10-27 00:00:00-04:00,42.73735784353879,42.79336243244314,42.39334970960124,42.48134994506836,10230400,0.0,0.0,0.0,XLP
2017-10-30 00:00:00-04:00,42.7373624946043,42.7373624946043,42.089343766264285,42.12134552001953,9299800,0.0,0.0,0.0,XLP
2017-10-31 00:00:00-04:00,42.3293571075459,42.56936419267441,42.257354676821784,42.47336196899414,10824900,0.0,0.0,0.0,XLP
2017-11-01 00:00:00-04:00,42.59336191573431,42.721365882534386,42.473356861672556,42.60935974121094,7556300,0.0,0.0,0.0,XLP
2017-11-02 00:00:00-04:00,42.56135355630731,42.63335596719981,42.34534632362979,42.50535202026367,10661400,0.0,0.0,0.0,XLP
2017-11-03 00:00:00-04:00,42.52935231547001,42.64935735234498,42.46535186716359,42.51335144042969,5922400,0.0,0.0,0.0,XLP
2017-11-06 00:00:00-05:00,42.42535739451525,42.43335935970579,42.049347430659125,42.05734634399414,10731100,0.0,0.0,0.0,XLP
2017-11-07 00:00:00-05:00,42.08135005468047,42.52936553955078,41.9453471523313,42.52936553955078,9536300,0.0,0.0,0.0,XLP
2017-11-08 00:00:00-05:00,42.65736155701897,42.99337387084961,42.601360013356405,42.99337387084961,12860400,0.0,0.0,0.0,XLP
2017-11-09 00:00:00-05:00,42.8013651334111,43.12937547310697,42.76936338030537,42.98537063598633,10421300,0.0,0.0,0.0,XLP
2017-11-10 00:00:00-05:00,42.921370638057596,43.465388239219514,42.897367797045476,43.425384521484375,7993600,0.0,0.0,0.0,XLP
2017-11-13 00:00:00-05:00,43.44940605620948,43.84941899082135,43.42540320487035,43.67341232299805,7809300,0.0,0.0,0.0,XLP
2017-11-14 00:00:00-05:00,43.56139823734806,43.857406880018196,43.49739471901088,43.82540512084961,8903200,0.0,0.0,0.0,XLP
2017-11-15 00:00:00-05:00,43.68939954187192,43.7294002124508,43.329387402950935,43.36138916015625,10724800,0.0,0.0,0.0,XLP
2017-11-16 00:00:00-05:00,43.753402142318144,44.08941450568124,43.69740059040024,43.96141052246094,11134200,0.0,0.0,0.0,XLP
2017-11-17 00:00:00-05:00,43.841400406208166,43.961405461849694,43.721398402421976,43.80939865112305,7298900,0.0,0.0,0.0,XLP
2017-11-20 00:00:00-05:00,43.73739547360225,43.905403158973186,43.721397648191,43.76139831542969,6946900,0.0,0.0,0.0,XLP
2017-11-21 00:00:00-05:00,43.84140343730899,44.089412478582474,43.79340385321806,43.9054069519043,10383900,0.0,0.0,0.0,XLP
2017-11-22 00:00:00-05:00,43.89740296322608,43.9454055969599,43.71339744502952,43.849403381347656,10470400,0.0,0.0,0.0,XLP
2017-11-24 00:00:00-05:00,43.921402243348375,43.96940182133332,43.809396107054795,43.81739807128906,2331000,0.0,0.0,0.0,XLP
2017-11-27 00:00:00-05:00,43.793396755475634,43.92140071206467,43.77739587942012,43.84139633178711,8108900,0.0,0.0,0.0,XLP
2017-11-28 00:00:00-05:00,43.91341388048351,44.20142364501953,43.81741164292354,44.20142364501953,6985900,0.0,0.0,0.0,XLP
2017-11-29 00:00:00-05:00,44.16941976257506,44.60143438865047,44.129419086499034,44.43342971801758,14739900,0.0,0.0,0.0,XLP
2017-11-30 00:00:00-05:00,44.601423613731846,44.96143571515544,44.48942052703456,44.8414306640625,14098300,0.0,0.0,0.0,XLP
2017-12-01 00:00:00-05:00,44.745432489956976,44.969438683555,44.2654183460025,44.95343780517578,29328700,0.0,0.0,0.0,XLP
2017-12-04 00:00:00-05:00,45.265442144466036,45.41744588371129,44.86542941311595,45.377445220947266,22771300,0.0,0.0,0.0,XLP
2017-12-05 00:00:00-05:00,45.37745286529997,45.545457508324134,45.18544537908989,45.305450439453125,22930400,0.0,0.0,0.0,XLP
2017-12-06 00:00:00-05:00,45.29745599485642,45.593467712402344,45.29745599485642,45.593467712402344,16712200,0.0,0.0,0.0,XLP
2017-12-07 00:00:00-05:00,45.51346219238497,45.53746198711154,45.12945021748046,45.15345001220703,7557500,0.0,0.0,0.0,XLP
2017-12-08 00:00:00-05:00,45.16144204283671,45.27344512939453,44.961435659167684,45.27344512939453,8695500,0.0,0.0,0.0,XLP
2017-12-11 00:00:00-05:00,45.225441991459164,45.28944549840598,45.01743669759238,45.265445709228516,6737800,0.0,0.0,0.0,XLP
2017-12-12 00:00:00-05:00,45.289446006310676,45.44945172361694,45.121441376473946,45.27344512939453,6220100,0.0,0.0,0.0,XLP
2017-12-13 00:00:00-05:00,45.30545089931257,45.63346127553192,45.24144738597441,45.529457092285156,11589000,0.0,0.0,0.0,XLP
2017-12-14 00:00:00-05:00,45.593462440007166,45.593462440007166,45.32145360108709,45.32945251464844,9118200,0.0,0.0,0.0,XLP
2017-12-15 00:00:00-05:00,45.593806182700476,45.90813456663061,45.593806182700476,45.843658447265625,9090900,0.418,0.0,0.0,XLP
2017-12-18 00:00:00-05:00,45.9403855065388,46.19023783279399,45.79531035897617,45.819488525390625,8799600,0.0,0.0,0.0,XLP
2017-12-19 00:00:00-05:00,45.99680488331713,46.08546226264853,45.86784953370912,45.87590789794922,7889000,0.0,0.0,0.0,XLP
2017-12-20 00:00:00-05:00,45.916196482589676,45.95649444193073,45.52126910215802,45.7952995300293,13813800,0.0,0.0,0.0,XLP
2017-12-21 00:00:00-05:00,45.8839508306503,45.95648837770734,45.71469757902948,45.76305389404297,5553100,0.0,0.0,0.0,XLP
2017-12-22 00:00:00-05:00,45.82754344382828,45.90813937010174,45.7791840433417,45.835601806640625,4218600,0.0,0.0,0.0,XLP
2017-12-26 00:00:00-05:00,45.80337401014536,46.037103470698,45.77113440367669,45.94038772583008,8506300,0.0,0.0,0.0,XLP
2017-12-27 00:00:00-05:00,46.00486484449115,46.101580584956295,45.86784806050575,45.93232727050781,5992600,0.0,0.0,0.0,XLP
2017-12-28 00:00:00-05:00,45.996789210374985,46.05320696444608,45.746936960533695,45.85977554321289,7291200,0.0,0.0,0.0,XLP
2017-12-29 00:00:00-05:00,45.859768893358456,46.09349823724543,45.843649098170296,45.851707458496094,5085300,0.0,0.0,0.0,XLP
2018-01-02 00:00:00-05:00,45.900077863537874,45.956495622972675,45.561568232391735,45.56962966918945,20146800,0.0,0.0,0.0,XLP
2018-01-03 00:00:00-05:00,45.64217375817564,45.71471132704726,45.513218421796935,45.55351638793945,17950400,0.0,0.0,0.0,XLP
2018-01-04 00:00:00-05:00,45.6744069769396,45.90008110515398,45.56157145010117,45.68246841430664,15455100,0.0,0.0,0.0,XLP
2018-01-05 00:00:00-05:00,45.75500159449888,45.9161965064842,45.650224440527836,45.88395690917969,15555100,0.0,0.0,0.0,XLP
2018-01-08 00:00:00-05:00,45.81948093121137,46.037093616487915,45.795302768804234,45.996795654296875,12891000,0.0,0.0,0.0,XLP
2018-01-09 00:00:00-05:00,46.053221177454745,46.15799835643912,45.92426583198858,45.93232727050781,8357600,0.0,0.0,0.0,XLP
2018-01-10 00:00:00-05:00,45.81948531501894,45.827546752950894,45.4003827786893,45.70664978027344,9663500,0.0,0.0,0.0,XLP
2018-01-11 00:00:00-05:00,45.79529578578869,45.79529578578869,45.56156333636852,45.64216232299805,11500800,0.0,0.0,0.0,XLP
2018-01-12 00:00:00-05:00,45.71470098839043,45.875892816505996,45.561564447328784,45.65828323364258,7308900,0.0,0.0,0.0,XLP
2018-01-16 00:00:00-05:00,45.74694665812804,46.02903856281934,45.72276849398277,45.86784362792969,13806700,0.0,0.0,0.0,XLP
2018-01-17 00:00:00-05:00,46.0209819507237,46.56098457804669,45.98068398141016,46.39173126220703,12549700,0.0,0.0,0.0,XLP
2018-01-18 00:00:00-05:00,46.383666488376555,46.4642654957461,46.17411521829126,46.25471115112305,12423300,0.0,0.0,0.0,XLP
2018-01-19 00:00:00-05:00,46.42395888224235,46.81888628460318,46.37560255816289,46.77052688598633,9962800,0.0,0.0,0.0,XLP
2018-01-22 00:00:00-05:00,46.746341231089616,47.12514877319336,46.72216307292535,47.12514877319336,7871600,0.0,0.0,0.0,XLP
2018-01-23 00:00:00-05:00,46.90753545380252,47.100966865418144,46.75439892219188,46.97201156616211,10908900,0.0,0.0,0.0,XLP
2018-01-24 00:00:00-05:00,47.09290755796663,47.125147150766985,46.843055325569104,47.068729400634766,16603500,0.0,0.0,0.0,XLP
2018-01-25 00:00:00-05:00,47.14934379764699,47.34277835576739,46.85113513364362,47.092926025390625,12144600,0.0,0.0,0.0,XLP
2018-01-26 00:00:00-05:00,47.004263638307215,47.3347118725368,46.9397875088305,47.3185920715332,6342700,0.0,0.0,0.0,XLP
2018-01-29 00:00:00-05:00,47.39918127828727,47.51201678744966,47.10096963317293,47.133209228515625,10760800,0.0,0.0,0.0,XLP
2018-01-30 00:00:00-05:00,46.81081981272335,47.21380550777282,46.697981235498546,46.818878173828125,10898100,0.0,0.0,0.0,XLP
2018-01-31 00:00:00-05:00,46.85918322091322,46.98008017754146,46.41589950417188,46.60127258300781,13757000,0.0,0.0,0.0,XLP
2018-02-01 00:00:00-05:00,46.42396225192947,46.665756188026975,46.286948557709316,46.399784088134766,14094500,0.0,0.0,0.0,XLP
2018-02-02 00:00:00-05:00,46.17410279181316,46.29499665852561,45.48096688766217,45.513206481933594,15569100,0.0,0.0,0.0,XLP
2018-02-05 00:00:00-05:00,45.31977518987856,45.5938056114551,43.83678756861797,43.860965728759766,39487500,0.0,0.0,0.0,XLP
2018-02-06 00:00:00-05:00,43.14366707703011,44.4332237302233,42.90993760464395,44.344566345214844,38881700,0.0,0.0,0.0,XLP
2018-02-07 00:00:00-05:00,44.247841852066145,44.973214443773905,44.102766718817065,44.151123046875,17526900,0.0,0.0,0.0,XLP
2018-02-08 00:00:00-05:00,44.25589706466133,44.34455442583956,43.1839565170073,43.2000732421875,32928400,0.0,0.0,0.0,XLP
2018-02-09 00:00:00-05:00,43.530509960114614,43.60304750242883,42.44244989993797,43.288719177246094,34912000,0.0,0.0,0.0,XLP
2018-02-12 00:00:00-05:00,43.538578459828315,43.94156418817785,43.43380130958705,43.73200988769531,21013600,0.0,0.0,0.0,XLP
2018-02-13 00:00:00-05:00,43.57082128916492,44.046344606885135,43.56275985225894,43.93350601196289,11994500,0.0,0.0,0.0,XLP
2018-02-14 00:00:00-05:00,43.69978101277737,44.05440740894505,43.47410687472734,43.909332275390625,20370500,0.0,0.0,0.0,XLP
2018-02-15 00:00:00-05:00,44.070520132431305,44.634700775146484,43.8851470636675,44.634700775146484,14788900,0.0,0.0,0.0,XLP
2018-02-16 00:00:00-05:00,44.65082368817334,45.005450052128296,44.40902977118771,44.812015533447266,11591600,0.0,0.0,0.0,XLP
2018-02-20 00:00:00-05:00,44.328423039676295,44.328423039676295,43.74812269966881,43.79648208618164,16069800,0.0,0.0,0.0,XLP
2018-02-21 00:00:00-05:00,43.86096855010788,43.98992694459173,43.25648991138288,43.27260971069336,15207400,0.0,0.0,0.0,XLP
2018-02-22 00:00:00-05:00,43.361251969208126,43.7078198473489,43.30483422853742,43.385433197021484,10239200,0.0,0.0,0.0,XLP
2018-02-23 00:00:00-05:00,43.47409819012531,43.81260779230916,43.32096472398085,43.80454635620117,10321100,0.0,0.0,0.0,XLP
2018-02-26 00:00:00-05:00,43.87708228256263,44.11081472844056,43.75618841625596,44.078575134277344,10100400,0.0,0.0,0.0,XLP
2018-02-27 00:00:00-05:00,44.102762018837176,44.2075361014888,43.49022194938815,43.49828338623047,9832600,0.0,0.0,0.0,XLP
2018-02-28 00:00:00-05:00,43.75619954382666,43.780377708329326,43.04694366455078,43.04694366455078,13726400,0.0,0.0,0.0,XLP
2018-03-01 00:00:00-05:00,42.94215676465073,43.353203915290415,42.571410645101345,42.950218200683594,27808600,0.0,0.0,0.0,XLP
2018-03-02 00:00:00-05:00,42.78902171846897,43.38544190683991,42.69230601140827,43.312904357910156,25965400,0.0,0.0,0.0,XLP
2018-03-05 00:00:00-05:00,43.079178239768964,43.740074638378225,43.079178239768964,43.691715240478516,18859700,0.0,0.0,0.0,XLP
2018-03-06 00:00:00-05:00,43.70783344835734,43.76425120658413,43.37738526108447,43.72395324707031,20784300,0.0,0.0,0.0,XLP
2018-03-07 00:00:00-05:00,43.31291998443582,43.498293104238506,43.0953072591358,43.329036712646484,12592900,0.0,0.0,0.0,XLP
2018-03-08 00:00:00-05:00,43.35320710028363,43.740073045783284,43.28066954334387,43.72395324707031,10725100,0.0,0.0,0.0,XLP
2018-03-09 00:00:00-05:00,43.844850640793496,44.01410391717487,43.68365572658097,44.00604248046875,11486800,0.0,0.0,0.0,XLP
2018-03-12 00:00:00-04:00,44.02216127314263,44.25589373968157,43.84484963864515,43.925445556640625,10915700,0.0,0.0,0.0,XLP
2018-03-13 00:00:00-04:00,44.062468487508,44.14306749697057,43.820677608195965,43.89321517944336,12406100,0.0,0.0,0.0,XLP
2018-03-14 00:00:00-04:00,43.99797762228218,44.00603598326127,43.36125949614554,43.44991683959961,13519000,0.0,0.0,0.0,XLP
2018-03-15 00:00:00-04:00,43.39349463375098,43.58692909729341,43.022748576042524,43.14364242553711,9280100,0.0,0.0,0.0,XLP
2018-03-16 00:00:00-04:00,43.14284727147872,43.4103133379626,43.11853329881921,43.1590576171875,9629100,0.299,0.0,0.0,XLP
2018-03-19 00:00:00-04:00,43.12663359604397,43.207685318330014,42.58360096985931,42.73759460449219,10714700,0.0,0.0,0.0,XLP
2018-03-20 00:00:00-04:00,42.802438351198276,42.97264233970821,42.47823762772554,42.616024017333984,9888200,0.0,0.0,0.0,XLP
2018-03-21 00:00:00-04:00,42.38097526091389,42.55117923582351,42.00003990504352,42.089195251464844,17028500,0.0,0.0,0.0,XLP
2018-03-22 00:00:00-04:00,41.96761165752112,42.2999159213581,41.7082523829072,41.74067306518555,15584100,0.0,0.0,0.0,XLP
2018-03-23 00:00:00-04:00,41.886574499233404,42.05677849003435,41.18144147176717,41.22196578979492,15936400,0.0,0.0,0.0,XLP
2018-03-26 00:00:00-04:00,41.52995583469345,41.85415346808918,41.40027616297371,41.813629150390625,12374700,0.0,0.0,0.0,XLP
2018-03-27 00:00:00-04:00,41.886573248744014,42.22698122018329,41.602899939211284,41.78931427001953,17326800,0.0,0.0,0.0,XLP
2018-03-28 00:00:00-04:00,41.92710270105138,42.57550112497973,41.910892353977225,42.36477279663086,32397500,0.0,0.0,0.0,XLP
2018-03-29 00:00:00-04:00,42.53496009290492,42.91589536997432,42.53496009290492,42.65653610229492,13272800,0.0,0.0,0.0,XLP
2018-04-02 00:00:00-04:00,42.52686438465344,42.60791301146274,41.42458574592823,41.611000061035156,28604800,0.0,0.0,0.0,XLP
2018-04-03 00:00:00-04:00,41.797414883891804,42.26750558215572,41.66773522433744,42.162139892578125,24860600,0.0,0.0,0.0,XLP
2018-04-04 00:00:00-04:00,41.894678144788244,42.9726429372892,41.84605019985618,42.81864929199219,28012500,0.0,0.0,0.0,XLP
2018-04-05 00:00:00-04:00,42.891594351631305,43.09421904851197,42.664655680503365,42.924015045166016,18235800,0.0,0.0,0.0,XLP
2018-04-06 00:00:00-04:00,42.794329934992376,43.14284461676767,42.27561127145905,42.4863395690918,13113400,0.0,0.0,0.0,XLP
2018-04-09 00:00:00-04:00,42.61603289987314,42.891599552912425,42.34046315502597,42.4620361328125,14686700,0.0,0.0,0.0,XLP
2018-04-10 00:00:00-04:00,42.70517039177756,42.778115389912436,42.332341775446785,42.55928039550781,13041900,0.0,0.0,0.0,XLP
2018-04-11 00:00:00-04:00,42.43771664612911,42.69707600857177,42.389085606243306,42.478240966796875,9025200,0.0,0.0,0.0,XLP
2018-04-12 00:00:00-04:00,42.656543899396866,42.78622355694044,42.38907786657184,42.413394927978516,9843700,0.0,0.0,0.0,XLP
2018-04-13 00:00:00-04:00,42.59169430915042,42.70516360113794,42.413386746801315,42.624114990234375,8836700,0.0,0.0,0.0,XLP
2018-04-16 00:00:00-04:00,42.73759826987163,43.329261980171815,42.680863605309106,43.08611297607422,7804700,0.0,0.0,0.0,XLP
2018-04-17 00:00:00-04:00,43.199579027478876,43.28873437697181,42.94832641542471,43.18336868286133,8131300,0.0,0.0,0.0,XLP
2018-04-18 00:00:00-04:00,43.150960533829604,43.24821953102373,42.77812870960454,42.85918045043945,14496600,0.0,0.0,0.0,XLP
2018-04-19 00:00:00-04:00,42.27560359174641,42.308024275279536,41.40026677899785,41.61909866333008,23643100,0.0,0.0,0.0,XLP
2018-04-20 00:00:00-04:00,41.52185217480801,41.659638575301955,40.800508754490686,40.92208480834961,19102700,0.0,0.0,0.0,XLP
2018-04-23 00:00:00-04:00,40.95449222472705,40.99501962713947,40.68702930128398,40.873443603515625,12344900,0.0,0.0,0.0,XLP
2018-04-24 00:00:00-04:00,40.946390460081744,40.995021490102594,40.330409780378346,40.61408615112305,18771500,0.0,0.0,0.0,XLP
2018-04-25 00:00:00-04:00,40.59789067590597,40.85725008072174,40.43579027494412,40.68704605102539,19012500,0.0,0.0,0.0,XLP
2018-04-26 00:00:00-04:00,40.776189774229294,41.09228376528573,40.646510108877756,40.93018341064453,11009900,0.0,0.0,0.0,XLP
2018-04-27 00:00:00-04:00,40.84104212209832,41.286815931981046,40.800517792437745,41.14903259277344,11096100,0.0,0.0,0.0,XLP
2018-04-30 00:00:00-04:00,41.221960377987344,41.408374689887516,40.816711067298215,40.88965606689453,13892700,0.0,0.0,0.0,XLP
2018-05-01 00:00:00-04:00,40.73566760411611,40.75998467011336,40.249369569476066,40.533042907714844,10927100,0.0,0.0,0.0,XLP
2018-05-02 00:00:00-04:00,40.41955397241671,40.460078273684665,39.6495798811015,39.73873519897461,18818900,0.0,0.0,0.0,XLP
2018-05-03 00:00:00-04:00,39.83600949089284,39.92516174439471,39.51991242339603,39.69822311401367,16634400,0.0,0.0,0.0,XLP
2018-05-04 00:00:00-04:00,39.665803823025065,40.47630249356196,39.62527950785963,40.273677825927734,13132400,0.0,0.0,0.0,XLP
2018-05-07 00:00:00-04:00,40.36283457459171,40.43577958114283,39.93327125368356,40.02242660522461,9665300,0.0,0.0,0.0,XLP
2018-05-08 00:00:00-04:00,39.93327368530931,39.973798004348176,39.68201796037657,39.860328674316406,8290800,0.0,0.0,0.0,XLP
2018-05-09 00:00:00-04:00,39.787381184122495,40.0143198300452,39.70633255109501,39.91706085205078,9228200,0.0,0.0,0.0,XLP
2018-05-10 00:00:00-04:00,40.10348001270744,40.35473575225279,40.046745344391965,40.1521110534668,10242700,0.0,0.0,0.0,XLP
2018-05-11 00:00:00-04:00,40.22505606870205,40.42768076748805,40.03053499747218,40.1521110534668,10065200,0.0,0.0,0.0,XLP
2018-05-14 00:00:00-04:00,40.20884360147659,40.28178861286529,40.07105720582799,40.13589859008789,6708100,0.0,0.0,0.0,XLP
2018-05-15 00:00:00-04:00,39.94137947782571,40.087269507720976,39.76307184602624,39.98190689086914,22686900,0.0,0.0,0.0,XLP
2018-05-16 00:00:00-04:00,40.103478850938444,40.36283821052646,40.04674418426653,40.26557922363281,12151300,0.0,0.0,0.0,XLP
2018-05-17 00:00:00-04:00,40.38715120646306,40.50062052837306,40.26557516624112,40.403358459472656,19572900,0.0,0.0,0.0,XLP
2018-05-18 00:00:00-04:00,40.30610471149344,40.37094609917258,39.99811430363261,40.1521110534668,15664700,0.0,0.0,0.0,XLP
2018-05-21 00:00:00-04:00,40.30610868224497,40.46010235544228,40.20074296279005,40.32231903076172,7928400,0.0,0.0,0.0,XLP
2018-05-22 00:00:00-04:00,40.395245293252295,40.59786991789907,40.17641032761701,40.24935531616211,9383800,0.0,0.0,0.0,XLP
2018-05-23 00:00:00-04:00,40.16020688080989,40.43577654130796,40.10347222351383,40.3952522277832,18136200,0.0,0.0,0.0,XLP
2018-05-24 00:00:00-04:00,40.3952556206856,40.46820062787979,40.16021025397022,40.36283493041992,9843800,0.0,0.0,0.0,XLP
2018-05-25 00:00:00-04:00,40.370942491295814,40.687036498464025,40.31420782805061,40.427677154541016,12913500,0.0,0.0,0.0,XLP
2018-05-29 00:00:00-04:00,40.281796817261466,40.516842245365424,40.160220742915826,40.338531494140625,14959300,0.0,0.0,0.0,XLP
2018-05-30 00:00:00-04:00,40.492520032835706,40.97882117664969,40.362840346180164,40.90587615966797,17628100,0.0,0.0,0.0,XLP
2018-05-31 00:00:00-04:00,40.83291522452286,40.87343953109093,40.09536171448087,40.24935531616211,18603000,0.0,0.0,0.0,XLP
2018-06-01 00:00:00-04:00,40.36282461127527,40.43576959982037,40.14398964564,40.24935531616211,10944600,0.0,0.0,0.0,XLP
2018-06-04 00:00:00-04:00,40.33040935763205,40.6302960685736,40.33040935763205,40.5816650390625,11665200,0.0,0.0,0.0,XLP
2018-06-05 00:00:00-04:00,40.61408723098523,40.63840120073869,40.26557256941981,40.3952522277832,8980900,0.0,0.0,0.0,XLP
2018-06-06 00:00:00-04:00,40.41146892527997,40.44388961791992,40.16021319503148,40.44388961791992,12071000,0.0,0.0,0.0,XLP
2018-06-07 00:00:00-04:00,40.33851872616129,40.90586840718295,40.281784067239826,40.69513702392578,16618500,0.0,0.0,0.0,XLP
2018-06-08 00:00:00-04:00,40.711346058717844,41.22196106439458,40.711346058717844,41.19764709472656,17081500,0.0,0.0,0.0,XLP
2018-06-11 00:00:00-04:00,41.23006128371415,41.61910022529262,41.23006128371415,41.53805160522461,13199600,0.0,0.0,0.0,XLP
2018-06-12 00:00:00-04:00,41.562364013050384,41.6434157218832,41.343529036911605,41.61909866333008,11362200,0.0,0.0,0.0,XLP
2018-06-13 00:00:00-04:00,41.610997870101976,41.67583614977411,41.35974219333138,41.48942184448242,15696000,0.0,0.0,0.0,XLP
2018-06-14 00:00:00-04:00,41.53805632986837,41.59479098873045,41.384062697500845,41.56237030029297,9751300,0.0,0.0,0.0,XLP
2018-06-15 00:00:00-04:00,41.524803567064716,42.1210484038946,41.44312738723738,42.0965461730957,17217800,0.394,0.0,0.0,XLP
2018-06-18 00:00:00-04:00,41.95769815241336,41.97403401356202,41.29611291250061,41.483970642089844,21627300,0.0,0.0,0.0,XLP
2018-06-19 00:00:00-04:00,41.328779732333224,41.77800810513318,41.30427749954297,41.704498291015625,12639200,0.0,0.0,0.0,XLP
2018-06-20 00:00:00-04:00,41.827003163946266,41.83517265020359,41.565635687141665,41.74532699584961,9562500,0.0,0.0,0.0,XLP
2018-06-21 00:00:00-04:00,41.802508876464806,41.96586435943128,41.712663205045914,41.82701110839844,13272700,0.0,0.0,0.0,XLP
2018-06-22 00:00:00-04:00,41.92502753014637,42.2435690178628,41.916858042091356,42.17005920410156,9938300,0.0,0.0,0.0,XLP
2018-06-25 00:00:00-04:00,42.07204068087143,42.44775920771722,42.063874309215585,42.382415771484375,22124200,0.0,0.0,0.0,XLP
2018-06-26 00:00:00-04:00,42.39058144649075,42.47225761868973,42.00669658251379,42.202720642089844,14047300,0.0,0.0,0.0,XLP
2018-06-27 00:00:00-04:00,42.14554930824194,42.50493196596303,41.94135574935366,42.11288070678711,19862400,0.0,0.0,0.0,XLP
2018-06-28 00:00:00-04:00,42.0148655551833,42.21089274264448,41.9495252365272,42.11288070678711,13177400,0.0,0.0,0.0,XLP
2018-06-29 00:00:00-04:00,42.13739412445814,42.31708550102746,41.90052878547992,42.08838653564453,13018300,0.0,0.0,0.0,XLP
2018-07-02 00:00:00-04:00,41.90052341186363,42.088381137936054,41.573815542247324,41.84334945678711,13255500,0.0,0.0,0.0,XLP
2018-07-03 00:00:00-04:00,42.00668863283382,42.16187457694176,41.876004912599335,41.94134521484375,7736300,0.0,0.0,0.0,XLP
2018-07-05 00:00:00-04:00,42.121034862880805,42.545757716086015,42.039358709310605,42.52125549316406,11699800,0.0,0.0,0.0,XLP
2018-07-06 00:00:00-04:00,42.57026773720629,42.823468844849195,42.4722557118187,42.651947021484375,12335100,0.0,0.0,0.0,XLP
2018-07-09 00:00:00-04:00,42.68462194971925,42.749965386832365,42.43959029203821,42.48859786987305,15117900,0.0,0.0,0.0,XLP
2018-07-10 00:00:00-04:00,42.594781267111394,43.01950116400448,42.504935595010146,42.994998931884766,15280300,0.0,0.0,0.0,XLP
2018-07-11 00:00:00-04:00,42.9459896133618,42.98682770086088,42.70912434382225,42.856143951416016,11484600,0.0,0.0,0.0,XLP
2018-07-12 00:00:00-04:00,42.978657473849935,43.05216727638103,42.6601160347973,42.79896926879883,11002300,0.0,0.0,0.0,XLP
2018-07-13 00:00:00-04:00,42.82347048301297,43.125676057037154,42.80713462553244,43.0766716003418,14053500,0.0,0.0,0.0,XLP
2018-07-16 00:00:00-04:00,43.04400414671144,43.06850637748482,42.749964914444696,42.87248229980469,10347400,0.0,0.0,0.0,XLP
2018-07-17 00:00:00-04:00,42.84798466903763,43.28904359686042,42.84798466903763,43.24003601074219,14759300,0.0,0.0,0.0,XLP
2018-07-18 00:00:00-04:00,43.19100635791592,43.231844431330316,42.85612917072542,42.888797760009766,10474200,0.0,0.0,0.0,XLP
2018-07-19 00:00:00-04:00,42.611117502374086,43.10118399514524,42.52944131145237,42.913326263427734,15092800,0.0,0.0,0.0,XLP
2018-07-20 00:00:00-04:00,42.83164341840687,43.199192478685006,42.758133606351244,43.17469024658203,17895700,0.0,0.0,0.0,XLP
2018-07-23 00:00:00-04:00,43.093001412428315,43.19918292095995,42.774460002579424,42.90514373779297,13337200,0.0,0.0,0.0,XLP
2018-07-24 00:00:00-04:00,42.80713652582538,43.068504025623966,42.73362672177287,42.9868278503418,15987700,0.0,0.0,0.0,XLP
2018-07-25 00:00:00-04:00,43.04400750557409,43.34621313309853,42.9541618313987,43.313541412353516,15258400,0.0,0.0,0.0,XLP
2018-07-26 00:00:00-04:00,43.485058570276564,43.90977840061488,43.427881511379184,43.542232513427734,15129400,0.0,0.0,0.0,XLP
2018-07-27 00:00:00-04:00,43.51772790748207,43.8117671148158,43.44421810564863,43.59940719604492,13414400,0.0,0.0,0.0,XLP
2018-07-30 00:00:00-04:00,43.48506708288119,43.65658894591168,43.28903987102718,43.55040740966797,12143900,0.0,0.0,0.0,XLP
2018-07-31 00:00:00-04:00,43.68924877181411,43.90977504095483,43.4360476745562,43.75458908081055,17898400,0.0,0.0,0.0,XLP
2018-08-01 00:00:00-04:00,43.623904420612206,43.69741421401328,43.31352939116924,43.38703918457031,14917600,0.0,0.0,0.0,XLP
2018-08-02 00:00:00-04:00,43.313533509087655,43.88527605481446,43.28903128087312,43.828102111816406,15902900,0.0,0.0,0.0,XLP
2018-08-03 00:00:00-04:00,43.93428335564072,44.555030353962714,43.901611641058985,44.34267044067383,20418500,0.0,0.0,0.0,XLP
2018-08-06 00:00:00-04:00,44.367170918255994,44.522356882777174,44.28549475077034,44.383506774902344,13412100,0.0,0.0,0.0,XLP
2018-08-07 00:00:00-04:00,44.34266676286534,44.39984070076824,43.95878193773508,44.11396789550781,13766100,0.0,0.0,0.0,XLP
2018-08-08 00:00:00-04:00,44.08946975610481,44.12214147100506,43.76276195434102,43.77909469604492,12591800,0.0,0.0,0.0,XLP
2018-08-09 00:00:00-04:00,43.78726785391125,43.860777660726995,43.591240663820436,43.648414611816406,8047000,0.0,0.0,0.0,XLP
2018-08-10 00:00:00-04:00,43.517730246942904,43.66474985851337,43.39521598113181,43.48506164550781,13459200,0.0,0.0,0.0,XLP
2018-08-13 00:00:00-04:00,43.55857145129304,43.6484139999226,43.28903445816504,43.48506164550781,8696600,0.0,0.0,0.0,XLP
2018-08-14 00:00:00-04:00,43.54223793175364,43.82810768308264,43.517732584677866,43.787269592285156,8882500,0.0,0.0,0.0,XLP
2018-08-15 00:00:00-04:00,43.656585808745,43.999629510154826,43.41155414834561,43.96696090698242,15592600,0.0,0.0,0.0,XLP
2018-08-16 00:00:00-04:00,44.41617896344212,44.72655089580542,44.350835536157575,44.59586715698242,15526100,0.0,0.0,0.0,XLP
2018-08-17 00:00:00-04:00,44.55504552380181,44.98793810003303,44.465199835985004,44.93893051147461,13037600,0.0,0.0,0.0,XLP
2018-08-20 00:00:00-04:00,44.99608962370996,45.175780940040774,44.86540587976379,44.91441345214844,10189600,0.0,0.0,0.0,XLP
2018-08-21 00:00:00-04:00,44.898075834554305,44.96341614609275,44.42434533397964,44.59586715698242,13806200,0.0,0.0,0.0,XLP
2018-08-22 00:00:00-04:00,44.55503775125807,44.64488342340147,44.26099850269668,44.318172454833984,13573900,0.0,0.0,0.0,XLP
2018-08-23 00:00:00-04:00,44.1874850106082,44.318168764002465,44.08130660305105,44.21199035644531,10714300,0.0,0.0,0.0,XLP
2018-08-24 00:00:00-04:00,44.18749572738175,44.27734141383301,44.024143332830974,44.15482711791992,9570500,0.0,0.0,0.0,XLP
2018-08-27 00:00:00-04:00,44.22831741114319,44.367167508346476,44.007788036985765,44.1793098449707,10631600,0.0,0.0,0.0,XLP
2018-08-28 00:00:00-04:00,44.171148455656265,44.30183219777227,43.96695491386587,44.03229522705078,12621500,0.0,0.0,0.0,XLP
2018-08-29 00:00:00-04:00,44.09764613221912,44.16298645648172,43.98329511220284,44.0813102722168,8681000,0.0,0.0,0.0,XLP
2018-08-30 00:00:00-04:00,44.01596892207265,44.162988553327324,43.85261343004003,43.94245910644531,11092500,0.0,0.0,0.0,XLP
2018-08-31 00:00:00-04:00,43.94246425014132,44.081317525133954,43.746440129354006,43.92612838745117,10472900,0.0,0.0,0.0,XLP
2018-09-04 00:00:00-04:00,43.86893844604492,44.056796124931026,43.746424194117154,43.86893844604492,9571100,0.0,0.0,0.0,XLP
2018-09-05 00:00:00-04:00,43.738261094563946,44.37534713745117,43.68925663293561,44.37534713745117,14723800,0.0,0.0,0.0,XLP
2018-09-06 00:00:00-04:00,44.359002224835855,44.52235455125282,44.21198263846386,44.49785232543945,12333800,0.0,0.0,0.0,XLP
2018-09-07 00:00:00-04:00,44.35901174269265,44.44068792342592,44.0976442254503,44.408016204833984,9247300,0.0,0.0,0.0,XLP
2018-09-10 00:00:00-04:00,44.51419433015463,44.82456940156285,44.51419433015463,44.563201904296875,8361600,0.0,0.0,0.0,XLP
2018-09-11 00:00:00-04:00,44.50602663957819,44.55503109652131,44.30183309365852,44.399845123291016,8121600,0.0,0.0,0.0,XLP
2018-09-12 00:00:00-04:00,44.39984484722142,45.01242548117151,44.375342618902216,44.91441345214844,15220000,0.0,0.0,0.0,XLP
2018-09-13 00:00:00-04:00,44.93074767694305,44.947083534943815,44.59587037729318,44.84907150268555,9746500,0.0,0.0,0.0,XLP
2018-09-14 00:00:00-04:00,44.80823416196991,44.81640053323316,44.49785908627781,44.72655487060547,8925200,0.0,0.0,0.0,XLP
2018-09-17 00:00:00-04:00,44.69387998201271,44.906239878191464,44.59586484616472,44.8899040222168,10279600,0.0,0.0,0.0,XLP
2018-09-18 00:00:00-04:00,44.84907650743223,44.86541236725593,44.522365542451624,44.702056884765625,15638500,0.0,0.0,0.0,XLP
2018-09-19 00:00:00-04:00,44.66122231121147,44.84908004036224,44.55504077186645,44.620384216308594,7791600,0.0,0.0,0.0,XLP
2018-09-20 00:00:00-04:00,44.74288214592989,45.19211037289367,44.74288214592989,45.18394088745117,11817800,0.0,0.0,0.0,XLP
2018-09-21 00:00:00-04:00,45.25633239746094,45.33036141940663,45.16585213311024,45.25633239746094,10307900,0.388,0.0,0.0,XLP
2018-09-24 00:00:00-04:00,45.10005360511361,45.19875792902071,44.53249668270154,44.565399169921875,10648700,0.0,0.0,0.0,XLP
2018-09-25 00:00:00-04:00,44.69700933631121,44.79571366762774,44.27751357490042,44.302188873291016,8348300,0.0,0.0,0.0,XLP
2018-09-26 00:00:00-04:00,44.433792014532656,44.68878158188378,44.2939580138066,44.35153579711914,10369900,0.0,0.0,0.0,XLP
2018-09-27 00:00:00-04:00,44.203494854256434,44.58186416070172,44.08011205801109,44.29397201538086,8892800,0.0,0.0,0.0,XLP
2018-09-28 00:00:00-04:00,44.24461233440545,44.417345703524816,44.203485790008585,44.35976791381836,9249700,0.0,0.0,0.0,XLP
2018-10-01 00:00:00-04:00,44.42557430881544,44.49137929679568,44.27751936136896,44.32686996459961,8725500,0.0,0.0,0.0,XLP
2018-10-02 00:00:00-04:00,44.30218329289982,44.68055246341478,44.195251783752994,44.58184814453125,9592400,0.0,0.0,0.0,XLP
2018-10-03 00:00:00-04:00,44.68056318874104,44.72991692890676,44.04720430984275,44.10478210449219,15192700,0.0,0.0,0.0,XLP
2018-10-04 00:00:00-04:00,43.98139726596337,44.06365035210333,43.668829890674154,43.99784851074219,19964000,0.0,0.0,0.0,XLP
2018-10-05 00:00:00-04:00,43.907367848674234,44.12945494461139,43.890916604039546,43.95671844482422,13903100,0.0,0.0,0.0,XLP
2018-10-08 00:00:00-04:00,43.91558916721287,44.62297695368051,43.91558916721287,44.565399169921875,14908300,0.0,0.0,0.0,XLP
2018-10-09 00:00:00-04:00,44.58184561860847,44.6805499318996,44.35975856038827,44.46669006347656,13477200,0.0,0.0,0.0,XLP
2018-10-10 00:00:00-04:00,44.31862601053361,44.6558685781212,43.85800071476025,43.932029724121094,26121600,0.0,0.0,0.0,XLP
2018-10-11 00:00:00-04:00,43.808653265962846,44.038967515689365,42.70644515647956,42.84627914428711,44523200,0.0,0.0,0.0,XLP
2018-10-12 00:00:00-04:00,43.02724582217004,43.23288166948689,42.706451264642375,43.08482360839844,26263000,0.0,0.0,0.0,XLP
2018-10-15 00:00:00-04:00,42.96144131842852,43.66060508966443,42.96144131842852,43.34803771972656,15892000,0.0,0.0,0.0,XLP
2018-10-16 00:00:00-04:00,43.45496668850934,43.89913771283569,43.298681443840074,43.833335876464844,15468600,0.0,0.0,0.0,XLP
2018-10-17 00:00:00-04:00,43.792212367424234,44.137679092227536,43.63592711193829,44.03897476196289,15837800,0.0,0.0,0.0,XLP
2018-10-18 00:00:00-04:00,44.08833175005484,44.48315540386233,43.84156931974106,43.98140335083008,19370300,0.0,0.0,0.0,XLP
2018-10-19 00:00:00-04:00,44.48314877304021,45.1165044325919,44.48314877304021,44.98489761352539,28312300,0.0,0.0,0.0,XLP
2018-10-22 00:00:00-04:00,45.067154385147624,45.124732173080496,44.52427585767043,44.64765548706055,16645700,0.0,0.0,0.0,XLP
2018-10-23 00:00:00-04:00,44.38444064183359,44.960221643298894,44.12945419869118,44.84506607055664,30466600,0.0,0.0,0.0,XLP
2018-10-24 00:00:00-04:00,44.87795484097452,45.66759550219032,44.74634806410522,45.034236907958984,36761900,0.0,0.0,0.0,XLP
2018-10-25 00:00:00-04:00,44.92731890809221,45.30569125071029,44.540725649971975,45.14118194580078,30018200,0.0,0.0,0.0,XLP
2018-10-26 00:00:00-04:00,44.82861801665229,44.952000789231015,44.08010360280184,44.27751541137695,39310600,0.0,0.0,0.0,XLP
2018-10-29 00:00:00-04:00,44.58185118796098,45.10005438854423,44.37621534589267,44.7874870300293,31687500,0.0,0.0,0.0,XLP
2018-10-30 00:00:00-04:00,45.09182582048854,45.71696051842505,44.97667025448809,45.67583084106445,33148100,0.0,0.0,0.0,XLP
2018-10-31 00:00:00-04:00,45.66761447228463,45.66761447228463,44.88619753725958,45.24811553955078,30135100,0.0,0.0,0.0,XLP
2018-11-01 00:00:00-04:00,45.34681398967142,45.70873191991835,45.116499727010876,45.56890106201172,22589800,0.0,0.0,0.0,XLP
2018-11-02 00:00:00-04:00,45.56890255031273,45.62648033341994,44.93554379837951,45.33036422729492,28704100,0.0,0.0,0.0,XLP
2018-11-05 00:00:00-05:00,45.404390168306975,46.02129763489334,45.33858519908268,45.89791488647461,19972200,0.0,0.0,0.0,XLP
2018-11-06 00:00:00-05:00,45.88969287831344,46.194033030148255,45.73340763832098,46.177581787109375,15626500,0.0,0.0,0.0,XLP
2018-11-07 00:00:00-05:00,46.366770681461695,46.457250957701454,45.95549898055667,46.440799713134766,15067100,0.0,0.0,0.0,XLP
2018-11-08 00:00:00-05:00,46.21048361819114,46.53950219879759,46.20225642791143,46.46547317504883,12890200,0.0,0.0,0.0,XLP
2018-11-09 00:00:00-05:00,46.44902665439588,46.88497365092848,46.44902665439588,46.736915588378906,18510900,0.0,0.0,0.0,XLP
2018-11-12 00:00:00-05:00,46.60530984260013,46.868523484798914,46.39967398852269,46.49015426635742,15950700,0.0,0.0,0.0,XLP
2018-11-13 00:00:00-05:00,46.51483513887246,46.68756852393603,46.16114117645401,46.38322830200195,23146500,0.0,0.0,0.0,XLP
2018-11-14 00:00:00-05:00,46.46547173293476,46.46547173293476,45.84856426675947,46.070648193359375,17577600,0.0,0.0,0.0,XLP
2018-11-15 00:00:00-05:00,45.91435948694988,45.996612548828125,45.56066567291767,45.996612548828125,25604700,0.0,0.0,0.0,XLP
2018-11-16 00:00:00-05:00,45.97195187371749,46.29274330988662,45.80744255990521,46.111785888671875,15212800,0.0,0.0,0.0,XLP
2018-11-19 00:00:00-05:00,46.12822286624476,46.38320924291934,45.84855806059124,46.037742614746094,16727200,0.0,0.0,0.0,XLP
2018-11-20 00:00:00-05:00,45.89791286337823,46.12822710775778,45.14939862909007,45.27278137207031,33023200,0.0,0.0,0.0,XLP
2018-11-21 00:00:00-05:00,45.24810843264838,45.355039947026114,44.81216145997943,44.910865783691406,16604400,0.0,0.0,0.0,XLP
2018-11-23 00:00:00-05:00,44.869742132774945,45.26456259079911,44.76281061151192,45.06715393066406,8700800,0.0,0.0,0.0,XLP
2018-11-26 00:00:00-05:00,45.132953209468724,45.35504029282935,44.902642073133514,45.12472915649414,13125400,0.0,0.0,0.0,XLP
2018-11-27 00:00:00-05:00,45.05069750747829,45.54422223883962,45.02602221223634,45.52777099609375,15954400,0.0,0.0,0.0,XLP
2018-11-28 00:00:00-05:00,45.45375318979646,45.914378687093986,45.31392229857932,45.90615463256836,21973700,0.0,0.0,0.0,XLP
2018-11-29 00:00:00-05:00,45.8321131602722,46.12000205690561,45.77453538094552,45.98017120361328,13285000,0.0,0.0,0.0,XLP
2018-11-30 00:00:00-05:00,45.97194692063497,46.391445782546576,45.85679135469966,46.27628707885742,16551900,0.0,0.0,0.0,XLP
2018-12-03 00:00:00-05:00,46.440796764560965,46.440796764560965,45.84034049589369,46.31741714477539,20855900,0.0,0.0,0.0,XLP
2018-12-04 00:00:00-05:00,46.39967305499089,46.57240641587967,45.51132781488145,45.53600311279297,27634900,0.0,0.0,0.0,XLP
2018-12-06 00:00:00-05:00,45.38793759554486,45.601797463747666,44.62297210838091,45.58534622192383,32514000,0.0,0.0,0.0,XLP
2018-12-07 00:00:00-05:00,45.54422620605772,45.70873551009264,44.81216309774402,45.00957489013672,23139500,0.0,0.0,0.0,XLP
2018-12-10 00:00:00-05:00,45.26456133052455,45.26456133052455,44.31863832339325,45.00957489013672,44469000,0.0,0.0,0.0,XLP
2018-12-11 00:00:00-05:00,45.32213337267067,45.70872971749688,45.13294879521947,45.37971115112305,25677400,0.0,0.0,0.0,XLP
2018-12-12 00:00:00-05:00,45.65937856283113,45.79921255962946,45.297460629638934,45.32213592529297,18735200,0.0,0.0,0.0,XLP
2018-12-13 00:00:00-05:00,45.37971194570252,45.749857054915765,45.32213416624197,45.60179901123047,16987800,0.0,0.0,0.0,XLP
2018-12-14 00:00:00-05:00,45.3139178468998,45.37149563618618,44.72168557109218,44.828617095947266,20262700,0.0,0.0,0.0,XLP
2018-12-17 00:00:00-05:00,44.721681357729906,44.828612872510654,43.52899286476371,43.79220962524414,27324100,0.0,0.0,0.0,XLP
2018-12-18 00:00:00-05:00,43.907372383239796,43.99785266919795,43.02725109979039,43.27401351928711,27349700,0.0,0.0,0.0,XLP
2018-12-19 00:00:00-05:00,43.47964602220211,43.825112755173336,42.657102595789674,42.85451126098633,46289600,0.0,0.0,0.0,XLP
2018-12-20 00:00:00-05:00,42.66532723759005,42.68177848287558,41.686501676257485,42.08954620361328,43415000,0.0,0.0,0.0,XLP
2018-12-21 00:00:00-05:00,42.10116225941184,43.02254070341279,41.652923583984375,41.652923583984375,38484500,0.464,0.0,0.0,XLP
2018-12-24 00:00:00-05:00,41.54501027417336,41.68612384589608,40.416114366256934,40.449317932128906,23086800,0.0,0.0,0.0,XLP
2018-12-26 00:00:00-05:00,40.53233692874053,41.578224182128906,40.11730175150485,41.578224182128906,26670600,0.0,0.0,0.0,XLP
2018-12-27 00:00:00-05:00,41.32090527794096,42.00986525951075,40.70665492871403,41.976661682128906,35926900,0.0,0.0,0.0,XLP
2018-12-28 00:00:00-05:00,42.283786856742374,42.458104054763325,41.81064696168713,41.976661682128906,24436600,0.0,0.0,0.0,XLP
2018-12-31 00:00:00-05:00,42.084558861590985,42.184166396822505,41.76083199723871,42.150962829589844,14959600,0.0,0.0,0.0,XLP
2019-01-02 00:00:00-05:00,41.70273572564969,42.03476196535864,41.46201456449541,41.90195083618164,20459000,0.0,0.0,0.0,XLP
2019-01-03 00:00:00-05:00,41.827239047163545,42.258875953592714,41.59482039234272,41.661224365234375,22074800,0.0,0.0,0.0,XLP
2019-01-04 00:00:00-05:00,41.935150107592776,42.549400329589844,41.843841871939134,42.549400329589844,19003300,0.0,0.0,0.0,XLP
2019-01-07 00:00:00-05:00,42.441496482718144,42.77352271189022,42.10946708707907,42.49129867553711,15143300,0.0,0.0,0.0,XLP
2019-01-08 00:00:00-05:00,42.74032495061101,42.98934542951819,42.5328073571105,42.88143539428711,28273800,0.0,0.0,0.0,XLP
2019-01-09 00:00:00-05:00,42.87313579541064,42.91463868053814,42.38339415138494,42.483001708984375,15684500,0.0,0.0,0.0,XLP
2019-01-10 00:00:00-05:00,42.39999130588162,42.80672396874339,42.28377880716859,42.732017517089844,32431700,0.0,0.0,0.0,XLP
2019-01-11 00:00:00-05:00,42.82333328833189,42.88143796467755,42.62411499338433,42.856536865234375,11732400,0.0,0.0,0.0,XLP
2019-01-14 00:00:00-05:00,42.748624893727865,42.83993314285408,42.58261018317722,42.649017333984375,7811500,0.0,0.0,0.0,XLP
2019-01-15 00:00:00-05:00,42.640708813968274,43.11384861378175,42.61580771917813,43.07234573364258,11447700,0.0,0.0,0.0,XLP
2019-01-16 00:00:00-05:00,43.055736885145045,43.055736885145045,42.682204692235636,42.83992004394531,13484700,0.0,0.0,0.0,XLP
2019-01-17 00:00:00-05:00,42.77351744683247,43.1138461105608,42.723715260143734,43.02254104614258,10196400,0.0,0.0,0.0,XLP
2019-01-18 00:00:00-05:00,43.27157102252825,43.67000443624564,43.221765658388335,43.537193298339844,11957600,0.0,0.0,0.0,XLP
2019-01-22 00:00:00-05:00,43.42097599581071,43.50398175437387,42.790120831450544,43.13875198364258,20877700,0.0,0.0,0.0,XLP
2019-01-23 00:00:00-05:00,43.47077633093511,43.77790459075079,43.26325877690825,43.65339279174805,23804700,0.0,0.0,0.0,XLP
2019-01-24 00:00:00-05:00,43.42097792645903,43.429277236097676,42.82332630553713,43.11384963989258,17727200,0.0,0.0,0.0,XLP
2019-01-25 00:00:00-05:00,43.24665833653585,43.420975493850065,42.881428570026735,42.93953323364258,12920300,0.0,0.0,0.0,XLP
2019-01-28 00:00:00-05:00,42.84822192636547,43.138748390068315,42.707111515269645,43.12214660644531,10996700,0.0,0.0,0.0,XLP
2019-01-29 00:00:00-05:00,43.20515038388364,43.3130603892691,43.03083641350689,43.22175216674805,11500400,0.0,0.0,0.0,XLP
2019-01-30 00:00:00-05:00,43.2632590772305,43.611890216978345,43.16365153721681,43.51227951049805,13934600,0.0,0.0,0.0,XLP
2019-01-31 00:00:00-05:00,43.52057728076569,44.43365315951951,43.420969751520936,44.31744384765625,17886500,0.0,0.0,0.0,XLP
2019-02-01 00:00:00-05:00,44.45025972229781,44.45025972229781,43.993721733825026,44.17633819580078,14423400,0.0,0.0,0.0,XLP
2019-02-04 00:00:00-05:00,44.16804205396967,44.45856857299805,44.08503628651417,44.45856857299805,13367500,0.0,0.0,0.0,XLP
2019-02-05 00:00:00-05:00,44.49176663518162,44.58307487445055,44.34235372846281,44.46686553955078,11296100,0.0,0.0,0.0,XLP
2019-02-06 00:00:00-05:00,44.34235203858612,44.54986960484637,44.34235203858612,44.47516632080078,19006100,0.0,0.0,0.0,XLP
2019-02-07 00:00:00-05:00,44.28424401616339,44.47516294914002,44.134831126465656,44.441959381103516,14519000,0.0,0.0,0.0,XLP
2019-02-08 00:00:00-05:00,44.35064933053504,44.64947509765625,44.1846346636381,44.64947509765625,11100100,0.0,0.0,0.0,XLP
2019-02-11 00:00:00-05:00,44.69098720733376,44.807196548234224,44.56647538981638,44.76569366455078,6876200,0.0,0.0,0.0,XLP
2019-02-12 00:00:00-05:00,44.85699149925641,45.247122315109515,44.79058436759935,45.11431121826172,11694100,0.0,0.0,0.0,XLP
2019-02-13 00:00:00-05:00,45.197330474853516,45.338440912214075,45.09772292104212,45.197330474853516,10809600,0.0,0.0,0.0,XLP
2019-02-14 00:00:00-05:00,44.724194023939305,44.8902087371783,44.45026927212487,44.69099044799805,11388500,0.0,0.0,0.0,XLP
2019-02-15 00:00:00-05:00,44.90679368153288,45.19732013283304,44.69097683658008,45.11431121826172,12635400,0.0,0.0,0.0,XLP
2019-02-19 00:00:00-05:00,45.222228912862356,45.52105472319422,45.12262136490735,45.34674072265625,19831700,0.0,0.0,0.0,XLP
2019-02-20 00:00:00-05:00,45.30524277695092,45.429751433841524,45.12262628041739,45.263736724853516,14478600,0.0,0.0,0.0,XLP
2019-02-21 00:00:00-05:00,45.189027826731106,45.49615613005658,45.0562166999977,45.39654541015625,11711800,0.0,0.0,0.0,XLP
2019-02-22 00:00:00-05:00,44.97321132711083,45.180728912353516,44.857001986009664,45.180728912353516,24758700,0.0,0.0,0.0,XLP
2019-02-25 00:00:00-05:00,45.272038009099475,45.40484913949733,44.87360461790591,44.93170928955078,15162600,0.0,0.0,0.0,XLP
2019-02-26 00:00:00-05:00,44.956607818603516,45.147523609739196,44.8570002681125,44.956607818603516,15114400,0.0,0.0,0.0,XLP
2019-02-27 00:00:00-05:00,44.857005621715935,44.95661318409494,44.70759269491377,44.89020919799805,10811600,0.0,0.0,0.0,XLP
2019-02-28 00:00:00-05:00,44.99810424039729,45.28032823165877,44.890197395552086,45.106014251708984,8469400,0.0,0.0,0.0,XLP
2019-03-01 00:00:00-05:00,45.23883478443972,45.25543657167612,44.699287781891655,45.02301788330078,10812200,0.0,0.0,0.0,XLP
2019-03-04 00:00:00-05:00,45.10601542292502,45.18902117749457,44.59967208723769,44.94830322265625,10113600,0.0,0.0,0.0,XLP
2019-03-05 00:00:00-05:00,44.94000882460393,45.06452064530393,44.83209879109507,44.91510772705078,10132400,0.0,0.0,0.0,XLP
2019-03-06 00:00:00-05:00,44.90680615015063,45.031317973345836,44.65778567022741,44.84870147705078,12001100,0.0,0.0,0.0,XLP
2019-03-07 00:00:00-05:00,44.77398718573402,44.848693633292015,44.46686208642524,44.558170318603516,14336100,0.0,0.0,0.0,XLP
2019-03-08 00:00:00-05:00,44.59967063132152,44.79888886883833,44.36725199294062,44.58306884765625,11909300,0.0,0.0,0.0,XLP
2019-03-11 00:00:00-04:00,44.657780160782046,45.1973271061076,44.657780160782046,45.16412353515625,10519200,0.0,0.0,0.0,XLP
2019-03-12 00:00:00-04:00,45.17242643572225,45.338441137209806,45.072818881416545,45.180728912353516,10841800,0.0,0.0,0.0,XLP
2019-03-13 00:00:00-04:00,45.213929956904224,45.61236331830776,45.180726385170544,45.43804931640625,11135300,0.0,0.0,0.0,XLP
2019-03-14 00:00:00-04:00,45.45465008019793,45.52935653688966,45.321838953464514,45.39654541015625,8449600,0.0,0.0,0.0,XLP
2019-03-15 00:00:00-04:00,45.55344933735008,45.77879338257842,45.46164085324196,45.653602600097656,21846900,0.298,0.0,0.0,XLP
2019-03-18 00:00:00-04:00,45.6619596727792,45.81219119925636,45.603536655128714,45.72038269042969,8103700,0.0,0.0,0.0,XLP
2019-03-19 00:00:00-04:00,45.82053140353587,45.92068467628623,45.52006840146964,45.68699264526367,13359400,0.0,0.0,0.0,XLP
2019-03-20 00:00:00-04:00,45.66195369969261,45.753762196509726,45.34480112645292,45.49502944946289,19832700,0.0,0.0,0.0,XLP
2019-03-21 00:00:00-04:00,45.411563733859666,46.09595021626519,45.411563733859666,46.02918243408203,12699200,0.0,0.0,0.0,XLP
2019-03-22 00:00:00-04:00,45.96241619664021,46.27122398661371,45.90399318728888,45.97076416015625,21007300,0.0,0.0,0.0,XLP
2019-03-25 00:00:00-04:00,45.887299639569626,46.17941786502005,45.77879840247003,46.06256866455078,12538000,0.0,0.0,0.0,XLP
2019-03-26 00:00:00-04:00,46.22115716418158,46.62177352121545,46.18777167180814,46.45484924316406,12808700,0.0,0.0,0.0,XLP
2019-03-27 00:00:00-04:00,46.45484858864794,46.58838737244444,46.06257701832636,46.29627227783203,12740400,0.0,0.0,0.0,XLP
2019-03-28 00:00:00-04:00,46.404757256623476,46.64679722889989,46.38806769919704,46.5216064453125,11920900,0.0,0.0,0.0,XLP
2019-03-29 00:00:00-04:00,46.60506658915463,46.88048885786166,46.47987262276928,46.830413818359375,13888800,0.0,0.0,0.0,XLP
2019-04-01 00:00:00-04:00,46.922220963957834,46.93056574236522,46.59672048121943,46.67183303833008,13799400,0.0,0.0,0.0,XLP
2019-04-02 00:00:00-04:00,46.52995042956958,46.52995042956958,46.28791046142578,46.28791046142578,13964800,0.0,0.0,0.0,XLP
2019-04-03 00:00:00-04:00,46.20445538749874,46.30460866122866,45.94572264789667,46.06256866455078,18616500,0.0,0.0,0.0,XLP
2019-04-04 00:00:00-04:00,46.095955831691356,46.31295831380544,46.054225564766426,46.23784255981445,10671300,0.0,0.0,0.0,XLP
2019-04-05 00:00:00-04:00,46.30461483343066,46.413116084993,46.17942402053467,46.39642333984375,9045200,0.0,0.0,0.0,XLP
2019-04-08 00:00:00-04:00,46.37138341287461,46.59673068499742,46.31296039978522,46.588382720947266,6136900,0.0,0.0,0.0,XLP
2019-04-09 00:00:00-04:00,46.47988620906627,46.55500197409122,46.329654679016365,46.529964447021484,12062300,0.0,0.0,0.0,XLP
2019-04-10 00:00:00-04:00,46.57167800265854,46.72190947878119,46.52994774458326,46.66348648071289,7060800,0.0,0.0,0.0,XLP
2019-04-11 00:00:00-04:00,46.73859824653308,46.84709945535912,46.588366783178365,46.75529098510742,6444900,0.0,0.0,0.0,XLP
2019-04-12 00:00:00-04:00,46.78869443521844,46.93892595628166,46.6468076947407,46.905540466308594,7635700,0.0,0.0,0.0,XLP
2019-04-15 00:00:00-04:00,46.88883895637198,47.22268742606504,46.88049099353142,47.18095397949219,6505000,0.0,0.0,0.0,XLP
2019-04-16 00:00:00-04:00,47.26442392290171,47.347884459425764,47.00569116557253,47.189308166503906,9345100,0.0,0.0,0.0,XLP
2019-04-17 00:00:00-04:00,47.43968926376341,47.498112271541466,47.2059972326512,47.422996520996094,12720200,0.0,0.0,0.0,XLP
2019-04-18 00:00:00-04:00,47.614949337844905,47.69841303599446,47.25606339533814,47.464717864990234,10622200,0.0,0.0,0.0,XLP
2019-04-22 00:00:00-04:00,47.45638108786041,47.740151341781306,47.36457259632496,47.48141860961914,12432100,0.0,0.0,0.0,XLP
2019-04-23 00:00:00-04:00,47.456382181212454,47.51480518920556,47.239379708253665,47.3311882019043,20408400,0.0,0.0,0.0,XLP
2019-04-24 00:00:00-04:00,47.356231138950065,47.60661592554657,47.32284565171979,47.43134689331055,8221900,0.0,0.0,0.0,XLP
2019-04-25 00:00:00-04:00,47.17261634696075,47.214346616040636,46.963961817745854,47.13088607788086,9992100,0.0,0.0,0.0,XLP
2019-04-26 00:00:00-04:00,47.18095507232621,47.564881776510475,47.15591755085454,47.55653381347656,8405700,0.0,0.0,0.0,XLP
2019-04-29 00:00:00-04:00,47.53150299228019,47.640004240310724,47.464732013856626,47.61496353149414,7210800,0.0,0.0,0.0,XLP
2019-04-30 00:00:00-04:00,47.64000252239266,48.215887863359484,47.589924290380836,48.165809631347656,15965900,0.0,0.0,0.0,XLP
2019-05-01 00:00:00-04:00,48.22422796259879,48.25761344736613,47.57322692871094,47.57322692871094,11992700,0.0,0.0,0.0,XLP
2019-05-02 00:00:00-04:00,47.53149629200488,47.748495573661174,47.31449382653356,47.55653381347656,13925900,0.0,0.0,0.0,XLP
2019-05-03 00:00:00-04:00,47.78187416788136,48.0239141199215,47.706758430483205,47.91541290283203,13801300,0.0,0.0,0.0,XLP
2019-05-06 00:00:00-04:00,47.564871655250485,47.92375439396685,47.506445477890594,47.840293884277344,10100300,0.0,0.0,0.0,XLP
2019-05-07 00:00:00-04:00,47.62331101010012,47.715116328773156,47.11419344816607,47.36457824707031,20115500,0.0,0.0,0.0,XLP
2019-05-08 00:00:00-04:00,47.331190981831675,47.623309222769464,47.12253645993982,47.356231689453125,11940200,0.0,0.0,0.0,XLP
2019-05-09 00:00:00-04:00,47.155919723730214,47.38961175840749,46.89718698261239,47.256072998046875,23531600,0.0,0.0,0.0,XLP
2019-05-10 00:00:00-04:00,47.139228061325404,47.89873037525251,46.938921508100265,47.83196258544922,14029600,0.0,0.0,0.0,XLP
2019-05-13 00:00:00-04:00,47.33954109279665,47.49811739045339,47.20600232008164,47.38127136230469,13081800,0.0,0.0,0.0,XLP
2019-05-14 00:00:00-04:00,47.51480085919827,47.93210984044271,47.43968511522167,47.60660934448242,16497800,0.0,0.0,0.0,XLP
2019-05-15 00:00:00-04:00,47.539847042141474,48.08235009014214,47.44803854012763,47.98219680786133,9681800,0.0,0.0,0.0,XLP
2019-05-16 00:00:00-04:00,48.232578214355875,48.633194499128216,48.09903945276509,48.35776901245117,12859800,0.0,0.0,0.0,XLP
2019-05-17 00:00:00-04:00,48.09068700380712,48.47461369340973,48.082342224905176,48.199188232421875,15458700,0.0,0.0,0.0,XLP
2019-05-20 00:00:00-04:00,48.090692649754686,48.35777017938114,48.04896238271592,48.08234786987305,9496800,0.0,0.0,0.0,XLP
2019-05-21 00:00:00-04:00,48.25761913008743,48.274311874436805,47.90708105019686,47.98219680786133,8124100,0.0,0.0,0.0,XLP
2019-05-22 00:00:00-04:00,47.99887851681117,48.30768946103663,47.89872525091327,48.199188232421875,11102000,0.0,0.0,0.0,XLP
2019-05-23 00:00:00-04:00,48.015570886108755,48.199187858676865,47.91541762098747,48.1824951171875,17398000,0.0,0.0,0.0,XLP
2019-05-24 00:00:00-04:00,48.265961583470066,48.30769184767129,47.86534213245611,48.00722885131836,9530800,0.0,0.0,0.0,XLP
2019-05-28 00:00:00-04:00,48.01557905786135,48.13242508435798,47.189308908312064,47.222694396972656,14043000,0.0,0.0,0.0,XLP
2019-05-29 00:00:00-04:00,47.03907645482653,47.0474212349175,46.63846015033718,46.880496978759766,11455100,0.0,0.0,0.0,XLP
2019-05-30 00:00:00-04:00,46.97229787626952,47.18095236674167,46.8637998335707,47.0807991027832,9770200,0.0,0.0,0.0,XLP
2019-05-31 00:00:00-04:00,46.71357950252927,46.78034729984307,46.33800069321534,46.413116455078125,13450800,0.0,0.0,0.0,XLP
2019-06-03 00:00:00-04:00,46.47986815353549,47.08913881814299,46.471523375692435,46.99733352661133,17060600,0.0,0.0,0.0,XLP
2019-06-04 00:00:00-04:00,47.28945776267267,47.43134448428732,47.13922626158192,47.422996520996094,16546800,0.0,0.0,0.0,XLP
2019-06-05 00:00:00-04:00,47.6400031398696,48.057312193930905,47.456386137261696,47.96550369262695,15069700,0.0,0.0,0.0,XLP
2019-06-06 00:00:00-04:00,48.06565416038827,48.56642372242081,47.982193627987925,48.466270446777344,20769600,0.0,0.0,0.0,XLP
2019-06-07 00:00:00-04:00,48.6331955836203,49.125620374932446,48.6331955836203,48.933658599853516,18860800,0.0,0.0,0.0,XLP
2019-06-10 00:00:00-04:00,49.00041912509757,49.0588421269457,48.80011259985109,48.95034408569336,15341800,0.0,0.0,0.0,XLP
2019-06-11 00:00:00-04:00,49.09223212311475,49.23411884337439,48.98373088807092,49.108924865722656,18109700,0.0,0.0,0.0,XLP
2019-06-12 00:00:00-04:00,49.20073662799463,49.46781415984062,49.108928129457205,49.184043884277344,10921200,0.0,0.0,0.0,XLP
2019-06-13 00:00:00-04:00,49.300893913930075,49.44278065515271,49.0087788346711,49.29254913330078,11564400,0.0,0.0,0.0,XLP
2019-06-14 00:00:00-04:00,49.26749913627838,49.45111611366468,49.21742409431119,49.31757736206055,9726100,0.0,0.0,0.0,XLP
2019-06-17 00:00:00-04:00,49.33426915060379,49.384344191603276,48.95034564513809,49.175689697265625,8796600,0.0,0.0,0.0,XLP
2019-06-18 00:00:00-04:00,49.45111038939988,49.48449586939009,48.84183970674435,48.908607482910156,18120600,0.0,0.0,0.0,XLP
2019-06-19 00:00:00-04:00,48.8752328368422,49.209078137554975,48.63319284475025,49.108924865722656,13457200,0.0,0.0,0.0,XLP
2019-06-20 00:00:00-04:00,49.31758333543586,49.60135361494194,49.20908209167359,49.542930603027344,13566200,0.0,0.0,0.0,XLP
2019-06-21 00:00:00-04:00,49.48320264976529,49.62616753457486,49.30659783626635,49.382286071777344,15416200,0.449,0.0,0.0,XLP
2019-06-24 00:00:00-04:00,49.45798903976224,49.70187057520683,49.42434910105225,49.508445739746094,17796300,0.0,0.0,0.0,XLP
2019-06-25 00:00:00-04:00,49.51685526934235,49.58413193588355,49.34024720249959,49.48321533203125,11861700,0.0,0.0,0.0,XLP
2019-06-26 00:00:00-04:00,49.2561600335125,49.2561600335125,48.75998209110021,48.77680206298828,11672600,0.0,0.0,0.0,XLP
2019-06-27 00:00:00-04:00,48.84408011883448,48.91135679578218,48.59178375805651,48.86930847167969,11524900,0.0,0.0,0.0,XLP
2019-06-28 00:00:00-04:00,49.104772098691456,49.163640382597116,48.73474242727289,48.83565902709961,12409300,0.0,0.0,0.0,XLP
2019-07-01 00:00:00-04:00,49.08795656309469,49.24774466933599,48.844075025498945,49.1300048828125,12628100,0.0,0.0,0.0,XLP
2019-07-02 00:00:00-04:00,49.14681775268025,49.55889892578125,49.11318102661378,49.55889892578125,11913500,0.0,0.0,0.0,XLP
2019-07-03 00:00:00-04:00,49.62617571252465,50.22327331687674,49.58412739877384,50.172813415527344,11995800,0.0,0.0,0.0,XLP
2019-07-05 00:00:00-04:00,49.878485772881575,49.9878107771808,49.50845281038703,49.95417404174805,11008200,0.0,0.0,0.0,XLP
2019-07-08 00:00:00-04:00,49.954158126422705,50.1139429950862,49.878469881670405,50.02143478393555,9257100,0.0,0.0,0.0,XLP
2019-07-09 00:00:00-04:00,49.920513712319334,50.004610328681274,49.54207252253006,49.727088928222656,12499500,0.0,0.0,0.0,XLP
2019-07-10 00:00:00-04:00,49.90370408729451,50.17281716510827,49.86165577040128,50.046669006347656,16804800,0.0,0.0,0.0,XLP
2019-07-11 00:00:00-04:00,50.147585068892994,50.214861729278155,49.90370035782529,50.172813415527344,12575300,0.0,0.0,0.0,XLP
2019-07-12 00:00:00-04:00,50.15600776924778,50.4335324937889,50.15600776924778,50.3157958984375,8732000,0.0,0.0,0.0,XLP
2019-07-15 00:00:00-04:00,50.39988514655269,50.5176217246094,50.26532859904772,50.43352508544922,7212600,0.0,0.0,0.0,XLP
2019-07-16 00:00:00-04:00,50.44193249709025,50.65217729903281,50.27373601391998,50.45034408569336,13579000,0.0,0.0,0.0,XLP
2019-07-17 00:00:00-04:00,50.45035099623006,50.52603926362017,50.27374290026543,50.3914794921875,9049900,0.0,0.0,0.0,XLP
2019-07-18 00:00:00-04:00,50.450353235167164,50.87925129735755,50.27374513136485,50.727874755859375,9444300,0.0,0.0,0.0,XLP
2019-07-19 00:00:00-04:00,50.854008161228165,50.92969640997669,50.37465032184773,50.408287048339844,7460400,0.0,0.0,0.0,XLP
2019-07-22 00:00:00-04:00,50.500798469922316,50.500798469922316,50.063488916959265,50.113948822021484,7135100,0.0,0.0,0.0,XLP
2019-07-23 00:00:00-04:00,50.568075079950624,50.66058329588757,50.31578198708304,50.47556686401367,10058100,0.0,0.0,0.0,XLP
2019-07-24 00:00:00-04:00,50.39988010327797,50.441928418650484,50.08030713190138,50.13917541503906,7975900,0.0,0.0,0.0,XLP
2019-07-25 00:00:00-04:00,50.03826636516288,50.290559503539036,49.9205297811261,50.20646286010742,9469200,0.0,0.0,0.0,XLP
2019-07-26 00:00:00-04:00,50.29055861752997,50.78673650443008,50.14759368459869,50.76991653442383,14727900,0.0,0.0,0.0,XLP
2019-07-29 00:00:00-04:00,50.76991471543585,50.97175114019824,50.73627798470974,50.862422943115234,6121300,0.0,0.0,0.0,XLP
2019-07-30 00:00:00-04:00,51.0642538480689,51.31654694568932,50.89605738029503,51.0137939453125,14123800,0.0,0.0,0.0,XLP
2019-07-31 00:00:00-04:00,50.85400824248075,50.929696491350214,49.49161976283048,49.97938919067383,16826700,0.0,0.0,0.0,XLP
2019-08-01 00:00:00-04:00,50.12235371833688,50.71103973748823,49.769144031694495,49.80278396606445,30148200,0.0,0.0,0.0,XLP
2019-08-02 00:00:00-04:00,49.727098740578924,50.113948385107044,49.61777055127109,49.811195373535156,24368700,0.0,0.0,0.0,XLP
2019-08-05 00:00:00-04:00,49.49161449270036,49.701859249607466,48.24696591677995,48.51607894897461,26364800,0.0,0.0,0.0,XLP
2019-08-06 00:00:00-04:00,48.684282770547405,49.18046060032972,48.49926632985814,48.95339584350586,20126400,0.0,0.0,0.0,XLP
2019-08-07 00:00:00-04:00,48.743146315823665,49.71027353329722,48.23014856784624,49.5252571105957,17550800,0.0,0.0,0.0,XLP
2019-08-08 00:00:00-04:00,49.49163125047456,50.214873972416505,49.256158069593546,50.1644172668457,24011300,0.0,0.0,0.0,XLP
2019-08-09 00:00:00-04:00,50.13917971865075,50.26532788367683,49.533676867536414,49.88688659667969,10590200,0.0,0.0,0.0,XLP
2019-08-12 00:00:00-04:00,49.752327746082315,49.912112634042295,49.3822980648735,49.55049133300781,11774000,0.0,0.0,0.0,XLP
2019-08-13 00:00:00-04:00,49.51685438181615,50.34101358268004,49.4327545400458,50.113948822021484,13199500,0.0,0.0,0.0,XLP
2019-08-14 00:00:00-04:00,49.66823043557497,50.07190004814538,49.28978917126492,49.323429107666016,17281300,0.0,0.0,0.0,XLP
2019-08-15 00:00:00-04:00,49.861654806175,50.24009606705759,49.61777008159723,50.0634880065918,14431100,0.0,0.0,0.0,XLP
2019-08-16 00:00:00-04:00,50.28214339058133,50.837189492892385,50.28214339058133,50.635353088378906,18294300,0.0,0.0,0.0,XLP
2019-08-19 00:00:00-04:00,51.03902236353649,51.24085876676162,50.9296973862003,51.13994216918945,13180800,0.0,0.0,0.0,XLP
2019-08-20 00:00:00-04:00,51.114706776489854,51.173575054661036,50.54284075304361,50.58489227294922,8959300,0.0,0.0,0.0,XLP
2019-08-21 00:00:00-04:00,50.92129275641493,50.963341077142225,50.593311363428285,50.719459533691406,8735900,0.0,0.0,0.0,XLP
2019-08-22 00:00:00-04:00,50.76150639190936,51.09789615611711,50.62694984461003,50.98857116699219,7127600,0.0,0.0,0.0,XLP
2019-08-23 00:00:00-04:00,50.845598020772115,51.055842805715514,49.85324237919281,50.13917541503906,25296100,0.0,0.0,0.0,XLP
2019-08-26 00:00:00-04:00,50.475568276847675,50.80354962756395,50.273731872055684,50.76150131225586,13629800,0.0,0.0,0.0,XLP
2019-08-27 00:00:00-04:00,50.97175084208009,51.10630738844099,50.45875300655381,50.61853790283203,13389300,0.0,0.0,0.0,XLP
2019-08-28 00:00:00-04:00,50.60172229964352,51.1063117980957,50.50921727260461,51.1063117980957,12435500,0.0,0.0,0.0,XLP
2019-08-29 00:00:00-04:00,51.40905925152437,51.417467631945364,50.820373171542656,51.131534576416016,9657600,0.0,0.0,0.0,XLP
2019-08-30 00:00:00-04:00,51.29973172727378,51.42587989180279,50.90447047262523,51.06425857543945,8567000,0.0,0.0,0.0,XLP
2019-09-03 00:00:00-04:00,50.84559900329005,51.36700838984335,50.75309078283443,51.35859680175781,15551600,0.0,0.0,0.0,XLP
2019-09-04 00:00:00-04:00,51.56884715688408,51.82114028930664,51.36701393417854,51.82114028930664,12200500,0.0,0.0,0.0,XLP
2019-09-05 00:00:00-04:00,51.95569417238347,52.073430747595765,51.42587958392811,51.50156784057617,15719800,0.0,0.0,0.0,XLP
2019-09-06 00:00:00-04:00,51.63613255178652,51.753869145620456,51.50998436806068,51.669769287109375,13904200,0.0,0.0,0.0,XLP
2019-09-09 00:00:00-04:00,51.64453688908253,51.69499680023744,51.4090637198556,51.55202865600586,27082400,0.0,0.0,0.0,XLP
2019-09-10 00:00:00-04:00,51.32495297662976,51.32495297662976,50.95492333092574,51.232444763183594,31985000,0.0,0.0,0.0,XLP
2019-09-11 00:00:00-04:00,51.21563580827706,51.459517344064174,50.94652271438144,51.4174690246582,17422200,0.0,0.0,0.0,XLP
2019-09-12 00:00:00-04:00,51.72022429599914,51.88000919989053,51.52679945189442,51.627716064453125,18296200,0.0,0.0,0.0,XLP
2019-09-13 00:00:00-04:00,51.39223849502816,51.686579926467786,51.22404201645652,51.333370208740234,17830400,0.0,0.0,0.0,XLP
2019-09-16 00:00:00-04:00,51.08948565008088,51.13994555624939,50.72786434274247,50.83719253540039,16741200,0.0,0.0,0.0,XLP
2019-09-17 00:00:00-04:00,50.811954961776465,51.392232585721686,50.811954961776465,51.114707946777344,11681500,0.0,0.0,0.0,XLP
2019-09-18 00:00:00-04:00,51.1651820786649,51.257690317377694,50.761512389075776,51.198822021484375,10968900,0.0,0.0,0.0,XLP
2019-09-19 00:00:00-04:00,51.15677006696529,51.2829150314649,51.089490186100456,51.190406799316406,10664100,0.0,0.0,0.0,XLP
2019-09-20 00:00:00-04:00,51.2986936859754,51.417126830402914,51.02798843383789,51.02798843383789,13951100,0.358,0.0,0.0,XLP
2019-09-23 00:00:00-04:00,51.07027319904487,51.442495251197265,51.027976118680385,51.23100662231445,8767800,0.0,0.0,0.0,XLP
2019-09-24 00:00:00-04:00,51.434039714849334,51.7808809763542,51.256390020994324,51.442501068115234,17305900,0.0,0.0,0.0,XLP
2019-09-25 00:00:00-04:00,51.66245231075952,51.730130234491135,51.32406914622347,51.476341247558594,17626600,0.0,0.0,0.0,XLP
2019-09-26 00:00:00-04:00,51.53555365842183,51.91623388103909,51.51017605260093,51.76396179199219,15527300,0.0,0.0,0.0,XLP
2019-09-27 00:00:00-04:00,51.89084964133229,51.90776911873677,51.400194477783415,51.70473861694336,14293900,0.0,0.0,0.0,XLP
2019-09-30 00:00:00-04:00,51.73858744660595,52.18694238868671,51.73858744660595,51.958534240722656,11078800,0.0,0.0,0.0,XLP
2019-10-01 00:00:00-04:00,51.983906950317255,52.127717672635534,51.61168488867377,51.82317352294922,16827400,0.0,0.0,0.0,XLP
2019-10-02 00:00:00-04:00,51.56938410031637,51.62014253063562,50.5880770368991,50.78264617919922,18668200,0.0,0.0,0.0,XLP
2019-10-03 00:00:00-04:00,51.036441066475646,51.31560439819645,50.57962482141185,51.13795471191406,20998100,0.0,0.0,0.0,XLP
2019-10-04 00:00:00-04:00,51.22254515611607,51.95006655418502,51.17178995061568,51.94160842895508,11938600,0.0,0.0,0.0,XLP
2019-10-07 00:00:00-04:00,51.823171894501534,51.89084980433204,51.467872549072425,51.51863098144531,9378900,0.0,0.0,0.0,XLP
2019-10-08 00:00:00-04:00,51.366371612540355,51.510182365899155,51.01953030654785,51.02798843383789,14924100,0.0,0.0,0.0,XLP
2019-10-09 00:00:00-04:00,51.28176166484037,51.54400872556278,51.171789901654506,51.4171142578125,8504600,0.0,0.0,0.0,XLP
2019-10-10 00:00:00-04:00,51.3071423538155,51.6709030515036,51.16332840895585,51.51863098144531,8648000,0.0,0.0,0.0,XLP
2019-10-11 00:00:00-04:00,51.713204035390746,51.78087872326959,51.366362788977604,51.46787643432617,18172100,0.0,0.0,0.0,XLP
2019-10-14 00:00:00-04:00,51.53554500184808,51.58630343202459,51.188703796625774,51.21408462524414,7569500,0.0,0.0,0.0,XLP
2019-10-15 00:00:00-04:00,51.340981870828664,51.37482082824136,50.91800458435173,50.994140625,12217700,0.0,0.0,0.0,XLP
2019-10-16 00:00:00-04:00,51.03645230320136,51.10412700604008,50.86726070551258,51.0449104309082,10397700,0.0,0.0,0.0,XLP
2019-10-17 00:00:00-04:00,51.214086487131475,51.42557511329863,51.13795045262889,51.281761169433594,13209800,0.0,0.0,0.0,XLP
2019-10-18 00:00:00-04:00,51.18871311821563,51.57785469964544,51.18871311821563,51.38328552246094,9301200,0.0,0.0,0.0,XLP
2019-10-21 00:00:00-04:00,51.391740951752595,51.577851992796944,51.32406303607805,51.55247116088867,9924100,0.0,0.0,0.0,XLP
2019-10-22 00:00:00-04:00,51.92469193749885,51.9585276674248,51.544011739052124,51.56938934326172,12492500,0.0,0.0,0.0,XLP
2019-10-23 00:00:00-04:00,51.544015872883946,51.84009870261028,51.52709639303375,51.8062629699707,7499400,0.0,0.0,0.0,XLP
2019-10-24 00:00:00-04:00,51.90777356562111,52.068503774142734,51.70474304643429,51.983909606933594,9089300,0.0,0.0,0.0,XLP
2019-10-25 00:00:00-04:00,51.933148968661214,51.94161032125979,51.63706616892104,51.67936325073242,7518600,0.0,0.0,0.0,XLP
2019-10-28 00:00:00-04:00,51.67936398499861,51.865475020085576,51.45941722021809,51.577850341796875,11154200,0.0,0.0,0.0,XLP
2019-10-29 00:00:00-04:00,51.48479482425339,51.82317471061269,51.39173930670991,51.577850341796875,10072400,0.0,0.0,0.0,XLP
2019-10-30 00:00:00-04:00,51.62014717928927,51.90777185621329,51.476333227297005,51.81471633911133,7216400,0.0,0.0,0.0,XLP
2019-10-31 00:00:00-04:00,51.83163431078378,52.0177453395779,51.40865704684109,51.73857879638672,12628100,0.0,0.0,0.0,XLP
2019-11-01 00:00:00-04:00,51.83163143198268,51.924686941211306,51.62014281175771,51.73011779785156,10232000,0.0,0.0,0.0,XLP
2019-11-04 00:00:00-05:00,51.78933647348266,51.81471407628928,51.07027319904487,51.23100662231445,17081600,0.0,0.0,0.0,XLP
2019-11-05 00:00:00-05:00,51.16334502700735,51.510186359893225,51.00261477954463,51.400211334228516,17192200,0.0,0.0,0.0,XLP
2019-11-06 00:00:00-05:00,51.48478784710752,51.73857353424945,51.34097391392236,51.61167907714844,8284500,0.0,0.0,0.0,XLP
2019-11-07 00:00:00-05:00,51.67090189221758,51.67936001722645,51.340976929786564,51.43403244018555,9437800,0.0,0.0,0.0,XLP
2019-11-08 00:00:00-05:00,51.408672689235786,51.56094480875265,51.23102295881992,51.400211334228516,7574200,0.0,0.0,0.0,XLP
2019-11-11 00:00:00-05:00,51.42557921956177,51.51017338595922,51.23946818101465,51.32406234741211,5632200,0.0,0.0,0.0,XLP
2019-11-12 00:00:00-05:00,51.40020390067786,51.49325942993164,51.256393156966325,51.49325942993164,7085100,0.0,0.0,0.0,XLP
2019-11-13 00:00:00-05:00,51.569387383660484,51.98390652334227,51.50171269931963,51.88239288330078,9500900,0.0,0.0,0.0,XLP
2019-11-14 00:00:00-05:00,52.1107952354931,52.1277147125216,51.65398226396457,51.86547088623047,8442100,0.0,0.0,0.0,XLP
2019-11-15 00:00:00-05:00,51.94160944224669,51.992364648737215,51.69628185400768,51.88239288330078,7221400,0.0,0.0,0.0,XLP
2019-11-18 00:00:00-05:00,51.831635428950285,52.44072373482698,51.831635428950285,52.153099060058594,8615500,0.0,0.0,0.0,XLP
2019-11-19 00:00:00-05:00,52.22922882010196,52.31382297372268,51.97543990511959,52.08541488647461,8560900,0.0,0.0,0.0,XLP
2019-11-20 00:00:00-05:00,52.08542429458955,52.330751902286956,51.975449293369905,52.203857421875,11935900,0.0,0.0,0.0,XLP
2019-11-21 00:00:00-05:00,52.110796750036855,52.23769121790855,51.82317208631332,51.94160842895508,7611100,0.0,0.0,0.0,XLP
2019-11-22 00:00:00-05:00,51.983908176775856,52.0177471335528,51.653986415851975,51.85701370239258,5517100,0.0,0.0,0.0,XLP
2019-11-25 00:00:00-05:00,51.95853014746588,52.05158567009012,51.662447327353014,51.91623306274414,10396500,0.0,0.0,0.0,XLP
2019-11-26 00:00:00-05:00,51.983911125126205,52.38996894829817,51.890855602242084,52.339210510253906,7354800,0.0,0.0,0.0,XLP
2019-11-27 00:00:00-05:00,52.43226364294407,52.52531916158614,52.288452915632206,52.466102600097656,5483300,0.0,0.0,0.0,XLP
2019-11-29 00:00:00-05:00,52.48302337571447,52.56761754362847,52.34767077081567,52.44918441772461,3008500,0.0,0.0,0.0,XLP
2019-12-02 00:00:00-05:00,52.3476687447333,52.59299311301305,52.10234114939301,52.5676155090332,17920100,0.0,0.0,0.0,XLP
2019-12-03 00:00:00-05:00,52.466105117779264,52.525321682109364,52.127721984126644,52.48302459716797,20537000,0.0,0.0,0.0,XLP
2019-12-04 00:00:00-05:00,52.42380668822138,52.8637034598626,52.36459012541013,52.829864501953125,17369100,0.0,0.0,0.0,XLP
2019-12-05 00:00:00-05:00,52.84677764403738,52.85523576897021,52.49993643470671,52.81293869018555,13445200,0.0,0.0,0.0,XLP
2019-12-06 00:00:00-05:00,52.92291603610325,53.21899882785624,52.889077080742794,53.015968322753906,10746700,0.0,0.0,0.0,XLP
2019-12-09 00:00:00-05:00,52.98213727267619,53.19362592176249,52.97367591955876,53.05827331542969,6643000,0.0,0.0,0.0,XLP
2019-12-10 00:00:00-05:00,53.058267779939825,53.11748433734116,52.83831780068315,52.889076232910156,7194300,0.0,0.0,0.0,XLP
2019-12-11 00:00:00-05:00,53.00751467457491,53.09210884306065,52.81294550540915,52.96521759033203,6201700,0.0,0.0,0.0,XLP
2019-12-12 00:00:00-05:00,52.97367161869464,53.3120547205841,52.81294142018038,52.922916412353516,11843600,0.0,0.0,0.0,XLP
2019-12-13 00:00:00-05:00,52.78756365182894,53.19362143658942,52.6945081377475,53.10902404785156,10158300,0.0,0.0,0.0,XLP
2019-12-16 00:00:00-05:00,53.26130416683413,53.42203761618825,53.19362947268048,53.295143127441406,10004600,0.0,0.0,0.0,XLP
2019-12-17 00:00:00-05:00,53.22745702212612,53.32897388833901,53.14286286067578,53.210540771484375,8005500,0.0,0.0,0.0,XLP
2019-12-18 00:00:00-05:00,53.30358807419848,53.48124095992972,53.041344261986836,53.125938415527344,5464100,0.0,0.0,0.0,XLP
2019-12-19 00:00:00-05:00,53.202081764044884,53.53200352612744,53.19362363835121,53.413570404052734,9068100,0.0,0.0,0.0,XLP
2019-12-20 00:00:00-05:00,53.57817957410573,54.038737774724275,53.544063428838875,53.816986083984375,15270600,0.513,0.0,0.0,XLP
2019-12-23 00:00:00-05:00,53.91933233800358,53.91933233800358,53.56964999690447,53.586708068847656,6006500,0.0,0.0,0.0,XLP
2019-12-24 00:00:00-05:00,53.646402706632436,53.72316239363184,53.569643019633034,53.654930114746094,1700100,0.0,0.0,0.0,XLP
2019-12-26 00:00:00-05:00,53.714635501973866,53.80845326527928,53.561116117200335,53.70610809326172,8638600,0.0,0.0,0.0,XLP
2019-12-27 00:00:00-05:00,53.816985669164374,53.96197765868359,53.7658147051532,53.94491958618164,10314100,0.0,0.0,0.0,XLP
2019-12-30 00:00:00-05:00,53.851095299158274,53.93638565134941,53.586703341101405,53.66345977783203,6238600,0.0,0.0,0.0,XLP
2019-12-31 00:00:00-05:00,53.55259095606097,53.7487538996168,53.4417151171835,53.714637756347656,4985400,0.0,0.0,0.0,XLP
2020-01-02 00:00:00-05:00,53.81699148382983,53.81699148382983,53.14321544142535,53.288204193115234,14460700,0.0,0.0,0.0,XLP
2020-01-03 00:00:00-05:00,53.092039339080166,53.43319430691398,52.95557800264562,53.20291519165039,26388900,0.0,0.0,0.0,XLP
2020-01-06 00:00:00-05:00,53.126149455419004,53.382014025499906,53.032331687240614,53.31378173828125,22541700,0.0,0.0,0.0,XLP
2020-01-07 00:00:00-05:00,53.151729377489644,53.20290358755157,52.86174869412714,52.90439224243164,15607600,0.0,0.0,0.0,XLP
2020-01-08 00:00:00-05:00,52.94705070700092,53.32231856963358,52.84470226433255,53.10056686401367,11451400,0.0,0.0,0.0,XLP
2020-01-09 00:00:00-05:00,53.26261666662312,53.484365117617635,53.13468274068732,53.47583770751953,6854500,0.0,0.0,0.0,XLP
2020-01-10 00:00:00-05:00,53.52700616613875,53.60376586740331,53.37349001710435,53.44171905517578,7410800,0.0,0.0,0.0,XLP
2020-01-13 00:00:00-05:00,53.45878420712377,53.799939203141136,53.43319872114577,53.79140853881836,9625700,0.0,0.0,0.0,XLP
2020-01-14 00:00:00-05:00,53.72317693209967,53.83404953505195,53.65494463474902,53.80846405029297,7512300,0.0,0.0,0.0,XLP
2020-01-15 00:00:00-05:00,53.76581487408567,54.30312951885926,53.74022613850502,54.192256927490234,12454300,0.0,0.0,0.0,XLP
2020-01-16 00:00:00-05:00,54.26048624101792,54.379889496021164,54.2007846135163,54.33724594116211,8048600,0.0,0.0,0.0,XLP
2020-01-17 00:00:00-05:00,54.32871942167545,54.55046786267236,54.26048712998733,54.43106460571289,14902700,0.0,0.0,0.0,XLP
2020-01-21 00:00:00-05:00,54.354310472377655,54.644291234768374,54.16667490450864,54.61870574951172,11300300,0.0,0.0,0.0,XLP
2020-01-22 00:00:00-05:00,54.63575713720082,54.789276546083265,54.61870231709821,54.66134262084961,8046500,0.0,0.0,0.0,XLP
2020-01-23 00:00:00-05:00,54.48223018125889,54.75514954423043,54.277536592162456,54.61016082763672,14563100,0.0,0.0,0.0,XLP
2020-01-24 00:00:00-05:00,54.65280839120311,54.7210406730171,54.064316347787425,54.234893798828125,11935100,0.0,0.0,0.0,XLP
2020-01-27 00:00:00-05:00,53.77434269661099,54.320188008601846,53.74022655123788,54.06432342529297,8748400,0.0,0.0,0.0,XLP
2020-01-28 00:00:00-05:00,54.0984407691543,54.29460372915336,54.04726654996094,54.1325569152832,7899500,0.0,0.0,0.0,XLP
2020-01-29 00:00:00-05:00,54.175208292321486,54.21785185439157,53.859642028808594,53.859642028808594,8300800,0.0,0.0,0.0,XLP
2020-01-30 00:00:00-05:00,53.88522047098698,54.54194165219845,53.851104324392786,54.499298095703125,13824800,0.0,0.0,0.0,XLP
2020-01-31 00:00:00-05:00,54.5248826712407,54.763689186435045,53.73170017035117,53.88521957397461,15280000,0.0,0.0,0.0,XLP
2020-02-03 00:00:00-05:00,54.081382533383504,54.28607615604634,53.842576018189156,53.88521957397461,21797600,0.0,0.0,0.0,XLP
2020-02-04 00:00:00-05:00,54.31166525976675,54.57606052885536,54.09844421312931,54.209320068359375,14290900,0.0,0.0,0.0,XLP
2020-02-05 00:00:00-05:00,54.38842251563981,54.669872592700074,54.32019022211318,54.644287109375,20911400,0.0,0.0,0.0,XLP
2020-02-06 00:00:00-05:00,54.70398200196978,55.0280755958205,54.59310941888663,54.73809814453125,9628500,0.0,0.0,0.0,XLP
2020-02-07 00:00:00-05:00,54.73810315784659,54.91720804245642,54.576056346079795,54.80633544921875,14849000,0.0,0.0,0.0,XLP
2020-02-10 00:00:00-05:00,54.83191928866484,55.13895808364951,54.81485796283833,55.0366096496582,7394100,0.0,0.0,0.0,XLP
2020-02-11 00:00:00-05:00,55.12189809999818,55.12189809999818,54.78927381516385,54.8319206237793,8375700,0.0,0.0,0.0,XLP
2020-02-12 00:00:00-05:00,54.900153223108106,54.91720804245642,54.69545634899163,54.80633544921875,8479000,0.0,0.0,0.0,XLP
2020-02-13 00:00:00-05:00,54.68693144037095,55.2242460868075,54.61016848688609,55.130428314208984,7950900,0.0,0.0,0.0,XLP
2020-02-14 00:00:00-05:00,55.190133336473025,55.27542045126626,55.07926073794081,55.258365631103516,5421200,0.0,0.0,0.0,XLP
2020-02-18 00:00:00-05:00,55.18158660747268,55.3009898348184,54.95131081387389,55.06218338012695,6902300,0.0,0.0,0.0,XLP
2020-02-19 00:00:00-05:00,55.07073092239016,55.215719670470286,54.976913142576,55.002498626708984,4971300,0.0,0.0,0.0,XLP
2020-02-20 00:00:00-05:00,54.90867854180787,55.0877834302097,54.533410691800036,55.045143127441406,13397700,0.0,0.0,0.0,XLP
2020-02-21 00:00:00-05:00,54.8916132140303,55.25835358397722,54.87455189059742,55.13895034790039,10027800,0.0,0.0,0.0,XLP
2020-02-24 00:00:00-05:00,54.38841622382892,54.806330839596846,53.80845480992354,53.86815643310547,19892700,0.0,0.0,0.0,XLP
2020-02-25 00:00:00-05:00,53.902277555032164,54.16666955254779,52.716769137347285,52.8958740234375,25721400,0.0,0.0,0.0,XLP
2020-02-26 00:00:00-05:00,53.0579168793483,53.54406053590376,52.57177322279284,52.59735870361328,26066400,0.0,0.0,0.0,XLP
2020-02-27 00:00:00-05:00,52.12827512763506,52.597360730555856,50.448095667955315,50.45662307739258,39092300,0.0,0.0,0.0,XLP
2020-02-28 00:00:00-05:00,49.305236079046,49.46728290350619,47.795630675881675,49.45875549316406,50978800,0.0,0.0,0.0,XLP
2020-03-02 00:00:00-05:00,49.56109007527608,52.14532757056803,49.56109007527608,52.102684020996094,27103100,0.0,0.0,0.0,XLP
2020-03-03 00:00:00-05:00,52.17945727425529,53.049399576316674,51.01953420484013,51.39480209350586,35237500,0.0,0.0,0.0,XLP
2020-03-04 00:00:00-05:00,52.119759483227114,53.94493134329475,52.05152717834834,53.91934585571289,26214300,0.0,0.0,0.0,XLP
2020-03-05 00:00:00-05:00,52.73381804921361,53.612287507564375,52.36707767750531,52.90439224243164,16556300,0.0,0.0,0.0,XLP
2020-03-06 00:00:00-05:00,51.505670325000665,52.78499647615715,51.121871828954795,52.486488342285156,24800200,0.0,0.0,0.0,XLP
2020-03-09 00:00:00-04:00,49.58668604742913,51.59949324670268,49.4672827819629,50.20076370239258,19126300,0.0,0.0,0.0,XLP
2020-03-10 00:00:00-04:00,51.25832952187943,51.72741834685138,49.37345657360923,51.642127990722656,28174800,0.0,0.0,0.0,XLP
2020-03-11 00:00:00-04:00,50.36280728440111,50.62720253626686,48.50351961855814,49.10906982421875,17759800,0.0,0.0,0.0,XLP
2020-03-12 00:00:00-04:00,45.961918499637676,48.36705113297392,44.27320856049697,44.494956970214844,26713800,0.0,0.0,0.0,XLP
2020-03-13 00:00:00-04:00,46.712461944929025,48.29882687102747,44.99816310408279,48.281768798828125,24835800,0.0,0.0,0.0,XLP
2020-03-16 00:00:00-04:00,43.79559766787484,47.39476964668215,43.30945398633386,45.00669479370117,27436800,0.0,0.0,0.0,XLP
2020-03-17 00:00:00-04:00,45.8766431399777,48.99819926628795,45.774294690692365,48.80203628540039,32318100,0.0,0.0,0.0,XLP
2020-03-18 00:00:00-04:00,46.69540612259254,48.614395415301814,45.458723483258716,47.54829025268555,35524900,0.0,0.0,0.0,XLP
2020-03-19 00:00:00-04:00,47.04508484367621,47.28389134049611,45.53547965986211,45.96192169189453,26807900,0.0,0.0,0.0,XLP
2020-03-20 00:00:00-04:00,46.0898567412046,46.10691481332653,42.610088112201275,42.98535919189453,26903700,0.0,0.0,0.0,XLP
2020-03-23 00:00:00-04:00,42.89699780320798,43.403081308484914,40.88124329880303,41.713279724121094,31822200,0.287,0.0,0.0,XLP
2020-03-24 00:00:00-04:00,43.53175606686878,44.089306960812685,42.7168752496152,43.840553283691406,28041800,0.0,0.0,0.0,XLP
2020-03-25 00:00:00-04:00,43.746202441645686,45.12721053246162,42.95705683096676,43.7204704284668,25526400,0.0,0.0,0.0,XLP
2020-03-26 00:00:00-04:00,44.25229446842242,46.422448580751464,44.07216379781383,46.113651275634766,25754100,0.0,0.0,0.0,XLP
2020-03-27 00:00:00-04:00,45.11005107858896,47.16869703993074,45.03285177323546,45.89919662475586,26004700,0.0,0.0,0.0,XLP
2020-03-30 00:00:00-04:00,46.345239949855966,47.82917934851473,46.345239949855966,47.69193649291992,15892600,0.0,0.0,0.0,XLP
2020-03-31 00:00:00-04:00,47.520373542617556,47.75196814515155,46.611137805666424,46.72264862060547,15203200,0.0,0.0,0.0,XLP
2020-04-01 00:00:00-04:00,45.45315770961318,46.64545549169893,45.34164687994168,45.93350601196289,11979800,0.0,0.0,0.0,XLP
2020-04-02 00:00:00-04:00,45.29876486802032,47.37456348921741,45.187254024164865,47.1086540222168,14748100,0.0,0.0,0.0,XLP
2020-04-03 00:00:00-04:00,46.91994939895252,47.623319483992375,46.7226629870148,47.47749710083008,15374100,0.0,0.0,0.0,XLP
2020-04-06 00:00:00-04:00,48.66121624925888,49.58760798334342,47.96642244869547,49.24449920654297,14835200,0.0,0.0,0.0,XLP
2020-04-07 00:00:00-04:00,50.00791219731978,50.40248499540197,48.66979518258408,48.67837142944336,22985400,0.0,0.0,0.0,XLP
2020-04-08 00:00:00-04:00,49.038630739526674,49.67338096200744,48.48965934285554,49.398895263671875,13877400,0.0,0.0,0.0,XLP
2020-04-09 00:00:00-04:00,49.5361380709077,50.62550461681067,49.41605098700349,49.862091064453125,20376000,0.0,0.0,0.0,XLP
2020-04-13 00:00:00-04:00,49.69911061375243,49.95644380683438,49.01289640049801,49.493247985839844,10679500,0.0,0.0,0.0,XLP
2020-04-14 00:00:00-04:00,50.342442833504826,51.65483114370342,50.14515642904587,51.59478759765625,17745300,0.0,0.0,0.0,XLP
2020-04-15 00:00:00-04:00,50.908570567100305,51.22594733910824,50.40248690787802,50.7799072265625,12553400,0.0,0.0,0.0,XLP
2020-04-16 00:00:00-04:00,51.04580641731118,51.30313960730541,50.39390374057344,51.11442947387695,14486100,0.0,0.0,0.0,XLP
2020-04-17 00:00:00-04:00,51.74059424082862,52.06654717809495,51.045800596896285,51.89499282836914,12083100,0.0,0.0,0.0,XLP
2020-04-20 00:00:00-04:00,51.38033973185608,51.740600968207545,50.83136508692971,50.8742561340332,9263900,0.0,0.0,0.0,XLP
2020-04-21 00:00:00-04:00,50.15373300259326,50.445374468605344,49.61333784777989,49.7934684753418,13021900,0.0,0.0,0.0,XLP
2020-04-22 00:00:00-04:00,50.39390222828825,50.55687707455006,49.87066289012224,50.2738151550293,15086800,0.0,0.0,0.0,XLP
2020-04-23 00:00:00-04:00,50.15373468481073,50.4796844202476,49.742006119947504,49.827781677246094,21074200,0.0,0.0,0.0,XLP
2020-04-24 00:00:00-04:00,50.119425875952096,50.522578215839225,49.94787147990686,50.35960006713867,9638300,0.0,0.0,0.0,XLP
2020-04-27 00:00:00-04:00,50.66839172868735,50.73701478837641,50.30813048170249,50.50541687011719,11024000,0.0,0.0,0.0,XLP
2020-04-28 00:00:00-04:00,51.088703666751606,51.15732345952154,50.57404049640185,50.788482666015625,13608800,0.0,0.0,0.0,XLP
2020-04-29 00:00:00-04:00,51.04581156827814,51.04581156827814,50.09369110330647,50.574039459228516,16038500,0.0,0.0,0.0,XLP
2020-04-30 00:00:00-04:00,50.42822192435209,50.453953937896635,49.68196081028146,49.973602294921875,16397100,0.0,0.0,0.0,XLP
2020-05-01 00:00:00-04:00,49.69911108463093,50.119419134803216,49.21876276686547,49.424625396728516,13023600,0.0,0.0,0.0,XLP
2020-05-04 00:00:00-04:00,49.330272203024165,49.510406101160584,48.90996740900367,49.398895263671875,11314200,0.0,0.0,0.0,XLP
2020-05-05 00:00:00-04:00,49.59618252205875,49.97359954583759,49.38174036197647,49.4417839050293,9705200,0.0,0.0,0.0,XLP
2020-05-06 00:00:00-04:00,49.52755248899848,49.664795312181326,48.85849086287097,48.9013786315918,10700100,0.0,0.0,0.0,XLP
2020-05-07 00:00:00-04:00,49.27880417946083,49.347423962410694,48.661209772275186,48.76414108276367,11203600,0.0,0.0,0.0,XLP
2020-05-08 00:00:00-04:00,49.25307688422141,49.956450224306884,49.22734487045864,49.853515625,13405000,0.0,0.0,0.0,XLP
2020-05-11 00:00:00-04:00,49.63049061485783,50.170885737025344,49.579023322037486,49.784889221191406,8807200,0.0,0.0,0.0,XLP
2020-05-12 00:00:00-04:00,49.94786882878251,50.22235453903462,49.364585876464844,49.364585876464844,20587300,0.0,0.0,0.0,XLP
2020-05-13 00:00:00-04:00,49.32168554104623,49.596171181417546,48.62689192328492,48.91853332519531,12186800,0.0,0.0,0.0,XLP
2020-05-14 00:00:00-04:00,48.678363400980004,48.92711705653343,48.02646076697599,48.7984504699707,11793500,0.0,0.0,0.0,XLP
2020-05-15 00:00:00-04:00,48.789883921509926,49.37316689150121,48.618329529372275,49.22734451293945,20847900,0.0,0.0,0.0,XLP
2020-05-18 00:00:00-04:00,50.007904052734375,50.265233954263444,49.64764284501913,50.007904052734375,15213600,0.0,0.0,0.0,XLP
2020-05-19 00:00:00-04:00,50.076538480166,50.10227049452594,49.09010314941406,49.09010314941406,15313100,0.0,0.0,0.0,XLP
2020-05-20 00:00:00-04:00,49.50182362149279,49.69911000086253,49.2016059294361,49.673377990722656,8519600,0.0,0.0,0.0,XLP
2020-05-21 00:00:00-04:00,49.596188505994625,49.60476802582457,49.02148501825563,49.12441635131836,13913900,0.0,0.0,0.0,XLP
2020-05-22 00:00:00-04:00,49.14156467508307,49.33885106362251,49.03005383908161,49.295963287353516,7216300,0.0,0.0,0.0,XLP
2020-05-26 00:00:00-04:00,49.99075489151427,50.07653371810349,49.46751550176686,49.56187057495117,10487200,0.0,0.0,0.0,XLP
2020-05-27 00:00:00-04:00,49.956443371199526,50.3510161313641,49.673378170128785,50.308128356933594,10937800,0.0,0.0,0.0,XLP
2020-05-28 00:00:00-04:00,50.69412592036471,51.037234689312015,50.47968375780457,50.75416946411133,10184300,0.0,0.0,0.0,XLP
2020-05-29 00:00:00-04:00,50.599770914287475,50.96860840018473,50.14515133339211,50.805633544921875,12890900,0.0,0.0,0.0,XLP
2020-06-01 00:00:00-04:00,50.831376506452045,51.34603973816828,50.805644490111106,51.15732955932617,9101400,0.0,0.0,0.0,XLP
2020-06-02 00:00:00-04:00,51.243103080815224,51.320302393951714,50.8999942952913,51.2945671081543,9837900,0.0,0.0,0.0,XLP
2020-06-03 00:00:00-04:00,51.517592148269514,51.603367714160704,51.34603774435903,51.36319351196289,10155300,0.0,0.0,0.0,XLP
2020-06-04 00:00:00-04:00,51.26024856088808,51.526157996889324,50.839943791868706,51.11442947387695,8973800,0.0,0.0,0.0,XLP
2020-06-05 00:00:00-04:00,51.49185242421795,52.09229115010627,51.3460333203412,51.82638168334961,11502200,0.0,0.0,0.0,XLP
2020-06-08 00:00:00-04:00,51.83495880418731,52.40966221823291,51.65482817639341,52.38393020629883,13094200,0.0,0.0,0.0,XLP
2020-06-09 00:00:00-04:00,52.18664937057193,52.26384868672286,51.63767790999999,51.95505142211914,13735400,0.0,0.0,0.0,XLP
2020-06-10 00:00:00-04:00,52.07513317308567,52.22095554289921,51.70629239736206,51.809226989746094,9877800,0.0,0.0,0.0,XLP
2020-06-11 00:00:00-04:00,51.25167249954507,51.569045956986734,49.78488901750466,49.844932556152344,14738500,0.0,0.0,0.0,XLP
2020-06-12 00:00:00-04:00,50.53115367919481,50.53972992640644,49.42463127760499,49.853515625,17837500,0.0,0.0,0.0,XLP
2020-06-15 00:00:00-04:00,49.39031210605036,50.49683099107643,49.05577964039481,50.4282112121582,11366700,0.0,0.0,0.0,XLP
2020-06-16 00:00:00-04:00,51.423231180462786,51.48327472414416,50.5568830122698,51.21736526489258,10840300,0.0,0.0,0.0,XLP
2020-06-17 00:00:00-04:00,51.31172162491177,51.52616379260937,50.98576861381563,51.140167236328125,8388400,0.0,0.0,0.0,XLP
2020-06-18 00:00:00-04:00,50.908567145327694,51.45754181995831,50.83994735607866,51.40607452392578,6022600,0.0,0.0,0.0,XLP
2020-06-19 00:00:00-04:00,51.877848816748326,52.04082368623249,51.06296792507188,51.140167236328125,10777200,0.0,0.0,0.0,XLP
2020-06-22 00:00:00-04:00,51.08917046357182,51.19290719681236,50.812545770183306,50.994083404541016,9039600,0.461,0.0,0.0,XLP
2020-06-23 00:00:00-04:00,51.33121584933216,51.51275017299886,50.86441047622389,50.91627883911133,7951000,0.0,0.0,0.0,XLP
2020-06-24 00:00:00-04:00,50.656938073769126,50.656938073769126,49.87893245074857,50.06046676635742,14343200,0.0,0.0,0.0,XLP
2020-06-25 00:00:00-04:00,50.034524648044275,50.47539408685414,49.72332113941357,50.41488265991211,12128900,0.0,0.0,0.0,XLP
2020-06-26 00:00:00-04:00,50.39759668219247,50.535908995822176,49.34296652737561,49.38618850708008,14476500,0.0,0.0,0.0,XLP
2020-06-29 00:00:00-04:00,49.70603304113752,50.41488403113153,49.66281106323555,50.319793701171875,9654200,0.0,0.0,0.0,XLP
2020-06-30 00:00:00-04:00,50.328448245752206,50.881697567014335,50.25064735384809,50.6915168762207,7379800,0.0,0.0,0.0,XLP
2020-07-01 00:00:00-04:00,50.786605755220705,51.05458733018084,50.70880486556299,50.734737396240234,7261600,0.0,0.0,0.0,XLP
2020-07-02 00:00:00-04:00,51.158328285732175,51.49546442469778,50.89034667130048,50.994083404541016,6857200,0.0,0.0,0.0,XLP
2020-07-06 00:00:00-04:00,51.383074740775974,51.504100906305034,50.95949470311465,51.2447624206543,10091300,0.0,0.0,0.0,XLP
2020-07-07 00:00:00-04:00,50.96814449917859,51.99684560721409,50.93356559018343,51.71157455444336,8161000,0.0,0.0,0.0,XLP
2020-07-08 00:00:00-04:00,51.82394676546519,51.85852566939308,51.36578453248502,51.5818977355957,9328000,0.0,0.0,0.0,XLP
2020-07-09 00:00:00-04:00,51.51274183405256,51.65105414840267,50.881691693728584,51.17560577392578,7672500,0.0,0.0,0.0,XLP
2020-07-10 00:00:00-04:00,51.23611665558827,52.221592296961845,51.227470281119714,52.11785888671875,14142800,0.0,0.0,0.0,XLP
2020-07-13 00:00:00-04:00,52.36855495525872,52.73162356745288,51.841238191964045,52.040061950683594,10906200,0.0,0.0,0.0,XLP
2020-07-14 00:00:00-04:00,51.89310687558246,52.93045102198071,51.78937345023048,52.800785064697266,14270100,0.0,0.0,0.0,XLP
2020-07-15 00:00:00-04:00,53.06876188301636,53.47505579267922,52.67975742670362,52.8440055847168,14952700,0.0,0.0,0.0,XLP
2020-07-16 00:00:00-04:00,52.8180590063474,53.06010800636131,52.7143256049845,52.95637130737305,7770200,0.0,0.0,0.0,XLP
2020-07-17 00:00:00-04:00,53.19843145755791,53.32809741203263,53.01689714271766,53.24165344238281,6321700,0.0,0.0,0.0,XLP
2020-07-20 00:00:00-04:00,53.1292685035422,53.15520433002874,52.54144033344218,52.7056884765625,6818600,0.0,0.0,0.0,XLP
2020-07-21 00:00:00-04:00,53.07740491327671,53.73438761104466,53.016893479178044,53.163848876953125,7847300,0.0,0.0,0.0,XLP
2020-07-22 00:00:00-04:00,53.328090575675006,53.66522992839249,52.783487700969246,53.58742904663086,7022700,0.0,0.0,0.0,XLP
2020-07-23 00:00:00-04:00,53.768963887216515,53.993720160364106,53.59607267068916,53.77760696411133,9468000,0.0,0.0,0.0,XLP
2020-07-24 00:00:00-04:00,53.86405972779682,54.313575617672406,53.449122744286896,53.708457946777344,6809200,0.0,0.0,0.0,XLP
2020-07-27 00:00:00-04:00,53.65658997287405,53.9850829904568,53.54421017519095,53.976436614990234,6801900,0.0,0.0,0.0,XLP
2020-07-28 00:00:00-04:00,53.959145423536455,54.443240207663244,53.93321289322418,54.17525863647461,6699300,0.0,0.0,0.0,XLP
2020-07-29 00:00:00-04:00,54.157968535750186,54.425946789789734,54.019656221451356,54.253055572509766,7486400,0.0,0.0,0.0,XLP
2020-07-30 00:00:00-04:00,54.123389632769054,54.443236241280296,53.872697532594394,54.253055572509766,10901300,0.0,0.0,0.0,XLP
2020-07-31 00:00:00-04:00,54.03694660996463,54.209837840793355,53.52691929271416,54.201194763183594,10277200,0.0,0.0,0.0,XLP
2020-08-03 00:00:00-04:00,54.227128600718714,54.253061131799015,53.78625908422349,54.054237365722656,8614400,0.0,0.0,0.0,XLP
2020-08-04 00:00:00-04:00,53.97642792248304,54.745793631430956,53.881340891046136,54.7285041809082,7417400,0.0,0.0,0.0,XLP
2020-08-05 00:00:00-04:00,54.81496224399804,54.927342052507164,54.460536661124344,54.61613845825195,7143600,0.0,0.0,0.0,XLP
2020-08-06 00:00:00-04:00,54.4864600433008,54.711219622568755,54.39136970573558,54.60748291015625,11983700,0.0,0.0,0.0,XLP
2020-08-07 00:00:00-04:00,54.52104343582769,54.953269880251646,54.46053199741842,54.90140151977539,9175700,0.0,0.0,0.0,XLP
2020-08-10 00:00:00-04:00,54.961915911954506,55.29905200887581,54.84088973826707,55.18667221069336,4345600,0.0,0.0,0.0,XLP
2020-08-11 00:00:00-04:00,55.44600968902934,55.58432532177049,54.650714586524806,54.80631637573242,8633500,0.0,0.0,0.0,XLP
2020-08-12 00:00:00-04:00,55.03107997982481,55.75722065985826,55.03107997982481,55.515174865722656,8021600,0.0,0.0,0.0,XLP
2020-08-13 00:00:00-04:00,55.39414911302695,55.636194894684834,55.31634821211885,55.471946716308594,5857100,0.0,0.0,0.0,XLP
2020-08-14 00:00:00-04:00,55.41141951885133,55.644825452850775,55.25581776126871,55.46329116821289,3776300,0.0,0.0,0.0,XLP
2020-08-17 00:00:00-04:00,55.59297507583065,55.95605037928619,55.48924492791783,55.77450942993164,5172900,0.0,0.0,0.0,XLP
2020-08-18 00:00:00-04:00,55.86094329842014,56.15485408989845,55.610251190555445,55.99925231933594,4927300,0.0,0.0,0.0,XLP
2020-08-19 00:00:00-04:00,55.92146300487572,55.999260604040806,55.46330400023007,55.558387756347656,5871600,0.0,0.0,0.0,XLP
2020-08-20 00:00:00-04:00,55.23853993194701,55.51516458763813,55.14344958824831,55.446006774902344,10178600,0.0,0.0,0.0,XLP
2020-08-21 00:00:00-04:00,55.376850439315035,55.662121478020595,55.21260557612541,55.58432388305664,5713900,0.0,0.0,0.0,XLP
2020-08-24 00:00:00-04:00,55.679417678206455,56.05977249145508,55.506523131045626,56.05977249145508,6978500,0.0,0.0,0.0,XLP
2020-08-25 00:00:00-04:00,56.18944337488294,56.23266866173397,55.69670544294408,55.938751220703125,4517100,0.0,0.0,0.0,XLP
2020-08-26 00:00:00-04:00,55.82636973558502,56.085701647833154,55.56703122808467,56.007904052734375,5375300,0.0,0.0,0.0,XLP
2020-08-27 00:00:00-04:00,56.111637728620614,56.621661745030536,56.10299135343941,56.35368347167969,8711200,0.0,0.0,0.0,XLP
2020-08-28 00:00:00-04:00,56.6216612117131,56.88963948253987,56.085698074807766,56.85506057739258,6868200,0.0,0.0,0.0,XLP
2020-08-31 00:00:00-04:00,56.64759350655351,56.85506034132404,56.46605920172282,56.690818786621094,7661200,0.0,0.0,0.0,XLP
2020-09-01 00:00:00-04:00,56.682169707939686,56.777260043351355,56.30180836629299,56.75132751464844,9723000,0.0,0.0,0.0,XLP
2020-09-02 00:00:00-04:00,57.010666735151815,58.01343527574742,56.92422276326482,57.780029296875,11174600,0.0,0.0,0.0,XLP
2020-09-03 00:00:00-04:00,57.91833882686885,58.445655573658975,56.370967490661116,56.78590774536133,26304400,0.0,0.0,0.0,XLP
2020-09-04 00:00:00-04:00,56.95013784522553,57.18354375258009,55.95602258025327,56.656227111816406,15604800,0.0,0.0,0.0,XLP
2020-09-08 00:00:00-04:00,56.517917974882835,56.63030105245702,55.22988523421345,55.46329116821289,16316600,0.0,0.0,0.0,XLP
2020-09-09 00:00:00-04:00,55.78313951797356,56.811840486072626,55.679409400351226,56.26723098754883,12848500,0.0,0.0,0.0,XLP
2020-09-10 00:00:00-04:00,56.26722658087178,56.422828340370664,55.45464547704526,55.57566833496094,11060600,0.0,0.0,0.0,XLP
2020-09-11 00:00:00-04:00,55.74855953809121,56.15485341161084,55.489227653787175,55.88687515258789,10212500,0.0,0.0,0.0,XLP
2020-09-14 00:00:00-04:00,56.16349881959429,56.50928125463258,55.99925067901953,56.249942779541016,6397000,0.0,0.0,0.0,XLP
2020-09-15 00:00:00-04:00,56.388255214122914,56.58707565127152,56.09433785256491,56.172142028808594,5672900,0.0,0.0,0.0,XLP
2020-09-16 00:00:00-04:00,56.4141932299484,56.561148627399945,55.86958372900779,55.92145538330078,7270700,0.0,0.0,0.0,XLP
2020-09-17 00:00:00-04:00,55.45465535662392,55.86094927854643,55.16938431417803,55.56703186035156,10108700,0.0,0.0,0.0,XLP
2020-09-18 00:00:00-04:00,55.65347432434115,55.73127851346958,54.676644939243054,55.057003021240234,9988900,0.0,0.0,0.0,XLP
2020-09-21 00:00:00-04:00,54.680461310504505,54.845684153703175,54.010868760812784,54.63698196411133,11326200,0.377,0.0,0.0,XLP
2020-09-22 00:00:00-04:00,54.67176295034205,55.228306540507084,54.6195890620525,54.95873260498047,7148600,0.0,0.0,0.0,XLP
2020-09-23 00:00:00-04:00,55.1326479534497,55.271783837482396,54.07173476441218,54.132606506347656,7015900,0.0,0.0,0.0,XLP
2020-09-24 00:00:00-04:00,54.132615601266494,54.819600595401276,53.76738508829055,54.532630920410156,9141700,0.0,0.0,0.0,XLP
2020-09-25 00:00:00-04:00,54.25435390132453,54.88046708323769,54.13261040867727,54.81959533691406,7432100,0.0,0.0,0.0,XLP
2020-09-28 00:00:00-04:00,55.27179648469376,55.75007598816654,55.24570621985065,55.43701934814453,6077600,0.0,0.0,0.0,XLP
2020-09-29 00:00:00-04:00,55.463102428625994,55.59354379196093,54.967430555571916,55.07178497314453,8150400,0.0,0.0,0.0,XLP
2020-09-30 00:00:00-04:00,55.29788408376475,56.08922023658265,55.271797135876206,55.74137878417969,8284100,0.0,0.0,0.0,XLP
2020-10-01 00:00:00-04:00,56.063133590831484,56.18487710465004,55.57615621829529,56.05443572998047,9262900,0.0,0.0,0.0,XLP
2020-10-02 00:00:00-04:00,55.497891757854774,55.993563671308735,55.315276488111095,55.74137878417969,7463000,0.0,0.0,0.0,XLP
2020-10-05 00:00:00-04:00,55.871816031210884,56.184872651797434,55.78485733316426,56.11530303955078,4501200,0.0,0.0,0.0,XLP
2020-10-06 00:00:00-04:00,56.2457366584374,56.463136690878095,55.584838702151394,55.750064849853516,6552800,0.0,0.0,0.0,XLP
2020-10-07 00:00:00-04:00,56.07182205168553,56.5848829689783,55.95876978314639,56.350093841552734,8073100,0.0,0.0,0.0,XLP
2020-10-08 00:00:00-04:00,56.60227939728673,56.77620343509682,56.36749023939769,56.724029541015625,6659000,0.0,0.0,0.0,XLP
2020-10-09 00:00:00-04:00,56.95012615345768,57.41971114758513,56.88056316636509,57.16752624511719,7894700,0.0,0.0,0.0,XLP
2020-10-12 00:00:00-04:00,57.41101146445529,58.1327813381471,57.37623328927474,57.82842254638672,8685600,0.0,0.0,0.0,XLP
2020-10-13 00:00:00-04:00,57.65450026533233,57.95885903139947,57.515361038259634,57.784934997558594,7505700,0.0,0.0,0.0,XLP
2020-10-14 00:00:00-04:00,57.77624657987883,58.01103574382116,57.25448108752017,57.48927688598633,6566200,0.0,0.0,0.0,XLP
2020-10-15 00:00:00-04:00,57.071867223780146,57.68059143500721,57.0196933270696,57.52406311035156,6650000,0.0,0.0,0.0,XLP
2020-10-16 00:00:00-04:00,57.69797117037837,58.01102776894762,57.52405378651675,57.54144287109375,6701200,0.0,0.0,0.0,XLP
2020-10-19 00:00:00-04:00,57.5414472959091,57.78493430584817,56.63706223433297,56.7935905456543,7733900,0.0,0.0,0.0,XLP
2020-10-20 00:00:00-04:00,57.350130957077845,57.46318323000225,56.61966996828811,56.73271560668945,7660200,0.0,0.0,0.0,XLP
2020-10-21 00:00:00-04:00,56.67184838333065,57.106648521243926,56.645761436579626,56.7849006652832,7013900,0.0,0.0,0.0,XLP
2020-10-22 00:00:00-04:00,56.79359294380693,56.95012126173777,56.48923416853131,56.75880813598633,7779700,0.0,0.0,0.0,XLP
2020-10-23 00:00:00-04:00,56.95881955799215,57.0892609296862,56.68924558847521,56.863162994384766,5094100,0.0,0.0,0.0,XLP
2020-10-26 00:00:00-04:00,56.428351286074125,56.54139691330624,55.63701530914336,56.1326904296875,9352300,0.0,0.0,0.0,XLP
2020-10-27 00:00:00-04:00,56.16747088846297,56.47183625066482,55.95876870870049,55.98485565185547,5331400,0.0,0.0,0.0,XLP
2020-10-28 00:00:00-04:00,55.18482914770488,55.471798812500204,54.28914198291022,54.350013732910156,10980600,0.0,0.0,0.0,XLP
2020-10-29 00:00:00-04:00,54.210879025392764,54.871773747357686,53.67172780611124,54.33262252807617,8942700,0.0,0.0,0.0,XLP
2020-10-30 00:00:00-04:00,54.12391111878726,54.384790482612644,53.47171105059327,54.141300201416016,10093200,0.0,0.0,0.0,XLP
2020-11-02 00:00:00-05:00,54.91525383151721,55.25439737798101,54.57610696779192,55.00221252441406,10935100,0.0,0.0,0.0,XLP
2020-11-03 00:00:00-05:00,55.55875573376134,56.419658066138396,55.489189443380255,55.90659713745117,20578800,0.0,0.0,0.0,XLP
2020-11-04 00:00:00-05:00,56.21964401396004,56.88054190321412,55.8631048123487,55.932674407958984,25605800,0.0,0.0,0.0,XLP
2020-11-05 00:00:00-05:00,56.58489098248252,56.87186067238302,56.18487564255626,56.34140396118164,13919500,0.0,0.0,0.0,XLP
2020-11-06 00:00:00-05:00,56.42835845600667,56.88924551688991,56.35878884524457,56.60227584838867,12703600,0.0,0.0,0.0,XLP
2020-11-09 00:00:00-05:00,57.95016935542919,58.50671307327411,56.3935838639639,56.47185134887695,15142600,0.0,0.0,0.0,XLP
2020-11-10 00:00:00-05:00,56.4631527663983,57.7414663826195,56.4196700937213,57.584938049316406,15134300,0.0,0.0,0.0,XLP
2020-11-11 00:00:00-05:00,57.91537457012604,58.33278560388949,57.524057116523,58.08060073852539,10382100,0.0,0.0,0.0,XLP
2020-11-12 00:00:00-05:00,57.92407989501953,58.08060822353766,57.437105821640536,57.92407989501953,8945500,0.0,0.0,0.0,XLP
2020-11-13 00:00:00-05:00,58.141467686065255,58.80236567053436,57.96755030650522,58.724098205566406,6167300,0.0,0.0,0.0,XLP
2020-11-16 00:00:00-05:00,59.26326370239258,59.289350650718546,58.81106781632908,59.26326370239258,12955900,0.0,0.0,0.0,XLP
2020-11-17 00:00:00-05:00,58.81976113718368,59.19368951488302,58.67193068506437,58.845848083496094,8147900,0.0,0.0,0.0,XLP
2020-11-18 00:00:00-05:00,58.93280804580687,59.14151688982633,58.02842959315037,58.0371208190918,7607700,0.0,0.0,0.0,XLP
2020-11-19 00:00:00-05:00,57.88059645381708,58.280611813704205,57.74146384949829,58.19365310668945,8830200,0.0,0.0,0.0,XLP
2020-11-20 00:00:00-05:00,58.106694389499644,58.35887928396512,57.77624864909181,57.82842254638672,4663400,0.0,0.0,0.0,XLP
2020-11-23 00:00:00-05:00,57.93277527549509,58.019733979942856,57.48927725793041,57.84580993652344,5825300,0.0,0.0,0.0,XLP
2020-11-24 00:00:00-05:00,58.19365798110597,58.437145034951875,58.063216592395776,58.23714065551758,6064900,0.0,0.0,0.0,XLP
2020-11-25 00:00:00-05:00,58.211048477461276,58.4371397874302,58.12408313644735,58.20235061645508,5245400,0.0,0.0,0.0,XLP
2020-11-27 00:00:00-05:00,58.350181433125634,58.350181433125634,58.01973569265994,58.19365310668945,3228600,0.0,0.0,0.0,XLP
2020-11-30 00:00:00-05:00,58.04582398425637,58.24583498608941,57.59363471660339,58.18496322631836,11581900,0.0,0.0,0.0,XLP
2020-12-01 00:00:00-05:00,58.44583604897252,58.75889269138807,58.33279039708173,58.698020935058594,12126200,0.0,0.0,0.0,XLP
2020-12-02 00:00:00-05:00,58.49800352544828,58.776275328779775,58.01972738806269,58.21104049682617,11392100,0.0,0.0,0.0,XLP
2020-12-03 00:00:00-05:00,58.06319634363174,58.46321823204729,58.05450511940007,58.358863830566406,10951400,0.0,0.0,0.0,XLP
2020-12-04 00:00:00-05:00,58.41105412226405,58.81976734972269,58.34148450173403,58.81106948852539,11055800,0.0,0.0,0.0,XLP
2020-12-07 00:00:00-05:00,58.6980180278837,58.79367458802435,58.30670056150721,58.5849723815918,9466300,0.0,0.0,0.0,XLP
2020-12-08 00:00:00-05:00,58.3762738643647,59.02847418001486,58.25453033620531,58.90673065185547,7090900,0.0,0.0,0.0,XLP
2020-12-09 00:00:00-05:00,58.99368007942989,59.01977366094863,58.51540390396483,58.671932220458984,10420100,0.0,0.0,0.0,XLP
2020-12-10 00:00:00-05:00,58.65452441288019,58.80236147292791,58.263207019542925,58.41103744506836,5723400,0.0,0.0,0.0,XLP
2020-12-11 00:00:00-05:00,58.18495220294379,58.706710992778454,58.16755648371962,58.54148483276367,5000800,0.0,0.0,0.0,XLP
2020-12-14 00:00:00-05:00,58.828459145885304,59.05455707203577,58.298002454449694,58.315391540527344,6663200,0.0,0.0,0.0,XLP
2020-12-15 00:00:00-05:00,58.56758209476847,58.74150614503506,58.38496681788165,58.45453643798828,6121300,0.0,0.0,0.0,XLP
2020-12-16 00:00:00-05:00,58.49800774757566,58.84584918547647,58.3588751531295,58.56757736206055,10505500,0.0,0.0,0.0,XLP
2020-12-17 00:00:00-05:00,58.77627545323639,59.011071227042606,58.75888636809521,58.94150161743164,4673300,0.0,0.0,0.0,XLP
2020-12-18 00:00:00-05:00,59.02847395983046,59.202398024069886,58.6197673365483,59.071956634521484,6980500,0.0,0.0,0.0,XLP
2020-12-21 00:00:00-05:00,58.41779476684879,58.549321520073875,57.821515621976026,58.43532943725586,8255600,0.564,0.0,0.0,XLP
2020-12-22 00:00:00-05:00,58.409026841916656,58.409026841916656,57.926739757111164,58.023197174072266,9107900,0.0,0.0,0.0,XLP
2020-12-23 00:00:00-05:00,58.19856411814881,58.44408960007674,58.08456536577682,58.21609878540039,4302600,0.0,0.0,0.0,XLP
2020-12-24 00:00:00-05:00,58.259956192931526,58.54055775098613,58.1196520688698,58.5054817199707,1954900,0.0,0.0,0.0,XLP
2020-12-28 00:00:00-05:00,58.72470836315934,59.14560740155714,58.66332697464009,58.97023391723633,6315400,0.0,0.0,0.0,XLP
2020-12-29 00:00:00-05:00,59.11929478559471,59.28590425828159,58.64577840801259,58.79485321044922,4993600,0.0,0.0,0.0,XLP
2020-12-30 00:00:00-05:00,58.86500531323262,58.93515738239366,58.66332647698154,58.73347854614258,7359900,0.0,0.0,0.0,XLP
2020-12-31 00:00:00-05:00,58.7948562363252,59.23329660590237,58.50548398678769,59.14560317993164,6062200,0.0,0.0,0.0,XLP
2021-01-04 00:00:00-05:00,59.11929553756863,59.13683689811078,57.803974479799756,58.5054817199707,12992600,0.0,0.0,0.0,XLP
2021-01-05 00:00:00-05:00,58.41779498746655,58.62824448349029,57.96181327433478,58.5054817199707,10871900,0.0,0.0,0.0,XLP
2021-01-06 00:00:00-05:00,58.391485234924055,58.838696285310256,58.295034508437936,58.54932403564453,14206600,0.0,0.0,0.0,XLP
2021-01-07 00:00:00-05:00,58.593167315595984,58.7334714369354,58.13719230138032,58.37394714355469,13963500,0.0,0.0,0.0,XLP
2021-01-08 00:00:00-05:00,58.41780071232741,58.715936970072235,58.09335241119083,58.663326263427734,17960800,0.0,0.0,0.0,XLP
2021-01-11 00:00:00-05:00,58.33886756103469,58.72469718115666,58.06703670507693,58.16349411010742,9648700,0.0,0.0,0.0,XLP
2021-01-12 00:00:00-05:00,58.16349587058759,58.29502930779842,57.72505553993049,57.9705810546875,11089500,0.0,0.0,0.0,XLP
2021-01-13 00:00:00-05:00,57.90920138951457,58.27748967254763,57.88289603930774,58.05826950073242,8337500,0.0,0.0,0.0,XLP
2021-01-14 00:00:00-05:00,58.11089096052243,58.13720300566972,57.68122121742943,57.751373291015625,11549000,0.0,0.0,0.0,XLP
2021-01-15 00:00:00-05:00,57.540914812207305,57.80397501214241,57.31292395354175,57.549678802490234,13260300,0.0,0.0,0.0,XLP
2021-01-19 00:00:00-05:00,57.74259834153751,57.856597125206896,57.25154724286773,57.295387268066406,8130800,0.0,0.0,0.0,XLP
2021-01-20 00:00:00-05:00,57.27784911024493,57.54091600570541,56.89201944758797,57.400611877441406,10700600,0.0,0.0,0.0,XLP
2021-01-21 00:00:00-05:00,57.312919278058025,57.3567659861714,57.11123378683223,57.20769119262695,8461200,0.0,0.0,0.0,XLP
2021-01-22 00:00:00-05:00,57.16384088998536,57.409366355082604,56.92707941287933,57.05861282348633,8329300,0.0,0.0,0.0,XLP
2021-01-25 00:00:00-05:00,56.88325004670218,57.82151207250097,56.856938007603546,57.628597259521484,17486100,0.0,0.0,0.0,XLP
2021-01-26 00:00:00-05:00,57.69874981457287,58.25995289895203,57.43568294186518,58.14595413208008,9304200,0.0,0.0,0.0,XLP
2021-01-27 00:00:00-05:00,57.82153248331797,58.60195600035405,57.02356760069074,57.16387176513672,17826800,0.0,0.0,0.0,XLP
2021-01-28 00:00:00-05:00,57.27785142835187,58.023198742229646,57.111241941812736,57.383079528808594,19925900,0.0,0.0,0.0,XLP
2021-01-29 00:00:00-05:00,57.16386164924591,57.18139632166328,56.17298206088993,56.19928741455078,19374700,0.0,0.0,0.0,XLP
2021-02-01 00:00:00-05:00,56.436051522632376,56.55881430529875,56.0677598295983,56.25190734863281,13283300,0.0,0.0,0.0,XLP
2021-02-02 00:00:00-05:00,56.47111324721699,57.0849270049854,56.30450378865062,56.62895202636719,13278400,0.0,0.0,0.0,XLP
2021-02-03 00:00:00-05:00,56.49742791073442,56.84818155446383,56.339589105559654,56.71664810180664,9542000,0.0,0.0,0.0,XLP
2021-02-04 00:00:00-05:00,56.769256057808384,57.146315035796405,56.64649329195824,57.128780364990234,7292400,0.0,0.0,0.0,XLP
2021-02-05 00:00:00-05:00,57.47954067478534,57.83905833369873,57.45322863041335,57.6636848449707,8889300,0.0,0.0,0.0,XLP
2021-02-08 00:00:00-05:00,57.847828017579694,58.014437512047,57.50584503740865,57.882904052734375,9412200,0.0,0.0,0.0,XLP
2021-02-09 00:00:00-05:00,57.89166550496356,58.040740320350245,57.6724453124136,57.830284118652344,12345400,0.0,0.0,0.0,XLP
2021-02-10 00:00:00-05:00,58.10211312063562,58.23364655474215,57.63736745151848,57.76889419555664,6957200,0.0,0.0,0.0,XLP
2021-02-11 00:00:00-05:00,57.83028025250621,57.84782161317635,57.42691592798885,57.51460266113281,7478500,0.0,0.0,0.0,XLP
2021-02-12 00:00:00-05:00,57.461990799621,57.672440292933224,57.31292268727771,57.602294921875,7131800,0.0,0.0,0.0,XLP
2021-02-16 00:00:00-05:00,57.70751216123865,57.75135886879769,57.29537719442948,57.49706268310547,9246600,0.0,0.0,0.0,XLP
2021-02-17 00:00:00-05:00,57.2778498405837,57.82151830943534,57.2076977755572,57.70751953125,8871000,0.0,0.0,0.0,XLP
2021-02-18 00:00:00-05:00,57.19016299640118,57.82151820030983,57.14631628332508,57.67244338989258,7464900,0.0,0.0,0.0,XLP
2021-02-19 00:00:00-05:00,57.71629380642325,57.72506448761508,56.89202371619983,56.94464111328125,10246100,0.0,0.0,0.0,XLP
2021-02-22 00:00:00-05:00,56.79556408412172,57.14631772738649,56.68157199334013,56.997249603271484,8649600,0.0,0.0,0.0,XLP
2021-02-23 00:00:00-05:00,57.18138852126651,57.5584474824646,56.8744816203073,57.0761604309082,12743400,0.0,0.0,0.0,XLP
2021-02-24 00:00:00-05:00,56.92709695395846,57.22523988920628,56.760494159916576,57.04109573364258,9103700,0.0,0.0,0.0,XLP
2021-02-25 00:00:00-05:00,56.95340058670674,57.27784886437273,56.295740040947685,56.41850280761719,17558500,0.0,0.0,0.0,XLP
2021-02-26 00:00:00-05:00,56.532502034179565,56.532502034179565,55.48901181910766,55.50654983520508,17718400,0.0,0.0,0.0,XLP
2021-03-01 00:00:00-05:00,55.901142899791644,56.52372737476933,55.88360488492877,56.0677490234375,11263900,0.0,0.0,0.0,XLP
2021-03-02 00:00:00-05:00,56.006370904506745,56.40096789930826,55.94498952143034,55.97129821777344,12942700,0.0,0.0,0.0,XLP
2021-03-03 00:00:00-05:00,55.82222066854243,56.14666556443157,55.67315256733509,55.70822525024414,13450900,0.0,0.0,0.0,XLP
2021-03-04 00:00:00-05:00,55.822227434889534,56.49742600198472,55.23471894828143,55.50654983520508,25968700,0.0,0.0,0.0,XLP
2021-03-05 00:00:00-05:00,55.743307635789996,56.90078992965457,55.532858134197085,56.73418045043945,21719300,0.0,0.0,0.0,XLP
2021-03-08 00:00:00-05:00,56.751711175976624,57.58474503580068,56.655253778725275,56.97970199584961,18947000,0.0,0.0,0.0,XLP
2021-03-09 00:00:00-05:00,57.17261903173939,57.44445659830839,56.8832534848487,56.927093505859375,17259600,0.0,0.0,0.0,XLP
2021-03-10 00:00:00-05:00,56.970942811158956,57.92673960758185,56.78679865836379,57.67244338989258,15827600,0.0,0.0,0.0,XLP
2021-03-11 00:00:00-05:00,57.73381379539818,57.90919392428285,57.470753637172955,57.532135009765625,12386500,0.0,0.0,0.0,XLP
2021-03-12 00:00:00-05:00,57.742597915908625,58.08458088425706,57.6987578910331,58.00566482543945,10518200,0.0,0.0,0.0,XLP
2021-03-15 00:00:00-04:00,58.216113460277455,58.31257087964482,57.90920653050371,58.25996017456055,8383700,0.0,0.0,0.0,XLP
2021-03-16 00:00:00-04:00,58.189814997083815,58.514263327011385,58.189814997083815,58.33011245727539,13550200,0.0,0.0,0.0,XLP
2021-03-17 00:00:00-04:00,58.3564075138584,58.59316233591157,58.040729957742066,58.242408752441406,12254200,0.0,0.0,0.0,XLP
2021-03-18 00:00:00-04:00,58.09335156525992,58.33010643178214,57.72506324397229,58.00566482543945,14497600,0.0,0.0,0.0,XLP
2021-03-19 00:00:00-04:00,58.06704660851964,58.365182863957344,57.926742471794036,58.20734405517578,20807100,0.0,0.0,0.0,XLP
2021-03-22 00:00:00-04:00,58.10772273091617,58.85710025954048,58.0636389301909,58.821834564208984,14499400,0.357,0.0,0.0,XLP
2021-03-23 00:00:00-04:00,58.813019991832796,59.3419920010944,58.65432771642991,59.06869125366211,13216300,0.0,0.0,0.0,XLP
2021-03-24 00:00:00-04:00,58.927626973243534,59.21856392516336,58.69841003498294,58.8394660949707,15831000,0.0,0.0,0.0,XLP
2021-03-25 00:00:00-04:00,58.91881506739262,59.48305275479036,58.6278781180721,59.41252136230469,14764000,0.0,0.0,0.0,XLP
2021-03-26 00:00:00-04:00,59.483049688390096,60.49691654281353,59.31553932143289,60.46165084838867,15098600,0.0,0.0,0.0,XLP
2021-03-29 00:00:00-04:00,60.285314630189696,61.12285963111593,60.258867044330174,61.0699577331543,11857300,0.0,0.0,0.0,XLP
2021-03-30 00:00:00-04:00,60.95535058884222,61.017063865914665,60.30295212747024,60.41756057739258,14042700,0.0,0.0,0.0,XLP
2021-03-31 00:00:00-04:00,60.391120293587065,60.63797343172684,60.091371976201195,60.223609924316406,18241100,0.0,0.0,0.0,XLP
2021-04-01 00:00:00-04:00,59.98558867284379,60.241259975011594,59.535959367221444,59.93269348144531,21191800,0.0,0.0,0.0,XLP
2021-04-05 00:00:00-04:00,60.18835302557127,61.025898268083225,60.082562651618474,60.6996955871582,20093000,0.0,0.0,0.0,XLP
2021-04-06 00:00:00-04:00,60.59390258820759,61.184587904669954,60.549818783474,60.95536422729492,19302100,0.0,0.0,0.0,XLP
2021-04-07 00:00:00-04:00,61.06115984997591,61.140502625089354,60.726139085068255,60.80548858642578,20763900,0.0,0.0,0.0,XLP
2021-04-08 00:00:00-04:00,60.77903806724184,60.99062551693047,60.70850667526438,60.8671989440918,10244700,0.0,0.0,0.0,XLP
2021-04-09 00:00:00-04:00,60.876024967954095,61.0170810440128,60.39112999284219,60.761409759521484,7020400,0.0,0.0,0.0,XLP
2021-04-12 00:00:00-04:00,60.84075137693329,61.096422628266566,60.76140187936736,61.08760452270508,10117800,0.0,0.0,0.0,XLP
2021-04-13 00:00:00-04:00,60.82312305396803,60.990633450142084,60.68206697790933,60.761409759521484,11982600,0.0,0.0,0.0,XLP
2021-04-14 00:00:00-04:00,60.72614083876981,60.79667223618135,60.45284008160544,60.70851135253906,12087500,0.0,0.0,0.0,XLP
2021-04-15 00:00:00-04:00,60.84956248374903,61.290373592437064,60.84956248374903,61.19340133666992,7714900,0.0,0.0,0.0,XLP
2021-04-16 00:00:00-04:00,61.449075842323886,61.669481432470306,61.21104076451347,61.54605484008789,7810000,0.0,0.0,0.0,XLP
2021-04-19 00:00:00-04:00,61.554867077240814,61.67829365785341,61.11405593898322,61.308013916015625,10867400,0.0,0.0,0.0,XLP
2021-04-20 00:00:00-04:00,60.876024947009185,61.83699006395264,60.78785733247763,61.64303207397461,13168800,0.0,0.0,0.0,XLP
2021-04-21 00:00:00-04:00,61.71354124764438,62.127904672220176,61.71354124764438,61.951576232910156,10794900,0.0,0.0,0.0,XLP
2021-04-22 00:00:00-04:00,61.84578752126687,61.88105321005588,61.36089270822095,61.49313735961914,10762900,0.0,0.0,0.0,XLP
2021-04-23 00:00:00-04:00,61.36971927641672,61.528411534733756,61.087600453435684,61.33445358276367,9133800,0.0,0.0,0.0,XLP
2021-04-26 00:00:00-04:00,61.299180358209426,61.299180358209426,60.55862106120676,60.64678192138672,8750100,0.0,0.0,0.0,XLP
2021-04-27 00:00:00-04:00,60.61153264485278,60.734959227775484,60.33823188641598,60.60271453857422,10078900,0.0,0.0,0.0,XLP
2021-04-28 00:00:00-04:00,60.84955122717639,60.990613984458314,60.576250542745754,60.64678192138672,7925300,0.0,0.0,0.0,XLP
2021-04-29 00:00:00-04:00,60.62033160885092,61.38733845677826,60.62033160885092,61.29035949707031,9202600,0.0,0.0,0.0,XLP
2021-04-30 00:00:00-04:00,61.29035982374595,61.36970930313092,61.04350673453444,61.34326171875,10784800,0.0,0.0,0.0,XLP
2021-05-03 00:00:00-04:00,61.47553015939903,62.07503363361014,61.41381686321162,61.84580993652344,12671500,0.0,0.0,0.0,XLP
2021-05-04 00:00:00-04:00,61.71354406087336,61.95157905699003,61.3344463068783,61.528404235839844,11147300,0.0,0.0,0.0,XLP
2021-05-05 00:00:00-04:00,61.51076536393714,61.598932946913834,61.27273037812983,61.484317779541016,8726200,0.0,0.0,0.0,XLP
2021-05-06 00:00:00-04:00,61.59893640633932,62.29541864826823,61.59893640633932,62.27778244018555,10192000,0.0,0.0,0.0,XLP
2021-05-07 00:00:00-04:00,62.18080347445857,62.4717403716395,62.03092933696874,62.27778244018555,9841800,0.0,0.0,0.0,XLP
2021-05-10 00:00:00-04:00,62.542288263266656,63.159421184237864,62.48938635129457,62.753875732421875,10558400,0.0,0.0,0.0,XLP
2021-05-11 00:00:00-04:00,62.78031205588502,62.91255672271005,61.925137500158755,62.20725631713867,14385700,0.0,0.0,0.0,XLP
2021-05-12 00:00:00-04:00,62.06621585177171,62.13674725528243,61.369733376154244,61.3785514831543,13223100,0.0,0.0,0.0,XLP
2021-05-13 00:00:00-04:00,61.369719137710014,62.52464201570277,61.29918775056334,62.242523193359375,18490900,0.0,0.0,0.0,XLP
2021-05-14 00:00:00-04:00,62.48058436260463,62.886129875378025,62.44531865807059,62.51585006713867,9672600,0.0,0.0,0.0,XLP
2021-05-17 00:00:00-04:00,62.5510884578748,62.824395896498096,62.295423955079734,62.42766189575195,10705800,0.0,0.0,0.0,XLP
2021-05-18 00:00:00-04:00,62.49818911478095,62.745042222568664,62.19844083425093,62.233699798583984,11168900,0.0,0.0,0.0,XLP
2021-05-19 00:00:00-04:00,61.933973451745814,62.11911334815323,61.590141254668474,62.03095245361328,13709500,0.0,0.0,0.0,XLP
2021-05-20 00:00:00-04:00,62.03975480887,62.82439800566901,62.00448911475907,62.6039924621582,11336300,0.0,0.0,0.0,XLP
2021-05-21 00:00:00-04:00,62.762696767229336,63.01836805391657,62.498207373761254,62.612815856933594,7779600,0.0,0.0,0.0,XLP
2021-05-24 00:00:00-04:00,62.692161278284665,63.01836394546271,62.568734696378215,62.79795837402344,6535900,0.0,0.0,0.0,XLP
2021-05-25 00:00:00-04:00,62.84202604910947,62.86847363752558,62.436480665494884,62.81557846069336,8271800,0.0,0.0,0.0,XLP
2021-05-26 00:00:00-04:00,62.850856188378174,62.912569481913415,62.56873731418216,62.683345794677734,10622500,0.0,0.0,0.0,XLP
2021-05-27 00:00:00-04:00,62.78914320988995,62.991912578418344,62.233716839041406,62.29543685913086,12693900,0.0,0.0,0.0,XLP
2021-05-28 00:00:00-04:00,62.39239620282497,62.69215122958271,62.3835848242756,62.42766189575195,8476400,0.0,0.0,0.0,XLP
2021-06-01 00:00:00-04:00,62.66571276911779,62.82440504728218,62.00449606447352,62.21608352661133,8893800,0.0,0.0,0.0,XLP
2021-06-02 00:00:00-04:00,62.3042496957748,62.55992098374943,62.15437551096907,62.4453125,6411300,0.0,0.0,0.0,XLP
2021-06-03 00:00:00-04:00,62.26014583415986,62.88609662461811,62.26014583415986,62.833194732666016,9410000,0.0,0.0,0.0,XLP
2021-06-04 00:00:00-04:00,63.01836803953416,63.20350792442169,62.85085764195963,63.053627014160156,6078200,0.0,0.0,0.0,XLP
2021-06-07 00:00:00-04:00,63.06245395819121,63.14180347783104,62.66572653872895,62.947845458984375,7306900,0.0,0.0,0.0,XLP
2021-06-08 00:00:00-04:00,62.96544366861337,63.04479314883373,62.41002421203994,62.41884231567383,8545200,0.0,0.0,0.0,XLP
2021-06-09 00:00:00-04:00,62.30424616810401,62.61281262706967,62.101476806317,62.11910629272461,8273800,0.0,0.0,0.0,XLP
2021-06-10 00:00:00-04:00,62.23371536888542,62.665715141838994,62.20726777589732,62.507022857666016,8213000,0.0,0.0,0.0,XLP
2021-06-11 00:00:00-04:00,62.63045826106979,62.65690585778182,62.242542239305784,62.54229736328125,6232300,0.0,0.0,0.0,XLP
2021-06-14 00:00:00-04:00,62.48938664484435,62.52465234424328,62.12792499693303,62.507022857666016,10449400,0.0,0.0,0.0,XLP
2021-06-15 00:00:00-04:00,62.55991274867589,62.70097553433229,62.29543011493589,62.35714340209961,5151600,0.0,0.0,0.0,XLP
2021-06-16 00:00:00-04:00,62.37476060438272,62.44529198332192,61.51076802798379,61.528404235839844,10507100,0.0,0.0,0.0,XLP
2021-06-17 00:00:00-04:00,61.537230006910136,61.88106211427486,61.36971964261945,61.748817443847656,9239700,0.0,0.0,0.0,XLP
2021-06-18 00:00:00-04:00,61.32564100664133,61.4049905060753,60.637976734018466,60.65561294555664,16882500,0.0,0.0,0.0,XLP
2021-06-21 00:00:00-04:00,61.014112951936234,61.41341725349338,60.97861818314127,61.35130310058594,14278400,0.444,0.0,0.0,XLP
2021-06-22 00:00:00-04:00,61.36015195299416,61.69734195584211,61.262543073498065,61.44001007080078,8351000,0.0,0.0,0.0,XLP
2021-06-23 00:00:00-04:00,61.38679702376422,61.39567240832443,61.058475494384766,61.058475494384766,7072900,0.0,0.0,0.0,XLP
2021-06-24 00:00:00-04:00,61.076220920057665,61.431161802129786,61.0229753872896,61.360172271728516,6343700,0.0,0.0,0.0,XLP
2021-06-25 00:00:00-04:00,61.395664401762986,61.901452936778156,61.28918011073149,61.83046340942383,9241300,0.0,0.0,0.0,XLP
2021-06-28 00:00:00-04:00,61.87482889696465,62.05229593205221,61.74172523568227,61.883697509765625,7570600,0.0,0.0,0.0,XLP
2021-06-29 00:00:00-04:00,61.91919037681174,62.02567465656724,61.51101079264883,61.608619689941406,13155400,0.0,0.0,0.0,XLP
2021-06-30 00:00:00-04:00,61.74171460101301,62.16763811983355,61.71509522732826,62.0877799987793,8815100,0.0,0.0,0.0,XLP
2021-07-01 00:00:00-04:00,62.11440143322371,62.26524906906346,61.803830780044095,61.90143966674805,11633100,0.0,0.0,0.0,XLP
2021-07-02 00:00:00-04:00,62.04341648796376,62.238634275741205,61.96355835838189,62.05229187011719,20733300,0.0,0.0,0.0,XLP
2021-07-06 00:00:00-04:00,61.910316732193124,61.936942880329326,61.50213713657247,61.79496383666992,7595700,0.0,0.0,0.0,XLP
2021-07-07 00:00:00-04:00,61.77721414692841,62.36286072320852,61.76833876503442,62.1232795715332,7880500,0.0,0.0,0.0,XLP
2021-07-08 00:00:00-04:00,61.830463980474775,62.167654083621116,61.652996930383864,61.892578125,9212900,0.0,0.0,0.0,XLP
2021-07-09 00:00:00-04:00,62.13215315333194,62.36286571150035,62.007924876610495,62.24751281738281,6286900,0.0,0.0,0.0,XLP
2021-07-12 00:00:00-04:00,62.141026961370976,62.238635857740746,61.910314409048496,62.14990234375,7384200,0.0,0.0,0.0,XLP
2021-07-13 00:00:00-04:00,62.13215255737305,62.513712766481454,62.00792428184317,62.13215255737305,12057600,0.0,0.0,0.0,XLP
2021-07-14 00:00:00-04:00,62.21202206709344,62.771049348374916,62.12328854513454,62.682315826416016,7616100,0.0,0.0,0.0,XLP
2021-07-15 00:00:00-04:00,62.584703024195704,62.94851924248664,62.4072359913286,62.93964385986328,8662500,0.0,0.0,0.0,XLP
2021-07-16 00:00:00-04:00,63.04612971634115,63.27683551084441,62.95738942775764,63.037254333496094,8634300,0.0,0.0,0.0,XLP
2021-07-19 00:00:00-04:00,62.824290808897196,63.24133901208871,62.29187617175626,62.85091018676758,20734400,0.0,0.0,0.0,XLP
2021-07-20 00:00:00-04:00,62.842032966657975,63.48092509659915,62.70006069885612,62.86865234375,20404900,0.0,0.0,0.0,XLP
2021-07-21 00:00:00-04:00,63.16147685934051,63.21471561169354,62.691183160400975,62.708927154541016,9366300,0.0,0.0,0.0,XLP
2021-07-22 00:00:00-04:00,62.54921723511083,62.77105444297965,62.203151732430214,62.60246276855469,9632100,0.0,0.0,0.0,XLP
2021-07-23 00:00:00-04:00,62.62021113501896,63.43657049214408,62.53147759966794,63.356712341308594,9732400,0.0,0.0,0.0,XLP
2021-07-26 00:00:00-04:00,63.259082710404435,63.560777985809786,63.09935969109202,63.46316909790039,5952200,0.0,0.0,0.0,XLP
2021-07-27 00:00:00-04:00,63.44543149139923,63.87136184241982,63.241338313425494,63.59627914428711,14720700,0.0,0.0,0.0,XLP
2021-07-28 00:00:00-04:00,63.44543393523284,63.525292071037775,62.90415067055436,63.037254333496094,9114100,0.0,0.0,0.0,XLP
2021-07-29 00:00:00-04:00,63.267985011497764,63.525310258274644,63.2058708536662,63.347843170166016,8811100,0.0,0.0,0.0,XLP
2021-07-30 00:00:00-04:00,63.445432173553726,63.782622243034375,63.356698657367595,63.454307556152344,10403700,0.0,0.0,0.0,XLP
2021-08-02 00:00:00-04:00,63.45432154343178,63.51643569544727,63.11712462968925,63.188114166259766,12049800,0.0,0.0,0.0,XLP
2021-08-03 00:00:00-04:00,63.20583777619058,63.5873979088844,63.05498338331578,63.47203826904297,8647700,0.0,0.0,0.0,XLP
2021-08-04 00:00:00-04:00,63.25021363456143,63.40993666979753,62.60245288105573,62.64681625366211,8886500,0.0,0.0,0.0,XLP
2021-08-05 00:00:00-04:00,62.975147671557544,63.081625198608,62.79767384324956,62.94852828979492,7063000,0.0,0.0,0.0,XLP
2021-08-06 00:00:00-04:00,63.090500582506984,63.20586026339075,62.83316860891116,62.94852828979492,13492100,0.0,0.0,0.0,XLP
2021-08-09 00:00:00-04:00,63.152617982589014,63.28572166819188,63.010645682564714,63.179237365722656,9054900,0.0,0.0,0.0,XLP
2021-08-10 00:00:00-04:00,63.30346482895278,63.658405729216796,63.196987297827775,63.63178634643555,11291700,0.0,0.0,0.0,XLP
2021-08-11 00:00:00-04:00,63.791503061027804,64.10207377910832,63.738264300766545,63.84474182128906,14992700,0.0,0.0,0.0,XLP
2021-08-12 00:00:00-04:00,63.88023263057288,63.924602774666674,63.69389021125921,63.80924987792969,6432100,0.0,0.0,0.0,XLP
2021-08-13 00:00:00-04:00,63.88909463784367,64.40375841387666,63.791485757219064,64.34164428710938,8808500,0.0,0.0,0.0,XLP
2021-08-16 00:00:00-04:00,64.3416553850747,64.73208420498413,64.2262957226576,64.71434020996094,7903100,0.0,0.0,0.0,XLP
2021-08-17 00:00:00-04:00,64.5989845074187,64.9982886924366,64.44813009158415,64.74983215332031,15666000,0.0,0.0,0.0,XLP
2021-08-18 00:00:00-04:00,64.62561851683184,64.72322743214794,63.89799272897922,63.94235610961914,10669200,0.0,0.0,0.0,XLP
2021-08-19 00:00:00-04:00,63.658393186063925,64.59011201943069,63.6228984260379,64.4570083618164,13035600,0.0,0.0,0.0,XLP
2021-08-20 00:00:00-04:00,64.44814739171261,64.82083907036342,64.20856617037651,64.56350708007812,10454500,0.0,0.0,0.0,XLP
2021-08-23 00:00:00-04:00,64.57235967319146,64.6877193329344,64.33277851129924,64.3593978881836,8794500,0.0,0.0,0.0,XLP
2021-08-24 00:00:00-04:00,64.32392678028782,64.34167755135955,63.78264335150466,63.87138366699219,8494200,0.0,0.0,0.0,XLP
2021-08-25 00:00:00-04:00,63.82698381992875,63.915717324206035,63.54303254428198,63.764869689941406,8007400,0.0,0.0,0.0,XLP
2021-08-26 00:00:00-04:00,63.67613140650186,63.72049477034464,63.25907652077467,63.47203826904297,13078000,0.0,0.0,0.0,XLP
2021-08-27 00:00:00-04:00,63.53415896831448,63.809241640303206,63.32119719801081,63.69388198852539,9126200,0.0,0.0,0.0,XLP
2021-08-30 00:00:00-04:00,63.71164747108203,64.03996219908112,63.64953332497943,63.977848052978516,5645800,0.0,0.0,0.0,XLP
2021-08-31 00:00:00-04:00,64.03109374299046,64.19081003056117,63.87137068548555,64.11982727050781,8037000,0.0,0.0,0.0,XLP
2021-09-01 00:00:00-04:00,64.17305705154143,64.51912249937864,64.05770415890679,64.4570083618164,8399100,0.0,0.0,0.0,XLP
2021-09-02 00:00:00-04:00,64.59012955895129,64.81196679190417,64.47477663499244,64.70548248291016,6623300,0.0,0.0,0.0,XLP
2021-09-03 00:00:00-04:00,64.51025068261823,64.72321925454598,64.32390825963166,64.6256103515625,6010700,0.0,0.0,0.0,XLP
2021-09-07 00:00:00-04:00,64.51913364501314,64.51913364501314,63.83587801379663,63.88024139404297,9206300,0.0,0.0,0.0,XLP
2021-09-08 00:00:00-04:00,63.80038019687005,64.50138656261231,63.76488543240959,64.4303970336914,10662900,0.0,0.0,0.0,XLP
2021-09-09 00:00:00-04:00,64.36827945025718,64.3860234465726,63.995594598229815,64.05770874023438,7741500,0.0,0.0,0.0,XLP
2021-09-10 00:00:00-04:00,64.18193427531412,64.20855365361399,63.65839501232723,63.782623291015625,10269900,0.0,0.0,0.0,XLP
2021-09-13 00:00:00-04:00,64.03109641076794,64.49251483504311,63.79150842956135,63.94235610961914,13798000,0.0,0.0,0.0,XLP
2021-09-14 00:00:00-04:00,64.1020830147997,64.14645316803278,63.543055641711305,63.649539947509766,9145500,0.0,0.0,0.0,XLP
2021-09-15 00:00:00-04:00,63.649535568919404,63.98672569251614,63.49868112026548,63.88024139404297,8824700,0.0,0.0,0.0,XLP
2021-09-16 00:00:00-04:00,63.800374322387924,63.99559212397851,63.13486278238374,63.66727066040039,9789900,0.0,0.0,0.0,XLP
2021-09-17 00:00:00-04:00,63.49868365117958,63.72939625543325,63.31234119887517,63.32121658325195,13150000,0.0,0.0,0.0,XLP
2021-09-20 00:00:00-04:00,62.88549093731609,63.25156791712451,62.206900745023425,62.689056396484375,17880700,0.442,0.0,0.0,XLP
2021-09-21 00:00:00-04:00,62.86762280997076,63.36763294286502,62.50153909686807,62.617610931396484,11140400,0.0,0.0,0.0,XLP
2021-09-22 00:00:00-04:00,63.02833201434339,63.189050523847165,62.67118582622558,62.79618835449219,10025900,0.0,0.0,0.0,XLP
2021-09-23 00:00:00-04:00,62.88546703225216,63.31405194133954,62.82296577594005,63.028324127197266,8440500,0.0,0.0,0.0,XLP
2021-09-24 00:00:00-04:00,62.93905515965199,63.33192420163395,62.93905515965199,63.05513381958008,6717300,0.0,0.0,0.0,XLP
2021-09-27 00:00:00-04:00,62.956905338148474,63.251550254991855,62.71582417367232,62.76940155029297,8467100,0.0,0.0,0.0,XLP
2021-09-28 00:00:00-04:00,62.599758616731094,62.67119058462899,61.805096707217366,62.028316497802734,14982900,0.0,0.0,0.0,XLP
2021-09-29 00:00:00-04:00,62.15331527154125,62.91226115114409,62.01938204287558,62.590824127197266,13329500,0.0,0.0,0.0,XLP
2021-09-30 00:00:00-04:00,62.74261098753128,62.79618836545981,61.43900832671831,61.46579360961914,16259900,0.0,0.0,0.0,XLP
2021-10-01 00:00:00-04:00,61.653310347204595,61.92117001498535,61.04615222992296,61.62651824951172,15889200,0.0,0.0,0.0,XLP
2021-10-04 00:00:00-04:00,61.608668799348486,62.04617772835378,61.00151063144949,61.43009567260742,20351600,0.0,0.0,0.0,XLP
2021-10-05 00:00:00-04:00,61.58187715029105,62.01938603410273,61.44794391300616,61.74259567260742,16186100,0.0,0.0,0.0,XLP
2021-10-06 00:00:00-04:00,61.4211483857031,62.403313941799034,61.3497164294458,62.34081268310547,14909900,0.0,0.0,0.0,XLP
2021-10-07 00:00:00-04:00,62.65332691404995,63.171198444334514,62.572971062175014,62.617610931396484,8396800,0.0,0.0,0.0,XLP
2021-10-08 00:00:00-04:00,62.66225637202509,62.80511348768323,62.430105895437734,62.54618453979492,7285700,0.0,0.0,0.0,XLP
2021-10-11 00:00:00-04:00,62.64438748626625,62.8676072133773,62.4747383137817,62.5283088684082,8218300,0.0,0.0,0.0,XLP
2021-10-12 00:00:00-04:00,62.581896215897146,63.03726648879024,62.421184508893184,62.555110931396484,12401200,0.0,0.0,0.0,XLP
2021-10-13 00:00:00-04:00,62.61759954010333,62.84081928198436,62.12652019524059,62.67117691040039,9548300,0.0,0.0,0.0,XLP
2021-10-14 00:00:00-04:00,62.9033361481591,63.4747782842212,62.85869627598001,63.37656784057617,9975100,0.0,0.0,0.0,XLP
2021-10-15 00:00:00-04:00,63.59085714553146,63.617642431351605,63.04620029342968,63.22477340698242,11575200,0.0,0.0,0.0,XLP
2021-10-18 00:00:00-04:00,62.94796775104003,63.14440221552244,62.51938284561241,62.84975051879883,10043300,0.0,0.0,0.0,XLP
2021-10-19 00:00:00-04:00,62.74261172418906,62.88547565084,62.439036098246255,62.87654495239258,10203100,0.0,0.0,0.0,XLP
2021-10-20 00:00:00-04:00,62.93906654226308,63.45693822541925,62.88549595853284,63.24264907836914,8829700,0.0,0.0,0.0,XLP
2021-10-21 00:00:00-04:00,63.33192263676056,63.38549320947881,63.09084824740068,63.16227340698242,7976400,0.0,0.0,0.0,XLP
2021-10-22 00:00:00-04:00,63.28725954964382,63.751560433297875,63.23368899080912,63.653343200683594,9575700,0.0,0.0,0.0,XLP
2021-10-25 00:00:00-04:00,63.60871505737305,63.751579005385985,63.16227543802459,63.60871505737305,6844600,0.0,0.0,0.0,XLP
2021-10-26 00:00:00-04:00,63.61763916548572,63.99264677197172,63.5729924833257,63.83192825317383,8805500,0.0,0.0,0.0,XLP
2021-10-27 00:00:00-04:00,64.16228825226244,64.2069349290385,63.43012771316972,63.456912994384766,10334900,0.0,0.0,0.0,XLP
2021-10-28 00:00:00-04:00,63.474780047136036,63.70693055014877,63.36763890122846,63.680145263671875,8614800,0.0,0.0,0.0,XLP
2021-10-29 00:00:00-04:00,63.5194203855911,63.86764269925065,63.456919119347766,63.617637634277344,8105300,0.0,0.0,0.0,XLP
2021-11-01 00:00:00-04:00,63.751582077591586,63.85872323163647,63.492646268435934,63.71586608886719,7033700,0.0,0.0,0.0,XLP
2021-11-02 00:00:00-04:00,63.75157747392348,64.28730364184663,63.564073655756765,64.14443969726562,9942700,0.0,0.0,0.0,XLP
2021-11-03 00:00:00-04:00,64.153364651427,64.74266815185547,64.10872478183911,64.74266815185547,10471100,0.0,0.0,0.0,XLP
2021-11-04 00:00:00-04:00,64.51053159681395,64.85875399056694,64.34088234422143,64.80518341064453,11701700,0.0,0.0,0.0,XLP
2021-11-05 00:00:00-04:00,65.05517324937941,65.28732372805068,64.93017071750882,65.18017578125,9929100,0.0,0.0,0.0,XLP
2021-11-08 00:00:00-05:00,65.20696457694055,65.2516112602106,64.35873209182937,64.66230773925781,12813600,0.0,0.0,0.0,XLP
2021-11-09 00:00:00-05:00,64.68016256199911,64.94802219800627,64.46586667864129,64.8855209350586,13527600,0.0,0.0,0.0,XLP
2021-11-10 00:00:00-05:00,64.94804457402839,65.25162710731276,64.83197270631533,65.08197784423828,11350400,0.0,0.0,0.0,XLP
2021-11-11 00:00:00-05:00,65.12660873521108,65.16232471940907,64.88552754490641,65.03731536865234,6319100,0.0,0.0,0.0,XLP
2021-11-12 00:00:00-05:00,65.171248606363,65.34089782827164,64.93017422818578,65.03731536865234,7469800,0.0,0.0,0.0,XLP
2021-11-15 00:00:00-05:00,65.15339611410347,65.42125578600529,65.0283935714571,65.3498306274414,6381300,0.0,0.0,0.0,XLP
2021-11-16 00:00:00-05:00,65.30517907413078,65.5194681581022,64.91231007674388,64.93910217285156,6562200,0.0,0.0,0.0,XLP
2021-11-17 00:00:00-05:00,64.8765967898292,65.00159931522516,64.68016230359933,64.79623413085938,10444900,0.0,0.0,0.0,XLP
2021-11-18 00:00:00-05:00,64.62659581668667,64.71588918883862,64.25158817730885,64.56409454345703,11269500,0.0,0.0,0.0,XLP
2021-11-19 00:00:00-05:00,64.70695494550057,64.72480953167641,64.29623134218096,64.33194732666016,11924000,0.0,0.0,0.0,XLP
2021-11-22 00:00:00-05:00,64.4122888122561,65.28731320645986,64.34085685923415,64.84087371826172,13425400,0.0,0.0,0.0,XLP
2021-11-23 00:00:00-05:00,64.84980830733514,65.37661053266784,64.7426671722436,65.26946258544922,13405700,0.0,0.0,0.0,XLP
2021-11-24 00:00:00-05:00,65.18016122854193,65.27837845481527,64.77836843896964,65.07301330566406,9556400,0.0,0.0,0.0,XLP
2021-11-26 00:00:00-05:00,64.63552524553249,64.93017701873389,64.01943641286192,64.2515869140625,11715600,0.0,0.0,0.0,XLP
2021-11-29 00:00:00-05:00,64.32299832135067,64.66228985915039,64.00156136464545,64.41228485107422,13646600,0.0,0.0,0.0,XLP
2021-11-30 00:00:00-05:00,64.01050730896334,64.0640778771332,62.62654192613955,62.760475158691406,23715100,0.0,0.0,0.0,XLP
2021-12-01 00:00:00-05:00,63.18905841203935,63.71586068589207,62.430112449355825,62.4568977355957,22897400,0.0,0.0,0.0,XLP
2021-12-02 00:00:00-05:00,62.67119421256565,63.51942674104194,62.67119421256565,63.11763381958008,18704000,0.0,0.0,0.0,XLP
2021-12-03 00:00:00-05:00,63.46585338587104,64.00157952837768,63.27834957660009,63.90336227416992,22867600,0.0,0.0,0.0,XLP
2021-12-06 00:00:00-05:00,64.3587371772451,65.26947100362108,64.34980647745994,65.02839660644531,18524400,0.0,0.0,0.0,XLP
2021-12-07 00:00:00-05:00,65.13551052938105,65.49266343809384,65.01050803315034,65.17122650146484,13169300,0.0,0.0,0.0,XLP
2021-12-08 00:00:00-05:00,65.06412151055355,65.34984263368551,64.41231657946526,64.96590423583984,14489800,0.0,0.0,0.0,XLP
2021-12-09 00:00:00-05:00,64.9569511721881,65.37660541746757,64.68016084535549,65.14445495605469,8613900,0.0,0.0,0.0,XLP
2021-12-10 00:00:00-05:00,65.52840025418804,66.28734616903857,65.41232841708813,66.24270629882812,10890000,0.0,0.0,0.0,XLP
2021-12-13 00:00:00-05:00,66.22484749777873,67.31416119311055,66.12663024248634,67.10880279541016,16518100,0.0,0.0,0.0,XLP
2021-12-14 00:00:00-05:00,66.97486927147081,67.26059033689404,66.71593349153608,67.1534423828125,16048300,0.0,0.0,0.0,XLP
2021-12-15 00:00:00-05:00,67.16237943037399,67.91239474345547,67.13559414235368,67.83203887939453,21277000,0.0,0.0,0.0,XLP
2021-12-16 00:00:00-05:00,67.77843725661283,68.55523750189178,67.76950656065415,68.31416320800781,14499000,0.0,0.0,0.0,XLP
2021-12-17 00:00:00-05:00,68.07309574662655,68.41239413981518,67.10879156567968,67.14450073242188,23809700,0.0,0.0,0.0,XLP
2021-12-20 00:00:00-05:00,66.63386951837181,67.20023693911669,66.55295596750862,67.16427612304688,14116700,0.512,0.0,0.0,XLP
2021-12-21 00:00:00-05:00,67.16429285923779,67.20924560523261,66.67883200956321,67.07439422607422,11872100,0.0,0.0,0.0,XLP
2021-12-22 00:00:00-05:00,67.04741017213881,67.52387899318748,66.78669939369577,67.49691009521484,7650200,0.0,0.0,0.0,XLP
2021-12-23 00:00:00-05:00,67.65874930670674,67.88349933124246,67.55086682575207,67.6497573852539,8089000,0.0,0.0,0.0,XLP
2021-12-27 00:00:00-05:00,67.6946999182767,68.36894989013672,67.6946999182767,68.36894989013672,7343200,0.0,0.0,0.0,XLP
2021-12-28 00:00:00-05:00,68.28804741370583,68.82744610700185,68.28804741370583,68.75553131103516,7285200,0.0,0.0,0.0,XLP
2021-12-29 00:00:00-05:00,68.8274413175689,69.24098051561349,68.71057378078217,69.07017517089844,7891600,0.0,0.0,0.0,XLP
2021-12-30 00:00:00-05:00,69.24097854725127,69.31290019499517,68.8094623784396,68.85440826416016,6802800,0.0,0.0,0.0,XLP
2021-12-31 00:00:00-05:00,68.80945447688693,69.42976661450088,68.77349365714446,69.32188415527344,11289000,0.0,0.0,0.0,XLP
2022-01-03 00:00:00-05:00,68.91733381750338,69.3488499172363,68.34196758648491,69.3128890991211,22320300,0.0,0.0,0.0,XLP
2022-01-04 00:00:00-05:00,69.29491944140992,69.99613832168762,69.26795053968009,69.78038024902344,23066000,0.0,0.0,0.0,XLP
2022-01-05 00:00:00-05:00,69.69048486785825,70.28382822723361,69.66351596221871,69.71746063232422,29748500,0.0,0.0,0.0,XLP
2022-01-06 00:00:00-05:00,69.67249929664358,70.10402231017058,69.42977231697725,69.52865600585938,25023900,0.0,0.0,0.0,XLP
2022-01-07 00:00:00-05:00,69.42078866143972,69.87028871041684,69.2319994639285,69.6005859375,12650300,0.0,0.0,0.0,XLP
2022-01-10 00:00:00-05:00,69.49270765749243,69.63654410107402,68.82744267209577,69.05219268798828,18578300,0.0,0.0,0.0,XLP
2022-01-11 00:00:00-05:00,68.98027487969826,69.03421268632985,68.21611937201274,68.97128295898438,19571600,0.0,0.0,0.0,XLP
2022-01-12 00:00:00-05:00,68.92634646242776,69.0522059467879,68.67462749370746,68.9982681274414,11155200,0.0,0.0,0.0,XLP
2022-01-13 00:00:00-05:00,69.07016193385397,69.2679430034552,68.84541196545706,69.12409973144531,14287300,0.0,0.0,0.0,XLP
2022-01-14 00:00:00-05:00,68.95329783381966,69.33986811140946,68.63864920295023,69.24996948242188,21391700,0.0,0.0,0.0,XLP
2022-01-18 00:00:00-05:00,68.73753599590543,68.75551983601555,68.03631712576855,68.2520751953125,16683800,0.0,0.0,0.0,XLP
2022-01-19 00:00:00-05:00,68.37792262188856,69.16005491739368,68.35994564376364,68.68358612060547,18518500,0.0,0.0,0.0,XLP
2022-01-20 00:00:00-05:00,68.62066293769702,69.20501423530408,68.17116299474158,68.23409271240234,15677800,0.0,0.0,0.0,XLP
2022-01-21 00:00:00-05:00,68.57571222939075,69.16006354429186,68.18015007305922,68.28803253173828,25270600,0.0,0.0,0.0,XLP
2022-01-24 00:00:00-05:00,68.01834756950028,68.46784759776662,66.62489473834415,68.06329345703125,35518900,0.0,0.0,0.0,XLP
2022-01-25 00:00:00-05:00,67.46995626913699,67.7036913429962,66.49903457228382,67.30813598632812,28638500,0.0,0.0,0.0,XLP
2022-01-26 00:00:00-05:00,67.10137209739982,67.70370056479811,66.40015306265829,66.79571533203125,33222000,0.0,0.0,0.0,XLP
2022-01-27 00:00:00-05:00,67.32610781663912,68.30602135943651,66.98449029411073,67.24520111083984,23816500,0.0,0.0,0.0,XLP
2022-01-28 00:00:00-05:00,66.89458900895714,68.07227673872525,66.31023767460819,68.03631591796875,25111500,0.0,0.0,0.0,XLP
2022-01-31 00:00:00-05:00,67.62278517661245,68.35996494672823,67.46995681351157,68.29703521728516,15453000,0.0,0.0,0.0,XLP
2022-02-01 00:00:00-05:00,68.29702243006312,68.44985076455002,67.53287389880381,68.23409271240234,15620900,0.0,0.0,0.0,XLP
2022-02-02 00:00:00-05:00,68.30602784793305,69.1600751647941,68.2430981178362,69.05219268798828,13630400,0.0,0.0,0.0,XLP
2022-02-03 00:00:00-05:00,68.73754268474633,69.41179271915458,68.63865213099372,69.07017517089844,14414700,0.0,0.0,0.0,XLP
2022-02-04 00:00:00-05:00,68.60269128809031,68.92633185322738,67.8385426210601,68.22511291503906,17939500,0.0,0.0,0.0,XLP
2022-02-07 00:00:00-05:00,68.49481069631592,68.68359986912658,67.95540522105632,68.35096740722656,10949400,0.0,0.0,0.0,XLP
2022-02-08 00:00:00-05:00,68.51279614777529,68.80047590269224,68.2431002356305,68.61168670654297,11472900,0.0,0.0,0.0,XLP
2022-02-09 00:00:00-05:00,68.94432473374013,69.09715311541689,68.51280163737565,68.62966918945312,14899300,0.0,0.0,0.0,XLP
2022-02-10 00:00:00-05:00,68.25208032502162,68.56672896234363,67.64975195374437,67.8924789428711,19828500,0.0,0.0,0.0,XLP
2022-02-11 00:00:00-05:00,68.09026551287253,68.34198444294032,67.45197626625024,67.6497573852539,18498300,0.0,0.0,0.0,XLP
2022-02-14 00:00:00-05:00,67.64975721465287,67.90147614408586,66.56196792170235,67.46096801757812,23550800,0.0,0.0,0.0,XLP
2022-02-15 00:00:00-05:00,67.86551483730076,68.29703789815338,67.26318642344151,67.57783508300781,12300400,0.0,0.0,0.0,XLP
2022-02-16 00:00:00-05:00,67.54187690777104,67.94643107923137,67.04743095442173,67.70369720458984,13507700,0.0,0.0,0.0,XLP
2022-02-17 00:00:00-05:00,67.53288589777844,68.41390210156469,67.3351047903251,68.22511291503906,12873300,0.0,0.0,0.0,XLP
2022-02-18 00:00:00-05:00,68.17117015469039,68.6116782245819,67.94642015960738,68.35096740722656,16470100,0.0,0.0,0.0,XLP
2022-02-22 00:00:00-05:00,68.40490110570926,68.4588457652929,67.38903365808149,67.820556640625,21545800,0.0,0.0,0.0,XLP
2022-02-23 00:00:00-05:00,68.04531927910097,68.08128010590397,67.18228001230803,67.27217864990234,15134300,0.0,0.0,0.0,XLP
2022-02-24 00:00:00-05:00,66.38216080614053,66.52600410725762,64.89881620162068,66.11246490478516,30125500,0.0,0.0,0.0,XLP
2022-02-25 00:00:00-05:00,66.49902571489704,68.34197145043129,66.47205681449205,68.24308776855469,21141600,0.0,0.0,0.0,XLP
2022-02-28 00:00:00-05:00,67.22722341957025,67.61379371989685,66.60691118306738,67.3351058959961,20975100,0.0,0.0,0.0,XLP
2022-03-01 00:00:00-05:00,67.15529512100778,67.70368565227565,66.57993568800961,66.93953704833984,18750300,0.0,0.0,0.0,XLP
2022-03-02 00:00:00-05:00,66.9575303275675,67.9554141263858,66.86762483069207,67.6497573852539,18935000,0.0,0.0,0.0,XLP
2022-03-03 00:00:00-05:00,67.94642409371566,68.60269027641361,67.89247942777098,68.1981430053711,19576500,0.0,0.0,0.0,XLP
2022-03-04 00:00:00-05:00,67.42499044440241,68.35095921576026,67.16427965829176,68.20712280273438,22078900,0.0,0.0,0.0,XLP
2022-03-07 00:00:00-05:00,67.8385612270468,68.13523296959453,66.88562311212998,66.9665298461914,20057300,0.0,0.0,0.0,XLP
2022-03-08 00:00:00-05:00,67.03841401901389,67.209226173818,65.11455501846669,65.15950775146484,29710400,0.0,0.0,0.0,XLP
2022-03-09 00:00:00-05:00,66.17538842452456,66.1933654060642,65.32134119546912,65.60002899169922,18254000,0.0,0.0,0.0,XLP
2022-03-10 00:00:00-05:00,65.13254942831384,65.3842751981212,64.36840077459844,64.97972106933594,21892400,0.0,0.0,0.0,XLP
2022-03-11 00:00:00-05:00,65.21346224848284,65.57306362810807,64.13465810960713,64.22456359863281,14276500,0.0,0.0,0.0,XLP
2022-03-14 00:00:00-04:00,64.62911472834385,65.21346614782203,64.21557551763694,64.5661849975586,18438900,0.0,0.0,0.0,XLP
2022-03-15 00:00:00-04:00,65.15054101396169,66.09448704234408,64.99771263681787,66.01358032226562,17078100,0.0,0.0,0.0,XLP
2022-03-16 00:00:00-04:00,66.1754012673077,66.42712021066717,65.14154972808694,66.08550262451172,18783200,0.0,0.0,0.0,XLP
2022-03-17 00:00:00-04:00,66.04053803361808,66.66085021770319,65.88770968238208,66.54397583007812,14484600,0.0,0.0,0.0,XLP
2022-03-18 00:00:00-04:00,66.60690999921933,66.75974521947937,66.1034721691656,66.69681549072266,20278600,0.0,0.0,0.0,XLP
2022-03-21 00:00:00-04:00,66.86386571005475,67.37861966167857,66.41232691424666,66.78258514404297,17659100,0.335,0.0,0.0,XLP
2022-03-22 00:00:00-04:00,67.27930450439453,67.41476756930366,66.71036789970138,67.27930450439453,11667300,0.0,0.0,0.0,XLP
2022-03-23 00:00:00-04:00,67.36057633271227,67.53216333614594,66.67424209885256,66.73745727539062,14027800,0.0,0.0,0.0,XLP
2022-03-24 00:00:00-04:00,67.00837590230543,67.23414537217835,66.78260643243253,67.2070541381836,9458800,0.0,0.0,0.0,XLP
2022-03-25 00:00:00-04:00,67.36960370019611,67.90242319443958,67.30638852866929,67.76696014404297,12508400,0.0,0.0,0.0,XLP
2022-03-28 00:00:00-04:00,67.79404485579064,68.04690551757812,67.39668845016102,68.04690551757812,11602600,0.0,0.0,0.0,XLP
2022-03-29 00:00:00-04:00,68.57973654487496,68.77841478124995,68.037884303875,68.6519775390625,16595100,0.0,0.0,0.0,XLP
2022-03-30 00:00:00-04:00,68.38106003667984,68.70616863352123,68.09207538281389,68.69713592529297,13367500,0.0,0.0,0.0,XLP
2022-03-31 00:00:00-04:00,68.61584172712915,68.9499760424632,68.41716354507346,68.53456115722656,12388500,0.0,0.0,0.0,XLP
2022-04-01 00:00:00-04:00,68.66099088012712,69.30217516852079,68.39909754149835,69.22090148925781,12644000,0.0,0.0,0.0,XLP
2022-04-04 00:00:00-04:00,69.10351313164018,69.10351313164018,68.21850070877198,69.00418090820312,9618400,0.0,0.0,0.0,XLP
2022-04-05 00:00:00-04:00,68.6880925445551,69.78081581251284,68.6880925445551,69.06739044189453,12717200,0.0,0.0,0.0,XLP
2022-04-06 00:00:00-04:00,69.06739493304602,70.03368792803661,68.76937759787789,69.94337463378906,23849600,0.0,0.0,0.0,XLP
2022-04-07 00:00:00-04:00,70.17816611456111,70.94578076926148,69.9794879213581,70.7922592163086,18311500,0.0,0.0,0.0,XLP
2022-04-08 00:00:00-04:00,70.98190681961873,71.30701534729121,70.66583099825276,71.09027862548828,13879400,0.0,0.0,0.0,XLP
2022-04-11 00:00:00-04:00,71.2167150050534,71.45151715941961,70.66583700246545,70.80130004882812,18229900,0.0,0.0,0.0,XLP
2022-04-12 00:00:00-04:00,70.81032538009198,71.3070139784363,70.56649054405035,70.81935119628906,19804800,0.0,0.0,0.0,XLP
2022-04-13 00:00:00-04:00,70.76517407009494,71.31605205679944,70.75614136328142,71.21671295166016,11715500,0.0,0.0,0.0,XLP
2022-04-14 00:00:00-04:00,71.334124873799,71.6953574294191,71.1535120409579,71.19866180419922,12195600,0.0,0.0,0.0,XLP
2022-04-18 00:00:00-04:00,71.03610386217669,71.29799036400743,70.41297796831786,70.61165618896484,11426700,0.0,0.0,0.0,XLP
2022-04-19 00:00:00-04:00,70.63874319991595,71.78564891884068,70.57552803257265,71.68630981445312,12814100,0.0,0.0,0.0,XLP
2022-04-20 00:00:00-04:00,72.08367034288156,72.92353297973168,72.03851369651689,72.76097869873047,21659600,0.0,0.0,0.0,XLP
2022-04-21 00:00:00-04:00,72.90548010851164,73.45635127524342,72.64358669714944,72.69776916503906,18501800,0.0,0.0,0.0,XLP
2022-04-22 00:00:00-04:00,72.86935006483759,72.95965646707089,71.49666794711878,71.55988311767578,19747900,0.0,0.0,0.0,XLP
2022-04-25 00:00:00-04:00,71.7856548985461,72.09270494403104,70.6026251440314,71.87596130371094,30868200,0.0,0.0,0.0,XLP
2022-04-26 00:00:00-04:00,71.76759948273067,72.1107665931992,70.74711707933932,70.76518249511719,26864500,0.0,0.0,0.0,XLP
2022-04-27 00:00:00-04:00,70.91870489509003,71.76760030804053,70.7290593668657,71.0270767211914,29441700,0.0,0.0,0.0,XLP
2022-04-28 00:00:00-04:00,71.12641832187546,72.15592659099114,70.75615307055854,72.07464599609375,22128500,0.0,0.0,0.0,XLP
2022-04-29 00:00:00-04:00,71.71341127833442,71.82177620458319,70.02465331494396,70.11495971679688,27802900,0.0,0.0,0.0,XLP
2022-05-02 00:00:00-04:00,70.60262395677124,70.7019630677632,68.17334242604672,69.1938247680664,55145100,0.0,0.0,0.0,XLP
2022-05-03 00:00:00-04:00,69.07640612598057,69.64534944356328,68.54359363039703,68.99513244628906,47646900,0.0,0.0,0.0,XLP
2022-05-04 00:00:00-04:00,69.02224282919833,70.64778577353498,68.81453188466853,70.54844665527344,37161600,0.0,0.0,0.0,XLP
2022-05-05 00:00:00-04:00,70.16914382894532,70.33169811207544,68.69712946333267,69.21188354492188,32186100,0.0,0.0,0.0,XLP
2022-05-06 00:00:00-04:00,68.95901773960794,69.63632605405674,68.60681796728949,69.28412628173828,34046900,0.0,0.0,0.0,XLP
2022-05-09 00:00:00-04:00,68.75131365430427,69.87113513951725,68.4262050798795,69.25704193115234,33323800,0.0,0.0,0.0,XLP
2022-05-10 00:00:00-04:00,69.60924182763448,69.83501128849997,68.49845304860389,68.77841186523438,32510900,0.0,0.0,0.0,XLP
2022-05-11 00:00:00-04:00,68.85968348527395,69.63633095840117,68.42620310192554,68.48039245605469,30110100,0.0,0.0,0.0,XLP
2022-05-12 00:00:00-04:00,68.61582392667268,68.95899085851208,67.73080504254588,68.46229553222656,29049700,0.0,0.0,0.0,XLP
2022-05-13 00:00:00-04:00,68.80550235498822,69.54602590303125,68.39008737827503,69.49183654785156,15405300,0.0,0.0,0.0,XLP
2022-05-16 00:00:00-04:00,69.44668983596748,70.12399824095428,69.14867248418831,69.80792236328125,14613700,0.0,0.0,0.0,XLP
2022-05-17 00:00:00-04:00,69.56407153159599,69.7446911988146,68.62486993186658,69.32926940917969,20637000,0.0,0.0,0.0,XLP
2022-05-18 00:00:00-04:00,68.57071387728983,68.59780511531916,64.66038442316031,64.86809539794922,40188900,0.0,0.0,0.0,XLP
2022-05-19 00:00:00-04:00,64.50686439451877,64.52492292366786,63.28771042376586,63.712158203125,38772000,0.0,0.0,0.0,XLP
2022-05-20 00:00:00-04:00,64.07337614060071,64.0914415574991,62.836163790635766,63.84760665893555,26185000,0.0,0.0,0.0,XLP
2022-05-23 00:00:00-04:00,64.55200634807501,65.40089482348738,64.36235394054783,65.16609954833984,17710900,0.0,0.0,0.0,XLP
2022-05-24 00:00:00-04:00,65.01256636607347,66.3310590760372,64.9042014438447,66.23171997070312,23272400,0.0,0.0,0.0,XLP
2022-05-25 00:00:00-04:00,66.10528301248019,66.4394242323971,65.68986810903357,66.2497787475586,16647300,0.0,0.0,0.0,XLP
2022-05-26 00:00:00-04:00,66.55682147713979,67.29734489043183,66.44845656637344,66.95417785644531,16580500,0.0,0.0,0.0,XLP
2022-05-27 00:00:00-04:00,67.05351905822754,67.73082733154297,66.9361214378965,67.73082733154297,16921300,0.0,0.0,0.0,XLP
2022-05-31 00:00:00-04:00,67.36959488597611,67.694703408418,66.54779776364624,67.252197265625,19212200,0.0,0.0,0.0,XLP
2022-06-01 00:00:00-04:00,67.34252144897367,67.39670392038336,65.93372207281867,66.37622833251953,17552000,0.0,0.0,0.0,XLP
2022-06-02 00:00:00-04:00,66.5297426066948,67.34251403808594,65.43701925057782,67.34251403808594,17618500,0.0,0.0,0.0,XLP
2022-06-03 00:00:00-04:00,67.06255569486513,67.32444906935542,66.49361230237581,66.66519927978516,9750300,0.0,0.0,0.0,XLP
2022-06-06 00:00:00-04:00,67.1257639375557,67.33346794042286,66.46651421598938,66.6922836303711,10924200,0.0,0.0,0.0,XLP
2022-06-07 00:00:00-04:00,65.82533347375788,67.13479339217199,65.82533347375788,67.04448699951172,9070200,0.0,0.0,0.0,XLP
2022-06-08 00:00:00-04:00,66.66518521346728,66.8187067451056,66.17752250420291,66.2226791381836,7896600,0.0,0.0,0.0,XLP
2022-06-09 00:00:00-04:00,66.15947032634693,66.8006546287109,65.21123604133876,65.22930145263672,9442200,0.0,0.0,0.0,XLP
2022-06-10 00:00:00-04:00,64.42557685037809,65.464117858043,64.09144242256389,64.9493637084961,17720500,0.0,0.0,0.0,XLP
2022-06-13 00:00:00-04:00,63.98304153169075,64.4255475915809,63.28767486614911,63.54956817626953,22813000,0.0,0.0,0.0,XLP
2022-06-14 00:00:00-04:00,63.53152827116239,63.820512920763576,62.34849843841025,62.8000373840332,19864600,0.0,0.0,0.0,XLP
2022-06-15 00:00:00-04:00,63.242526431274,63.748247708128915,62.15883601231757,62.86323547363281,20069400,0.0,0.0,0.0,XLP
2022-06-16 00:00:00-04:00,62.00531824167558,62.86323930142764,61.607961848559555,62.38460922241211,19017100,0.0,0.0,0.0,XLP
2022-06-17 00:00:00-04:00,62.49298986203441,62.83616388423685,61.878896595392874,62.15885543823242,24825300,0.0,0.0,0.0,XLP
2022-06-21 00:00:00-04:00,62.8985491783441,63.99038412611693,62.598300988754254,63.817508697509766,16147200,0.513,0.0,0.0,XLP
2022-06-22 00:00:00-04:00,63.49906867692453,64.20875767828217,63.25340282773201,63.77202224731445,15207200,0.0,0.0,0.0,XLP
2022-06-23 00:00:00-04:00,64.20874888705048,65.07311215411764,64.14505903517893,65.0094223022461,16570700,0.0,0.0,0.0,XLP
2022-06-24 00:00:00-04:00,65.582637645431,66.31052067220764,65.34607236443382,66.2832260131836,13437000,0.0,0.0,0.0,XLP
2022-06-27 00:00:00-04:00,66.34692385609192,66.45610944701244,65.9101953757579,66.10126495361328,10936500,0.0,0.0,0.0,XLP
2022-06-28 00:00:00-04:00,66.29234605450748,66.71088047994208,65.16412251891529,65.21871185302734,11004000,0.0,0.0,0.0,XLP
2022-06-29 00:00:00-04:00,65.47346129709695,65.90109619321709,65.31878691304154,65.62813568115234,9230600,0.0,0.0,0.0,XLP
2022-06-30 00:00:00-04:00,65.29149060680918,65.96478439350172,64.90025091825662,65.67362976074219,12670700,0.0,0.0,0.0,XLP
2022-07-01 00:00:00-04:00,65.69182055898263,66.66536946371386,65.58264191577734,66.61988067626953,11664100,0.0,0.0,0.0,XLP
2022-07-05 00:00:00-04:00,66.17404372954846,66.40150846444195,65.12770456070388,66.1922378540039,12828700,0.0,0.0,0.0,XLP
2022-07-06 00:00:00-04:00,66.43789772651614,66.84733842057199,66.17404473868808,66.38330841064453,11768100,0.0,0.0,0.0,XLP
2022-07-07 00:00:00-04:00,66.32872704646014,66.55619181209158,66.05576655103293,66.44700622558594,8476300,0.0,0.0,0.0,XLP
2022-07-08 00:00:00-04:00,66.47429391784571,66.85643995971563,66.11944947599532,66.32872009277344,10732500,0.0,0.0,0.0,XLP
2022-07-11 00:00:00-04:00,66.24684078564326,66.69267675567755,66.01028241073544,66.23774719238281,7172500,0.0,0.0,0.0,XLP
2022-07-12 00:00:00-04:00,66.32871472488256,66.92012439399561,65.81009543325135,66.0466537475586,11032200,0.0,0.0,0.0,XLP
2022-07-13 00:00:00-04:00,65.66453578724649,66.68358057456362,65.50076085610044,66.09217071533203,13851600,0.0,0.0,0.0,XLP
2022-07-14 00:00:00-04:00,65.24598534551616,66.2468288155886,65.22779122060852,66.14674377441406,10801700,0.0,0.0,0.0,XLP
2022-07-15 00:00:00-04:00,66.58348415782582,66.7927547892657,66.10125998212457,66.36511993408203,9300100,0.0,0.0,0.0,XLP
2022-07-18 00:00:00-04:00,66.4834021289881,66.59258771665633,65.600837718273,65.71912384033203,8473600,0.0,0.0,0.0,XLP
2022-07-19 00:00:00-04:00,66.26502494145662,66.53797844475791,66.08304899758329,66.41059875488281,8729100,0.0,0.0,0.0,XLP
2022-07-20 00:00:00-04:00,66.48339441879894,66.54708426880072,65.61903117710709,65.96477508544922,10232000,0.0,0.0,0.0,XLP
2022-07-21 00:00:00-04:00,65.83740530645746,66.31962952080474,65.64633572765989,66.16495513916016,11944800,0.0,0.0,0.0,XLP
2022-07-22 00:00:00-04:00,66.3105299306156,66.7927610935058,66.21044487243785,66.6016845703125,9369800,0.0,0.0,0.0,XLP
2022-07-25 00:00:00-04:00,66.68357844767625,67.08391869808096,66.54709818579516,66.92923736572266,8157500,0.0,0.0,0.0,XLP
2022-07-26 00:00:00-04:00,66.3196370468634,66.8746517185006,66.10127278083931,66.77456665039062,9764200,0.0,0.0,0.0,XLP
2022-07-27 00:00:00-04:00,66.64718288554049,67.42056177642348,66.13766398174454,67.2294921875,10995600,0.0,0.0,0.0,XLP
2022-07-28 00:00:00-04:00,67.27497765879086,68.43959608504417,67.15669154440135,68.30311584472656,9372000,0.0,0.0,0.0,XLP
2022-07-29 00:00:00-04:00,67.52065403413597,67.8845991220648,67.33868496100915,67.7754135131836,13198900,0.0,0.0,0.0,XLP
2022-08-01 00:00:00-04:00,67.68441307682247,68.8399379389256,67.65711841643278,68.62156677246094,13150400,0.0,0.0,0.0,XLP
2022-08-02 00:00:00-04:00,68.57608601018026,68.70346573468663,67.97557564464363,68.0756607055664,10632700,0.0,0.0,0.0,XLP
2022-08-03 00:00:00-04:00,68.09385708299637,68.65797226849442,67.81180296108464,68.52149200439453,12808400,0.0,0.0,0.0,XLP
2022-08-04 00:00:00-04:00,68.3668063517313,68.55787591333367,67.79359766692417,68.0665512084961,11983600,0.0,0.0,0.0,XLP
2022-08-05 00:00:00-04:00,67.72991906461456,67.9573838578819,67.27498947807992,67.9118881225586,7125700,0.0,0.0,0.0,XLP
2022-08-08 00:00:00-04:00,68.17574345383306,68.38501410366571,67.71171336362961,67.87548828125,6966100,0.0,0.0,0.0,XLP
2022-08-09 00:00:00-04:00,67.9755836586282,68.0756687313505,67.64803377365978,67.7754135131836,8086200,0.0,0.0,0.0,XLP
2022-08-10 00:00:00-04:00,68.42140698779599,68.485096852197,68.03926780138998,68.27583312988281,11262300,0.0,0.0,0.0,XLP
2022-08-11 00:00:00-04:00,68.56698246838981,68.78534670915755,67.95737853617307,68.11205291748047,8959500,0.0,0.0,0.0,XLP
2022-08-12 00:00:00-04:00,68.32131460620704,68.70346069335938,68.0574615831437,68.70346069335938,11094400,0.0,0.0,0.0,XLP
2022-08-15 00:00:00-04:00,68.66707465968992,69.45864771784818,68.55788905712423,69.3858642578125,10207200,0.0,0.0,0.0,XLP
2022-08-16 00:00:00-04:00,69.64062259895445,70.42310205053509,69.58603326938942,70.16834259033203,12312600,0.0,0.0,0.0,XLP
2022-08-17 00:00:00-04:00,69.87717801969148,70.24111608740995,69.79528709528326,69.9681625366211,9667600,0.0,0.0,0.0,XLP
2022-08-18 00:00:00-04:00,69.85896870161127,70.30479764108975,69.77708472854646,70.20471954345703,5777700,0.0,0.0,0.0,XLP
2022-08-19 00:00:00-04:00,69.98635036660558,70.3139001514212,69.84987013265355,69.97725677490234,6456500,0.0,0.0,0.0,XLP
2022-08-22 00:00:00-04:00,69.76798809067832,69.786182216262,69.14928369573376,69.26756286621094,7113700,0.0,0.0,0.0,XLP
2022-08-23 00:00:00-04:00,69.01281209371064,69.06740836063997,68.6670681309707,68.96732330322266,10183400,0.0,0.0,0.0,XLP
2022-08-24 00:00:00-04:00,69.085608423961,69.28577855599318,68.84904309140711,69.14019775390625,8061900,0.0,0.0,0.0,XLP
2022-08-25 00:00:00-04:00,69.16747881760583,69.45863342285156,68.83993596066854,69.45863342285156,6105000,0.0,0.0,0.0,XLP
2022-08-26 00:00:00-04:00,69.49505000701477,69.5769409527104,67.65713729724939,67.73902130126953,11212500,0.0,0.0,0.0,XLP
2022-08-29 00:00:00-04:00,67.33866717224963,68.01196089496604,67.16579173927478,67.62982177734375,13214300,0.0,0.0,0.0,XLP
2022-08-30 00:00:00-04:00,67.75721253057338,67.75721253057338,66.75636884623611,66.92923736572266,10316700,0.0,0.0,0.0,XLP
2022-08-31 00:00:00-04:00,67.13851043480939,67.25678963045665,66.51980590820312,66.51980590820312,10397800,0.0,0.0,0.0,XLP
2022-09-01 00:00:00-04:00,66.2923265712487,67.03841066543258,66.03756716469907,66.89282989501953,15968200,0.0,0.0,0.0,XLP
2022-09-02 00:00:00-04:00,67.40236847754575,67.6662284678813,65.81011494190587,66.01937866210938,15846700,0.0,0.0,0.0,XLP
2022-09-06 00:00:00-04:00,66.05576558257364,66.58348549710324,65.5553472705255,65.64633178710938,21871800,0.0,0.0,0.0,XLP
2022-09-07 00:00:00-04:00,65.85560590914073,66.91104590532596,65.80101657888106,66.82915496826172,19632300,0.0,0.0,0.0,XLP
2022-09-08 00:00:00-04:00,66.50159158110908,66.91103229982632,65.87379358575332,66.6562728881836,14843900,0.0,0.0,0.0,XLP
2022-09-09 00:00:00-04:00,66.8291473306813,67.75720748908063,66.5834884309132,67.3113784790039,18139000,0.0,0.0,0.0,XLP
2022-09-12 00:00:00-04:00,67.36596975022778,67.80269823836659,67.27498522700503,67.57523345947266,8680000,0.0,0.0,0.0,XLP
2022-09-13 00:00:00-04:00,67.0111329553769,67.10211748906097,65.13681824144517,65.31879425048828,12940800,0.0,0.0,0.0,XLP
2022-09-14 00:00:00-04:00,65.5189457584315,65.60082973295991,64.90933497858157,65.2914810180664,12291500,0.0,0.0,0.0,XLP
2022-09-15 00:00:00-04:00,65.25509381059418,65.31878366802196,64.57269950600767,64.74557495117188,11234700,0.0,0.0,0.0,XLP
2022-09-16 00:00:00-04:00,64.51810654349374,64.97303605422206,64.50900600961062,64.9002456665039,13452600,0.0,0.0,0.0,XLP
2022-09-19 00:00:00-04:00,64.65389998901526,65.37736516306137,64.65389998901526,65.33157348632812,9370400,0.461,0.0,0.0,XLP
2022-09-20 00:00:00-04:00,64.90116174132046,65.12094641142659,64.47074514669231,64.97441864013672,9169900,0.0,0.0,0.0,XLP
2022-09-21 00:00:00-04:00,65.36821449373578,66.00926312273896,64.69054090246262,64.7271728515625,14189700,0.0,0.0,0.0,XLP
2022-09-22 00:00:00-04:00,64.78211804028908,65.0751666496894,64.51654164632787,64.6355972290039,10428400,0.0,0.0,0.0,XLP
2022-09-23 00:00:00-04:00,64.27842854938967,64.27842854938967,62.87729001405787,63.536643981933594,15909500,0.0,0.0,0.0,XLP
2022-09-26 00:00:00-04:00,63.39929810738473,64.1319161314726,63.28024252568339,63.58245086669922,11638000,0.0,0.0,0.0,XLP
2022-09-27 00:00:00-04:00,63.89380432781709,64.2418043105353,62.36445731092844,62.48351287841797,17159300,0.0,0.0,0.0,XLP
2022-09-28 00:00:00-04:00,62.767402723084274,63.545812349966546,62.21793751509851,63.23445129394531,14259200,0.0,0.0,0.0,XLP
2022-09-29 00:00:00-04:00,63.087926080457756,63.21613440131277,61.80583588507813,62.190467834472656,13508200,0.0,0.0,0.0,XLP
2022-09-30 00:00:00-04:00,62.34613482480128,62.44687091027918,61.06404490794174,61.10983657836914,13427400,0.0,0.0,0.0,XLP
2022-10-03 00:00:00-04:00,61.54942116017842,62.31867809609466,61.21058088060666,62.16299057006836,12703300,0.0,0.0,0.0,XLP
2022-10-04 00:00:00-04:00,62.538473579527825,63.43593200818654,62.52931384422248,63.106258392333984,13366400,0.0,0.0,0.0,XLP
2022-10-05 00:00:00-04:00,62.77657259466961,63.07877396642881,62.08057949250807,62.73994064331055,10596100,0.0,0.0,0.0,XLP
2022-10-06 00:00:00-04:00,62.72161986520177,62.83151571698541,61.68679346151902,61.824161529541016,10607000,0.0,0.0,0.0,XLP
2022-10-07 00:00:00-04:00,61.70508594556381,61.778349823009,60.661100145867465,60.89920425415039,13741600,0.0,0.0,0.0,XLP
2022-10-10 00:00:00-04:00,61.009118248513474,61.37542377122754,60.606173789332026,61.1190071105957,11799000,0.0,0.0,0.0,XLP
2022-10-11 00:00:00-04:00,61.155635878717746,62.18130945471621,61.054899769163,61.622684478759766,10783400,0.0,0.0,0.0,XLP
2022-10-12 00:00:00-04:00,62.22708734354601,62.65750394878212,61.94319851321107,61.95235824584961,10963200,0.0,0.0,0.0,XLP
2022-10-13 00:00:00-04:00,61.35711137374483,63.216139152698325,61.07322249720414,62.97803497314453,18475600,0.0,0.0,0.0,XLP
2022-10-14 00:00:00-04:00,63.35349508000622,63.426758965345286,61.74172453669018,61.84246063232422,11611200,0.0,0.0,0.0,XLP
2022-10-17 00:00:00-04:00,62.49266686191968,62.822347385323276,62.3644585457993,62.510986328125,9105200,0.0,0.0,0.0,XLP
2022-10-18 00:00:00-04:00,63.445079319534706,63.756447377465584,62.95055851234769,63.32603073120117,11000700,0.0,0.0,0.0,XLP
2022-10-19 00:00:00-04:00,63.41761067443491,63.75645096513831,62.77656902913649,63.03298568725586,8985300,0.0,0.0,0.0,XLP
2022-10-20 00:00:00-04:00,63.06045326743751,63.206974066951894,62.09888388333724,62.15383529663086,10023200,0.0,0.0,0.0,XLP
2022-10-21 00:00:00-04:00,62.117216584283604,63.261938958370365,61.91574432855138,63.106258392333984,9613300,0.0,0.0,0.0,XLP
2022-10-24 00:00:00-04:00,63.55498031402683,64.3700219919079,63.417612247532574,64.24181365966797,11076000,0.0,0.0,0.0,XLP
2022-10-25 00:00:00-04:00,64.3883195206997,65.16673605445222,64.02201407755553,65.08431243896484,10619600,0.0,0.0,0.0,XLP
2022-10-26 00:00:00-04:00,65.23084353187878,65.981780907541,65.0293713357791,65.51473236083984,9483700,0.0,0.0,0.0,XLP
2022-10-27 00:00:00-04:00,65.57883899319421,66.00009587967004,65.46894315839783,65.5696792602539,9988200,0.0,0.0,0.0,XLP
2022-10-28 00:00:00-04:00,65.68873875618654,67.12650949331326,65.66125955572237,67.00745391845703,9545400,0.0,0.0,0.0,XLP
2022-10-31 00:00:00-04:00,66.81514256829504,67.02577452111225,66.43967733087692,66.6136703491211,9201000,0.0,0.0,0.0,XLP
2022-11-01 00:00:00-04:00,66.77849554818084,67.0990162850549,66.1649262823322,66.40303039550781,9535200,0.0,0.0,0.0,XLP
2022-11-02 00:00:00-04:00,66.26568231521698,66.92504345058512,65.21253644549451,65.2491683959961,16291600,0.0,0.0,0.0,XLP
2022-11-03 00:00:00-04:00,64.69969265454837,65.32242173876158,64.55316487622572,65.02937316894531,10624500,0.0,0.0,0.0,XLP
2022-11-04 00:00:00-04:00,65.80777423361633,66.16492691337201,64.93778836997106,65.79861450195312,11938600,0.0,0.0,0.0,XLP
2022-11-07 00:00:00-05:00,65.93598317891589,66.50376777154803,65.80777488168091,66.38471221923828,7133600,0.0,0.0,0.0,XLP
2022-11-08 00:00:00-05:00,66.58618609917508,66.98913046468842,65.89019319151433,66.5770263671875,9091700,0.0,0.0,0.0,XLP
2022-11-09 00:00:00-05:00,66.41218692582518,66.824291028292,65.79861762500241,65.85356903076172,9465200,0.0,0.0,0.0,XLP
2022-11-10 00:00:00-05:00,67.26387704893583,67.57524513609498,66.28399507609147,67.4012451171875,19286100,0.0,0.0,0.0,XLP
2022-11-11 00:00:00-05:00,67.58438837471846,67.6576452713196,66.27482615243528,67.32796478271484,14289300,0.0,0.0,0.0,XLP
2022-11-14 00:00:00-05:00,67.26387083095216,67.86828748065417,66.76019727636334,66.79682922363281,14803000,0.0,0.0,0.0,XLP
2022-11-15 00:00:00-05:00,67.63933468450568,67.85911935410937,66.80597370756419,67.3554458618164,15064200,0.0,0.0,0.0,XLP
2022-11-16 00:00:00-05:00,67.44702312075206,68.02396050618255,67.41039117752696,67.68512725830078,9748600,0.0,0.0,0.0,XLP
2022-11-17 00:00:00-05:00,67.08987168561262,67.70344102595402,67.08987168561262,67.66680908203125,7827000,0.0,0.0,0.0,XLP
2022-11-18 00:00:00-05:00,68.21626645146681,68.47268304271887,67.93237765212747,68.39026641845703,9070800,0.0,0.0,0.0,XLP
2022-11-21 00:00:00-05:00,68.51847340442849,69.14120239420704,68.38110537978963,69.04046630859375,8054900,0.0,0.0,0.0,XLP
2022-11-22 00:00:00-05:00,69.55331168178779,69.60826309337925,69.28774230421736,69.54415893554688,6307100,0.0,0.0,0.0,XLP
2022-11-23 00:00:00-05:00,69.59910433708069,69.91962513074085,69.50752796558196,69.78225708007812,6286400,0.0,0.0,0.0,XLP
2022-11-25 00:00:00-05:00,69.87384038518381,69.88299313154621,69.69068065549659,69.82804870605469,2978000,0.0,0.0,0.0,XLP
2022-11-28 00:00:00-05:00,69.57163684563668,69.94710209031032,69.4617410002828,69.5624771118164,8698300,0.0,0.0,0.0,XLP
2022-11-29 00:00:00-05:00,69.37932151553146,69.52584231650731,68.93974513894496,69.2968978881836,7755100,0.0,0.0,0.0,XLP
2022-11-30 00:00:00-05:00,69.25110277690524,70.70718576832174,68.88479034932719,70.68887329101562,11704200,0.0,0.0,0.0,XLP
2022-12-01 00:00:00-05:00,70.56067426190687,70.64309090085754,70.07530621415643,70.36835479736328,10215700,0.0,0.0,0.0,XLP
2022-12-02 00:00:00-05:00,69.85551234360486,70.78044965120303,69.77309571548473,70.68887329101562,6087200,0.0,0.0,0.0,XLP
2022-12-05 00:00:00-05:00,69.9287912148501,70.01120786063521,69.59911065804978,69.80058288574219,8632900,0.0,0.0,0.0,XLP
2022-12-06 00:00:00-05:00,69.873835824702,70.13940518846421,69.03131509678846,69.37015533447266,8136300,0.0,0.0,0.0,XLP
2022-12-07 00:00:00-05:00,69.49837535687932,69.80974343608943,69.37016702627221,69.66321563720703,7298700,0.0,0.0,0.0,XLP
2022-12-08 00:00:00-05:00,69.55331298407849,70.04783377668574,69.46173661215033,70.03868103027344,7803400,0.0,0.0,0.0,XLP
2022-12-09 00:00:00-05:00,69.69983951628988,70.00204782636925,69.48920757649327,69.49836730957031,9761700,0.0,0.0,0.0,XLP
2022-12-12 00:00:00-05:00,69.62658609655949,70.24015555524151,69.40680137746136,70.23100280761719,6996800,0.0,0.0,0.0,XLP
2022-12-13 00:00:00-05:00,70.92698648167503,71.08267401473866,69.69068787228636,70.13026428222656,11349000,0.0,0.0,0.0,XLP
2022-12-14 00:00:00-05:00,70.2401532026122,70.76214625975551,69.67237544839003,70.08447265625,13820200,0.0,0.0,0.0,XLP
2022-12-15 00:00:00-05:00,69.498376387079,69.63574445386001,68.38112635794424,68.89396667480469,11281000,0.0,0.0,0.0,XLP
2022-12-16 00:00:00-05:00,68.53680290801017,68.77490707741762,67.95986544538454,68.55512237548828,14561500,0.0,0.0,0.0,XLP
2022-12-19 00:00:00-05:00,68.53941847704631,69.12050002359892,68.10591543023092,68.51174926757812,8093900,0.533,0.0,0.0,XLP
2022-12-20 00:00:00-05:00,68.39187229895458,68.72391700919127,68.0782713895387,68.45643615722656,7368900,0.0,0.0,0.0,XLP
2022-12-21 00:00:00-05:00,68.78846572867477,69.40643495569587,68.74234568137358,69.13895416259766,7953100,0.0,0.0,0.0,XLP
2022-12-22 00:00:00-05:00,68.8899294109424,69.0190571088297,68.21661466887423,68.98216247558594,6888300,0.0,0.0,0.0,XLP
2022-12-23 00:00:00-05:00,69.0190539390529,69.38799321761485,68.78846776956809,69.34187316894531,4874700,0.0,0.0,0.0,XLP
2022-12-27 00:00:00-05:00,69.43411568785613,69.81228043505291,69.28654417848762,69.6739273071289,4839700,0.0,0.0,0.0,XLP
2022-12-28 00:00:00-05:00,69.87683079709831,69.96906385226062,68.8069076538086,68.8069076538086,5028900,0.0,0.0,0.0,XLP
2022-12-29 00:00:00-05:00,69.08361461418212,69.35109540293925,68.97293072461436,69.10205841064453,5574800,0.0,0.0,0.0,XLP
2022-12-30 00:00:00-05:00,68.96372845837112,69.0190739401995,68.26275136659072,68.76081848144531,6249900,0.0,0.0,0.0,XLP
2023-01-03 00:00:00-05:00,68.7976982852996,68.82537454154213,67.81078958729655,68.50254821777344,14433300,0.0,0.0,0.0,XLP
2023-01-04 00:00:00-05:00,68.69623730229763,69.19429725468584,68.33651639034572,68.77001953125,12197300,0.0,0.0,0.0,XLP
2023-01-05 00:00:00-05:00,68.64089317784884,68.7054570275281,67.93991624902587,68.07826232910156,9848200,0.0,0.0,0.0,XLP
2023-01-06 00:00:00-05:00,68.95449045053883,70.17198515025287,68.89914498446217,69.89527893066406,9982400,0.0,0.0,0.0,XLP
2023-01-09 00:00:00-05:00,69.84917344739043,70.32878963785083,69.21275329589844,69.21275329589844,11081800,0.0,0.0,0.0,XLP
2023-01-10 00:00:00-05:00,69.2957546235122,69.40643852056128,68.88992774152871,69.12051391601562,8427900,0.0,0.0,0.0,XLP
2023-01-11 00:00:00-05:00,69.35110121324168,69.55401817598428,68.54865877974093,69.15740966796875,9848300,0.0,0.0,0.0,XLP
2023-01-12 00:00:00-05:00,69.3049864314865,69.3142118496575,68.44720550182141,68.61322784423828,9841300,0.0,0.0,0.0,XLP
2023-01-13 00:00:00-05:00,68.42875740898381,68.95449362082888,68.38263735795475,68.93604278564453,9274200,0.0,0.0,0.0,XLP
2023-01-17 00:00:00-05:00,69.04672632452959,69.56323711607881,68.88070399339851,68.98216247558594,9006800,0.0,0.0,0.0,XLP
2023-01-18 00:00:00-05:00,68.81614787287728,68.86226792884446,66.99912744391825,67.1005859375,16069900,0.0,0.0,0.0,XLP
2023-01-19 00:00:00-05:00,66.83310406514612,67.13747954120505,66.44572093394335,66.46416473388672,12421500,0.0,0.0,0.0,XLP
2023-01-20 00:00:00-05:00,66.51026939982064,67.00833632623691,66.03987168538346,66.98066711425781,12349600,0.0,0.0,0.0,XLP
2023-01-23 00:00:00-05:00,67.10981003320268,67.5340877993936,66.91611846843719,67.19281768798828,12000200,0.0,0.0,0.0,XLP
2023-01-24 00:00:00-05:00,67.17437052726729,67.65398670598586,66.77776199918127,67.46952056884766,13465600,0.0,0.0,0.0,XLP
2023-01-25 00:00:00-05:00,67.06367240149952,67.63552856445312,66.7316277955175,67.63552856445312,11606800,0.0,0.0,0.0,XLP
2023-01-26 00:00:00-05:00,67.56174374944597,67.61708217510198,67.17436069599177,67.39572143554688,8081500,0.0,0.0,0.0,XLP
2023-01-27 00:00:00-05:00,67.3496054862849,67.50640943006674,66.87921476573376,67.20203399658203,10341700,0.0,0.0,0.0,XLP
2023-01-30 00:00:00-05:00,67.06369626409536,67.7923495733291,67.06369626409536,67.2850570678711,10463100,0.0,0.0,0.0,XLP
2023-01-31 00:00:00-05:00,67.41416931353,68.02292018032851,67.21125939486195,68.0136947631836,8002700,0.0,0.0,0.0,XLP
2023-02-01 00:00:00-05:00,67.95836630806039,68.86226732377393,67.66321624848848,68.55789184570312,15447600,0.0,0.0,0.0,XLP
2023-02-02 00:00:00-05:00,68.0967180406363,68.41031189383932,67.66321486020549,67.96759033203125,12238800,0.0,0.0,0.0,XLP
2023-02-03 00:00:00-05:00,68.17050921904766,68.18895301925014,67.20204434050267,67.70011138916016,12874800,0.0,0.0,0.0,XLP
2023-02-06 00:00:00-05:00,67.58942002529797,67.91223927024407,67.54330701140954,67.78311157226562,7208900,0.0,0.0,0.0,XLP
2023-02-07 00:00:00-05:00,67.29426018907708,67.62630480318371,66.8238624796042,67.49717712402344,9268200,0.0,0.0,0.0,XLP
2023-02-08 00:00:00-05:00,67.12823859045662,67.24814789160715,66.86075781310728,66.98066711425781,8933500,0.0,0.0,0.0,XLP
2023-02-09 00:00:00-05:00,67.33116245586717,67.57097404591383,66.60250930540614,66.6855239868164,8341500,0.0,0.0,0.0,XLP
2023-02-10 00:00:00-05:00,66.68553558216995,67.35884338312245,66.5471824470502,67.30350494384766,8197200,0.0,0.0,0.0,XLP
2023-02-13 00:00:00-05:00,67.50641515463322,68.09671523736525,67.46952051984596,68.06904602050781,7440500,0.0,0.0,0.0,XLP
2023-02-14 00:00:00-05:00,68.02292900218512,68.05059822027683,67.22048649286369,67.4510726928711,9344700,0.0,0.0,0.0,XLP
2023-02-15 00:00:00-05:00,67.31271879742377,67.5986434004613,67.03601257472634,67.58019256591797,9006000,0.0,0.0,0.0,XLP
2023-02-16 00:00:00-05:00,66.98067750503138,67.49718830725024,66.69474585071859,67.09135437011719,8355100,0.0,0.0,0.0,XLP
2023-02-17 00:00:00-05:00,66.89767595748333,67.98604324514298,66.89767595748333,67.9583740234375,11116000,0.0,0.0,0.0,XLP
2023-02-21 00:00:00-05:00,67.68166055202514,68.05982530703514,67.34039747128517,67.70011138916016,8974700,0.0,0.0,0.0,XLP
2023-02-22 00:00:00-05:00,67.7923472770432,68.26274512644959,67.43263334424209,67.5986557006836,8851000,0.0,0.0,0.0,XLP
2023-02-23 00:00:00-05:00,67.66320352049149,67.84766963417468,67.10057272574723,67.515625,12700000,0.0,0.0,0.0,XLP
2023-02-24 00:00:00-05:00,67.01756954313007,67.17436645388275,66.65784863473915,67.06368255615234,11340600,0.0,0.0,0.0,XLP
2023-02-27 00:00:00-05:00,67.38650721759159,67.57098039532005,66.84232717639004,66.98989868164062,10162300,0.0,0.0,0.0,XLP
2023-02-28 00:00:00-05:00,66.713199166789,66.8331014540676,66.4088237026216,66.43649291992188,9757300,0.0,0.0,0.0,XLP
2023-03-01 00:00:00-05:00,66.23358702938353,66.30737631248923,65.42192602602088,65.94766235351562,10475000,0.0,0.0,0.0,XLP
2023-03-02 00:00:00-05:00,65.95687175243471,66.98067493681455,65.8923079046329,66.85154724121094,9876000,0.0,0.0,0.0,XLP
2023-03-03 00:00:00-05:00,66.851560057505,66.97146235871467,66.28892911725504,66.90689849853516,12384300,0.0,0.0,0.0,XLP
2023-03-06 00:00:00-05:00,66.72240953960413,67.18358187107586,66.69474032562484,67.0821304321289,8356000,0.0,0.0,0.0,XLP
2023-03-07 00:00:00-05:00,67.09136045343514,67.31272827754246,66.30736876128618,66.41805267333984,10059400,0.0,0.0,0.0,XLP
2023-03-08 00:00:00-05:00,66.35349156130486,66.60252157755875,66.12290534602307,66.52873229980469,11170800,0.0,0.0,0.0,XLP
2023-03-09 00:00:00-05:00,66.78698302893807,66.89765988917624,65.71705980042503,65.91075134277344,15612700,0.0,0.0,0.0,XLP
2023-03-10 00:00:00-05:00,66.03989104508126,66.29814648183527,65.34813239509033,65.58794403076172,19026300,0.0,0.0,0.0,XLP
2023-03-13 00:00:00-04:00,65.52336678763501,66.94377843657878,65.48647215607305,65.91997528076172,29831400,0.0,0.0,0.0,XLP
2023-03-14 00:00:00-04:00,66.11367440499879,66.55640299761185,65.88308820897646,66.5195083618164,19139200,0.0,0.0,0.0,XLP
2023-03-15 00:00:00-04:00,66.0859961074845,67.03600997865996,65.93841758457933,66.95299530029297,21438000,0.0,0.0,0.0,XLP
2023-03-16 00:00:00-04:00,66.90689717016004,67.06369410792111,66.52873239880739,66.99913024902344,15712500,0.0,0.0,0.0,XLP
2023-03-17 00:00:00-04:00,66.9068776215114,67.0175615059679,66.21511917675251,66.51026916503906,13283900,0.0,0.0,0.0,XLP
2023-03-20 00:00:00-04:00,66.76514459536068,67.49730068482961,66.737342363101,67.43242645263672,14130900,0.345,0.0,0.0,XLP
2023-03-21 00:00:00-04:00,67.53437356535933,67.68265449626469,66.90416369979906,67.37681579589844,12499700,0.0,0.0,0.0,XLP
2023-03-22 00:00:00-04:00,67.49728506051682,67.78458415504389,66.74658960947221,66.755859375,11942200,0.0,0.0,0.0,XLP
2023-03-23 00:00:00-04:00,66.93197086554034,67.17293535062771,66.24615648418879,66.49638366699219,12160300,0.0,0.0,0.0,XLP
2023-03-24 00:00:00-04:00,66.67245620084094,67.69191126892444,66.59831221424149,67.62703704833984,12352500,0.0,0.0,0.0,XLP
2023-03-27 00:00:00-04:00,67.85874640377001,68.2943335809543,67.84947663574702,67.98849487304688,10865500,0.0,0.0,0.0,XLP
2023-03-28 00:00:00-04:00,68.09043055028441,68.479675897755,68.01628655912043,68.10896301269531,11593400,0.0,0.0,0.0,XLP
2023-03-29 00:00:00-04:00,68.48895263671875,68.5630966354308,68.31286240746785,68.48895263671875,9483400,0.0,0.0,0.0,XLP
2023-03-30 00:00:00-04:00,68.6650160732938,68.85964578170176,68.47039343564471,68.68355560302734,10737800,0.0,0.0,0.0,XLP
2023-03-31 00:00:00-04:00,69.03574682673462,69.2674415132917,68.91526813519879,69.23963928222656,10338700,0.0,0.0,0.0,XLP
2023-04-03 00:00:00-04:00,69.28598047101535,69.74936984027165,69.02648355555353,69.60108184814453,9607700,0.0,0.0,0.0,XLP
2023-04-04 00:00:00-04:00,69.5732750077228,69.8698439015672,69.31377810945398,69.4620590209961,7272900,0.0,0.0,0.0,XLP
2023-04-05 00:00:00-04:00,69.65670476812798,70.09228490699908,69.65670476812798,69.78645324707031,12409900,0.0,0.0,0.0,XLP
2023-04-06 00:00:00-04:00,69.72157756667518,69.96253498215296,69.42500861082729,69.84205627441406,8616800,0.0,0.0,0.0,XLP
2023-04-10 00:00:00-04:00,69.60109178817464,69.86058874069634,69.1747743560659,69.84205627441406,9423400,0.0,0.0,0.0,XLP
2023-04-11 00:00:00-04:00,69.97180783334285,70.24057456622727,69.91620336128469,70.04595184326172,12944300,0.0,0.0,0.0,XLP
2023-04-12 00:00:00-04:00,70.0366659991893,70.26836067393462,69.63815087579691,69.73082733154297,10386400,0.0,0.0,0.0,XLP
2023-04-13 00:00:00-04:00,69.75863643659514,70.15715159926515,69.43426527413375,70.12008666992188,12919000,0.0,0.0,0.0,XLP
2023-04-14 00:00:00-04:00,69.93473652954404,70.2405752704542,69.48061683807147,69.67523956298828,8789700,0.0,0.0,0.0,XLP
2023-04-17 00:00:00-04:00,69.81424797213212,70.12934936687718,69.73083420420717,70.12008666992188,9683400,0.0,0.0,0.0,XLP
2023-04-18 00:00:00-04:00,70.11081938598592,70.398118558521,69.88839444824139,70.33324432373047,7233100,0.0,0.0,0.0,XLP
2023-04-19 00:00:00-04:00,70.41666656669592,70.4908035076896,70.07375581539691,70.28691101074219,6283600,0.0,0.0,0.0,XLP
2023-04-20 00:00:00-04:00,70.03666488378336,70.67614443853941,69.99959288792327,70.4537124633789,7329500,0.0,0.0,0.0,XLP
2023-04-21 00:00:00-04:00,70.92636794744074,71.33415281030153,70.81515903630405,70.96343994140625,10431000,0.0,0.0,0.0,XLP
2023-04-24 00:00:00-04:00,70.96345612973641,71.29709708077704,70.96345612973641,71.2507553100586,8723100,0.0,0.0,0.0,XLP
2023-04-25 00:00:00-04:00,71.23220978715254,71.70486889294719,71.07465910880771,71.15806579589844,12179700,0.0,0.0,0.0,XLP
2023-04-26 00:00:00-04:00,70.82442992364284,71.10246637516339,70.56493300662936,70.60200500488281,8778800,0.0,0.0,0.0,XLP
2023-04-27 00:00:00-04:00,70.63906683701926,71.46389923485981,70.5927250781816,71.38975524902344,11287800,0.0,0.0,0.0,XLP
2023-04-28 00:00:00-04:00,71.57513741172548,71.89950861190958,71.39904715844187,71.76976013183594,9757600,0.0,0.0,0.0,XLP
2023-05-01 00:00:00-04:00,71.64926529874604,72.12192445688414,71.63073283426027,71.82535552978516,10860800,0.0,0.0,0.0,XLP
2023-05-02 00:00:00-04:00,71.76047049004016,71.79754248418922,70.90783583689168,71.63072204589844,19136000,0.0,0.0,0.0,XLP
2023-05-03 00:00:00-04:00,71.41756557089136,71.71413447709196,71.02832020727064,71.04685974121094,11656600,0.0,0.0,0.0,XLP
2023-05-04 00:00:00-04:00,71.12099281459959,71.23220879993939,70.63907101964732,70.87076568603516,11682600,0.0,0.0,0.0,XLP
2023-05-05 00:00:00-04:00,70.98198255482136,71.58439016908727,70.89857585954006,71.5287857055664,10479400,0.0,0.0,0.0,XLP
2023-05-08 00:00:00-04:00,71.27857074630306,71.40831923056183,71.07467825082153,71.31563568115234,8069200,0.0,0.0,0.0,XLP
2023-05-09 00:00:00-04:00,71.32490303714901,71.32490303714901,70.96345983311922,71.09320831298828,6939500,0.0,0.0,0.0,XLP
2023-05-10 00:00:00-04:00,71.11175018379457,71.41758185594237,70.4908029288909,70.98199462890625,12259100,0.0,0.0,0.0,XLP
2023-05-11 00:00:00-04:00,70.96344235682491,71.24147878565,70.57419701307786,71.19513702392578,11790600,0.0,0.0,0.0,XLP
2023-05-12 00:00:00-04:00,71.26929021353465,71.50098491054175,71.12100221348481,71.47318267822266,7012000,0.0,0.0,0.0,XLP
2023-05-15 00:00:00-04:00,71.58438776928774,71.67706422896926,70.98198017521698,71.29708862304688,8652200,0.0,0.0,0.0,XLP
2023-05-16 00:00:00-04:00,71.1951329315212,71.1951329315212,70.59272541753421,70.69467163085938,11310700,0.0,0.0,0.0,XLP
2023-05-17 00:00:00-04:00,70.88004767064301,70.88931036794794,70.22202848240482,70.6576156616211,10891300,0.0,0.0,0.0,XLP
2023-05-18 00:00:00-04:00,70.39812686376726,70.49080334286425,69.88840269335273,70.3147201538086,10765300,0.0,0.0,0.0,XLP
2023-05-19 00:00:00-04:00,70.46299207256774,70.54640584259454,70.04594443471743,70.36104583740234,10457600,0.0,0.0,0.0,XLP
2023-05-22 00:00:00-04:00,70.17568634271369,70.29616503175495,69.25817738275805,69.29524230957031,14575700,0.0,0.0,0.0,XLP
2023-05-23 00:00:00-04:00,69.10989362109635,69.16549808547758,68.6928459967151,68.7855224609375,13700400,0.0,0.0,0.0,XLP
2023-05-24 00:00:00-04:00,68.81334226360852,68.8596840429329,68.28507850481941,68.34068298339844,11901800,0.0,0.0,0.0,XLP
2023-05-25 00:00:00-04:00,67.73825676630211,68.06263499174503,67.31193938146843,67.82167053222656,17725000,0.0,0.0,0.0,XLP
2023-05-26 00:00:00-04:00,67.75678348907475,68.16456833257271,67.52508884086174,68.05335235595703,15531000,0.0,0.0,0.0,XLP
2023-05-30 00:00:00-04:00,67.65484686767041,67.82166732085946,67.05243928277876,67.27486419677734,22766900,0.0,0.0,0.0,XLP
2023-05-31 00:00:00-04:00,67.35826878923069,67.71971187681011,67.01535816247811,67.3489990234375,22328600,0.0,0.0,0.0,XLP
2023-06-01 00:00:00-04:00,67.33048325648764,67.40462725969729,66.95050054310916,67.29341125488281,13836100,0.0,0.0,0.0,XLP
2023-06-02 00:00:00-04:00,67.3212078077058,68.26652609195783,67.30267534384787,68.22018432617188,14719800,0.0,0.0,0.0,XLP
2023-06-05 00:00:00-04:00,68.11824344989296,68.60943509446834,67.84947674289182,67.96995544433594,9629600,0.0,0.0,0.0,XLP
2023-06-06 00:00:00-04:00,68.03482190387714,68.16457034504633,67.23779172483229,67.62703704833984,10796900,0.0,0.0,0.0,XLP
2023-06-07 00:00:00-04:00,67.19145509949945,67.58997021947172,66.98756265615174,67.40461730957031,13595100,0.0,0.0,0.0,XLP
2023-06-08 00:00:00-04:00,67.47876660859457,67.88655157008931,67.32121589920307,67.8680191040039,8881300,0.0,0.0,0.0,XLP
2023-06-09 00:00:00-04:00,67.6363267093292,67.96996060564446,67.49730846125344,67.75680541992188,8756200,0.0,0.0,0.0,XLP
2023-06-12 00:00:00-04:00,67.8401969534925,67.90507117865015,67.39534714405727,67.73825073242188,11357600,0.0,0.0,0.0,XLP
2023-06-13 00:00:00-04:00,67.64558344809517,68.11824262160927,67.55290698112957,68.01629638671875,8401800,0.0,0.0,0.0,XLP
2023-06-14 00:00:00-04:00,68.33139520086543,68.66502902063114,68.12750275990402,68.43333435058594,13849900,0.0,0.0,0.0,XLP
2023-06-15 00:00:00-04:00,68.67430658504988,69.28598397738861,68.54455812075275,69.1191635131836,16251200,0.0,0.0,0.0,XLP
2023-06-16 00:00:00-04:00,69.33231651445459,69.55474850697304,69.13769382407153,69.20256805419922,12672900,0.0,0.0,0.0,XLP
2023-06-20 00:00:00-04:00,69.11484774914909,69.32951512304112,68.65749928648111,68.6761703491211,9731800,0.526,0.0,0.0,XLP
2023-06-21 00:00:00-04:00,68.63882144759489,69.1428332229686,68.37748359093946,68.9188232421875,13633500,0.0,0.0,0.0,XLP
2023-06-22 00:00:00-04:00,69.27350413486359,69.42283700540443,69.04950126859093,69.3201675415039,17247600,0.0,0.0,0.0,XLP
2023-06-23 00:00:00-04:00,69.43216202660369,69.43216202660369,68.82548086471832,68.8628158569336,9706900,0.0,0.0,0.0,XLP
2023-06-26 00:00:00-04:00,68.86282756308003,68.98416808863703,68.37748682362056,68.95616149902344,8955400,0.0,0.0,0.0,XLP
2023-06-27 00:00:00-04:00,68.76949222789753,69.22683348936083,68.75082828945774,69.1614990234375,8965400,0.0,0.0,0.0,XLP
2023-06-28 00:00:00-04:00,68.84417186025819,68.89083527335093,68.32148893878409,68.69483184814453,12800400,0.0,0.0,0.0,XLP
2023-06-29 00:00:00-04:00,68.35882789585379,68.74150635833733,68.13482498565014,68.62950134277344,10018000,0.0,0.0,0.0,XLP
2023-06-30 00:00:00-04:00,68.78816739297936,69.32951426807955,68.73216844759793,69.22684478759766,14266200,0.0,0.0,0.0,XLP
2023-07-03 00:00:00-04:00,69.124172150391,69.7681884765625,68.93750426036159,69.7681884765625,12817100,0.0,0.0,0.0,XLP
2023-07-05 00:00:00-04:00,69.47884664733438,69.71218505534299,69.39484111757127,69.6468505859375,17579200,0.0,0.0,0.0,XLP
2023-07-06 00:00:00-04:00,69.32951608080954,69.50685557371942,69.11484870395194,69.46952056884766,14881300,0.0,0.0,0.0,XLP
2023-07-07 00:00:00-04:00,69.30150578763217,69.30150578763217,68.51749217050198,68.56415557861328,16405400,0.0,0.0,0.0,XLP
2023-07-10 00:00:00-04:00,68.66682749010592,69.21750984443652,68.46148854852241,68.54549407958984,11953600,0.0,0.0,0.0,XLP
2023-07-11 00:00:00-04:00,68.60148468737533,68.7508246707239,68.2374773791161,68.64815521240234,9812500,0.0,0.0,0.0,XLP
2023-07-12 00:00:00-04:00,68.76949635981777,68.99349923916769,68.65749135968123,68.80683135986328,12680900,0.0,0.0,0.0,XLP
2023-07-13 00:00:00-04:00,68.92816457878757,69.21750904810969,68.64816276060493,69.0961685180664,10581500,0.0,0.0,0.0,XLP
2023-07-14 00:00:00-04:00,69.11484618078393,69.45085409143918,68.90950722194752,69.32951354980469,12475600,0.0,0.0,0.0,XLP
2023-07-17 00:00:00-04:00,69.06816183299969,69.3574991511725,68.87215844447078,69.12416076660156,9496300,0.0,0.0,0.0,XLP
2023-07-18 00:00:00-04:00,69.05882792025582,69.63750969106934,68.83482505968263,69.04949951171875,10124100,0.0,0.0,0.0,XLP
2023-07-19 00:00:00-04:00,69.27351458410045,69.8241898636103,69.2268440494976,69.74952697753906,14718700,0.0,0.0,0.0,XLP
2023-07-20 00:00:00-04:00,69.81485153036266,70.44019672798473,69.66551153759889,70.34686279296875,16106300,0.0,0.0,0.0,XLP
2023-07-21 00:00:00-04:00,70.45886962439926,70.78554199894799,70.37487120848259,70.58953857421875,13836800,0.0,0.0,0.0,XLP
2023-07-24 00:00:00-04:00,70.57086925444538,70.96287607402593,70.5055347845153,70.8602066040039,10692500,0.0,0.0,0.0,XLP
2023-07-25 00:00:00-04:00,70.77621063279955,70.86020904520784,70.47753774269768,70.84154510498047,8576600,0.0,0.0,0.0,XLP
2023-07-26 00:00:00-04:00,70.65486371453083,71.1308760379411,70.5428658414386,70.925537109375,10506500,0.0,0.0,0.0,XLP
2023-07-27 00:00:00-04:00,71.05620793381371,71.22421186884796,70.3001937866211,70.3001937866211,10008500,0.0,0.0,0.0,XLP
2023-07-28 00:00:00-04:00,70.91620799959684,71.30821479339039,70.72953301141703,71.02820587158203,9672400,0.0,0.0,0.0,XLP
2023-07-31 00:00:00-04:00,70.93487649546205,71.14955096543082,70.43086467637825,70.7015380859375,10057100,0.0,0.0,0.0,XLP
2023-08-01 00:00:00-04:00,70.60820739840393,70.9068802915148,70.26286397286935,70.31886291503906,9376700,0.0,0.0,0.0,XLP
2023-08-02 00:00:00-04:00,70.03885815466373,71.00954679691651,70.03885815466373,70.57086944580078,11509700,0.0,0.0,0.0,XLP
2023-08-03 00:00:00-04:00,70.53353107344117,70.7108705356494,70.33752767249024,70.37486267089844,8774900,0.0,0.0,0.0,XLP
2023-08-04 00:00:00-04:00,70.46819191529482,70.63619583648605,69.60950837183842,69.67484283447266,10022800,0.0,0.0,0.0,XLP
2023-08-07 00:00:00-04:00,69.80551669878392,70.31885690696761,69.78684563904031,70.24419403076172,8875600,0.0,0.0,0.0,XLP
2023-08-08 00:00:00-04:00,70.19752223175901,70.27219222753624,69.5535059797952,69.74018096923828,11413600,0.0,0.0,0.0,XLP
2023-08-09 00:00:00-04:00,69.7775305105426,70.20687239436336,69.66552549353207,69.84286499023438,11912200,0.0,0.0,0.0,XLP
2023-08-10 00:00:00-04:00,70.06685769288111,70.49619951413628,69.60951640168456,69.70285034179688,10357700,0.0,0.0,0.0,XLP
2023-08-11 00:00:00-04:00,69.73085194958736,69.99218983828335,69.56284800386517,69.81485748291016,7472500,0.0,0.0,0.0,XLP
2023-08-14 00:00:00-04:00,69.90819797493586,70.09486587837065,69.34818714370745,69.46952056884766,11483800,0.0,0.0,0.0,XLP
2023-08-15 00:00:00-04:00,69.27350643231156,69.38550430870093,68.69482462758235,68.72282409667969,13257500,0.0,0.0,0.0,XLP
2023-08-16 00:00:00-04:00,69.00283291621263,69.19883632049518,68.48015717145917,68.56415557861328,14814900,0.0,0.0,0.0,XLP
2023-08-17 00:00:00-04:00,68.58281755025492,68.76014987105516,67.79879691609729,67.9014663696289,11798000,0.0,0.0,0.0,XLP
2023-08-18 00:00:00-04:00,67.78947317521131,68.29348500175738,67.72413870441405,68.15348052978516,12334500,0.0,0.0,0.0,XLP
2023-08-21 00:00:00-04:00,67.97614540713941,68.10681434340732,67.40679913300517,67.69613647460938,12005400,0.0,0.0,0.0,XLP
2023-08-22 00:00:00-04:00,67.48146522933031,67.5561281022214,67.22012025098263,67.31346130371094,11496100,0.0,0.0,0.0,XLP
2023-08-23 00:00:00-04:00,67.54680725428604,67.761474609375,67.43480225102874,67.761474609375,10796800,0.0,0.0,0.0,XLP
2023-08-24 00:00:00-04:00,67.5281316887346,68.13481295429301,67.20145935217941,67.22012329101562,13797500,0.0,0.0,0.0,XLP
2023-08-25 00:00:00-04:00,67.50013377422651,67.76147164948804,67.17346143014962,67.59346771240234,13088500,0.0,0.0,0.0,XLP
2023-08-28 00:00:00-04:00,67.81746797360594,68.02279975974717,67.66812799722467,67.9014663696289,6914800,0.0,0.0,0.0,XLP
2023-08-29 00:00:00-04:00,67.93881084455523,68.18148477957884,67.55613244236714,68.14414978027344,9502800,0.0,0.0,0.0,XLP
2023-08-30 00:00:00-04:00,68.2281498220733,68.4708237629089,68.06948141191752,68.25614929199219,9679300,0.0,0.0,0.0,XLP
2023-08-31 00:00:00-04:00,68.00414631710964,68.24682025571603,67.90147684773476,67.91081237792969,7731300,0.0,0.0,0.0,XLP
2023-09-01 00:00:00-04:00,68.13481512519547,68.17215012498032,67.1081275543429,67.3321304321289,8346400,0.0,0.0,0.0,XLP
2023-09-05 00:00:00-04:00,67.21081225543772,67.46281465994264,66.75346374511719,66.75346374511719,8634200,0.0,0.0,0.0,XLP
2023-09-06 00:00:00-04:00,66.67878723144531,66.82812011300587,66.46411275810564,66.67878723144531,9050100,0.0,0.0,0.0,XLP
2023-09-07 00:00:00-04:00,66.8001131236987,67.0801220363762,66.56677473677493,66.83744812011719,10149000,0.0,0.0,0.0,XLP
2023-09-08 00:00:00-04:00,66.86545644171872,66.93079091387226,66.66011749468663,66.92145538330078,8323000,0.0,0.0,0.0,XLP
2023-09-11 00:00:00-04:00,67.01479655247313,67.55613627077162,67.01479655247313,67.50013732910156,8450700,0.0,0.0,0.0,XLP
2023-09-12 00:00:00-04:00,67.53747222439705,67.5561361646166,66.86545644171872,66.92145538330078,13300200,0.0,0.0,0.0,XLP
2023-09-13 00:00:00-04:00,67.03346658553482,67.29480449831318,66.89346209771098,67.12680053710938,7863700,0.0,0.0,0.0,XLP
2023-09-14 00:00:00-04:00,67.31345217660648,67.85479175604806,67.2854455920319,67.8081283569336,9356000,0.0,0.0,0.0,XLP
2023-09-15 00:00:00-04:00,67.66814475369817,67.9108187149494,67.19213236226177,67.24813842773438,10891600,0.0,0.0,0.0,XLP
2023-09-18 00:00:00-04:00,67.46896610932761,67.49715533687183,66.94274090816441,67.22464752197266,6841200,0.485,0.0,0.0,XLP
2023-09-19 00:00:00-04:00,67.11188291508743,67.18705896740312,66.7266181930397,67.06490325927734,7733500,0.0,0.0,0.0,XLP
2023-09-20 00:00:00-04:00,67.25282432665824,67.58171053589442,66.93333691459502,67.13066864013672,10841700,0.0,0.0,0.0,XLP
2023-09-21 00:00:00-04:00,67.07429900543906,67.14947506236848,66.25678268617762,66.26617431640625,11869900,0.0,0.0,0.0,XLP
2023-09-22 00:00:00-04:00,66.2849611894079,66.45410370553779,65.87150011238317,65.90908813476562,12243000,0.0,0.0,0.0,XLP
2023-09-25 00:00:00-04:00,65.70235304089621,65.84330632276209,65.37346682933031,65.67416381835938,9137600,0.0,0.0,0.0,XLP
2023-09-26 00:00:00-04:00,65.39224731037716,65.58018738067871,65.11974675450602,65.1855239868164,11541000,0.0,0.0,0.0,XLP
2023-09-27 00:00:00-04:00,65.09155302573564,65.29828352692091,64.31162500196514,64.64990997314453,14182700,0.0,0.0,0.0,XLP
2023-09-28 00:00:00-04:00,64.74388662521636,65.01639440432082,64.57474411298539,64.84725189208984,12094400,0.0,0.0,0.0,XLP
2023-09-29 00:00:00-04:00,65.05398768986444,65.15734579591938,64.31164033551391,64.65931701660156,11797500,0.0,0.0,0.0,XLP
2023-10-02 00:00:00-04:00,64.50897202371357,64.59353970199737,63.794813896192295,64.21766662597656,12642500,0.0,0.0,0.0,XLP
2023-10-03 00:00:00-04:00,64.02973666493932,64.3586229333843,63.710249195359346,63.75722885131836,15396200,0.0,0.0,0.0,XLP
2023-10-04 00:00:00-04:00,63.91696461468653,64.311635256782,63.5504903656695,64.2646484375,15125900,0.0,0.0,0.0,XLP
2023-10-05 00:00:00-04:00,64.14249962460798,64.21766850666745,62.96790070838258,62.996089935302734,15757300,0.0,0.0,0.0,XLP
2023-10-06 00:00:00-04:00,62.72357539620327,62.86452868486261,61.24827960249056,62.648399353027344,28723400,0.0,0.0,0.0,XLP
2023-10-09 00:00:00-04:00,62.41348281795393,62.73297743335893,61.971832502966606,62.70478820800781,15662900,0.0,0.0,0.0,XLP
2023-10-10 00:00:00-04:00,63.22159478500736,63.653846215561096,63.024263077744635,63.34375762939453,18809600,0.0,0.0,0.0,XLP
2023-10-11 00:00:00-04:00,63.62567242154581,63.73843649696972,62.62961484744092,62.91151428222656,18293200,0.0,0.0,0.0,XLP
2023-10-12 00:00:00-04:00,63.09944572485569,63.12763494753688,62.0094146533047,62.22554397583008,15185000,0.0,0.0,0.0,XLP
2023-10-13 00:00:00-04:00,62.338302561458384,62.86452768614777,62.22554566766791,62.77056121826172,15641000,0.0,0.0,0.0,XLP
2023-10-16 00:00:00-04:00,63.1370344691804,63.61626559862221,62.87392549556172,63.4189338684082,16172800,0.0,0.0,0.0,XLP
2023-10-17 00:00:00-04:00,63.16521886059188,63.81359961682943,63.16521886059188,63.691436767578125,13192200,0.0,0.0,0.0,XLP
2023-10-18 00:00:00-04:00,63.954561755992245,64.4150097092317,63.82300724626186,63.92637252807617,16617700,0.0,0.0,0.0,XLP
2023-10-19 00:00:00-04:00,63.87937992113116,64.1330900901247,63.43772965549274,63.456520080566406,18237000,0.0,0.0,0.0,XLP
2023-10-20 00:00:00-04:00,63.5974719776519,63.879378531897565,63.21220016479492,63.21220016479492,14730500,0.0,0.0,0.0,XLP
2023-10-23 00:00:00-04:00,63.137036563006134,63.55049046275472,62.91150843312645,63.090049743652344,13777300,0.0,0.0,0.0,XLP
2023-10-24 00:00:00-04:00,63.184021059970014,63.73843546030862,63.16523063229635,63.62567138671875,12055600,0.0,0.0,0.0,XLP
2023-10-25 00:00:00-04:00,63.52229847479958,64.12369245661307,63.35315596934067,63.841793060302734,11351100,0.0,0.0,0.0,XLP
2023-10-26 00:00:00-04:00,63.869987406247056,64.1049071732736,63.40954667024608,63.42833709716797,13662200,0.0,0.0,0.0,XLP
2023-10-27 00:00:00-04:00,63.315570249329326,63.5692876013251,62.375891222463274,62.5638313293457,17587700,0.0,0.0,0.0,XLP
2023-10-30 00:00:00-04:00,62.798752243135986,63.65385644536483,62.798752243135986,63.541099548339844,12224000,0.0,0.0,0.0,XLP
2023-10-31 00:00:00-04:00,63.59748573009405,63.832405519704444,63.27799108824873,63.76662826538086,8586400,0.0,0.0,0.0,XLP
2023-11-01 00:00:00-04:00,63.81361169965856,63.94516620131439,63.34377214540697,63.70084762573242,18709400,0.0,0.0,0.0,XLP
2023-11-02 00:00:00-04:00,63.926361745919166,64.62172220423707,63.682043196549465,64.52775573730469,21175900,0.0,0.0,0.0,XLP
2023-11-03 00:00:00-04:00,64.9036328053847,65.15734299877828,64.60293579101562,64.60293579101562,17201100,0.0,0.0,0.0,XLP
2023-11-06 00:00:00-05:00,64.62172398712515,64.98820540588173,64.57474433695376,64.706298828125,14663200,0.0,0.0,0.0,XLP
2023-11-07 00:00:00-05:00,64.72509741356798,65.13855853461665,64.64992852998158,64.86605072021484,12567700,0.0,0.0,0.0,XLP
2023-11-08 00:00:00-05:00,64.98820826891871,65.08217474258326,64.43379388668781,64.61233520507812,10481700,0.0,0.0,0.0,XLP
2023-11-09 00:00:00-05:00,64.68749811603367,64.74388373037758,64.19886819653748,64.3492202758789,10336900,0.0,0.0,0.0,XLP
2023-11-10 00:00:00-05:00,64.49956546039171,64.8660396938681,64.15188165232205,64.80026245117188,9266200,0.0,0.0,0.0,XLP
2023-11-13 00:00:00-05:00,64.74389476965203,65.19493674621859,64.687509145694,65.00700378417969,8540800,0.0,0.0,0.0,XLP
2023-11-14 00:00:00-05:00,65.33587880955396,65.89029313977795,65.30768958701712,65.67416381835938,13606200,0.0,0.0,0.0,XLP
2023-11-15 00:00:00-05:00,66.15340639648434,66.33194054051579,65.98426388111938,66.20038604736328,10618900,0.0,0.0,0.0,XLP
2023-11-16 00:00:00-05:00,65.51442039094984,65.7963197867036,65.25131142057361,65.38286590576172,16536300,0.0,0.0,0.0,XLP
2023-11-17 00:00:00-05:00,65.46742893111853,65.51441574500296,65.06336670692856,65.29828643798828,10761100,0.0,0.0,0.0,XLP
2023-11-20 00:00:00-05:00,65.0257917363763,65.36407679051003,64.97881208224715,65.2513198852539,11651300,0.0,0.0,0.0,XLP
2023-11-21 00:00:00-05:00,65.24191600961817,65.49562619588335,64.96000943005053,65.44864654541016,11681400,0.0,0.0,0.0,XLP
2023-11-22 00:00:00-05:00,65.58958612872664,65.95606030407201,65.58958612872664,65.91847229003906,8862100,0.0,0.0,0.0,XLP
2023-11-24 00:00:00-05:00,65.92788389344483,66.2191820973139,65.92788389344483,66.16280364990234,4500800,0.0,0.0,0.0,XLP
2023-11-27 00:00:00-05:00,66.09700918951079,66.2191720325775,65.93726550000301,65.974853515625,11746800,0.0,0.0,0.0,XLP
2023-11-28 00:00:00-05:00,65.95607105409815,66.44470097780574,65.94667225676287,66.27555847167969,8562300,0.0,0.0,0.0,XLP
2023-11-29 00:00:00-05:00,66.34133846714504,66.34133846714504,65.655376786027,65.73994445800781,9873800,0.0,0.0,0.0,XLP
2023-11-30 00:00:00-05:00,65.80571798973182,66.4353011873298,65.37346651813402,66.39772033691406,11803600,0.0,0.0,0.0,XLP
2023-12-01 00:00:00-05:00,66.35073960865863,66.69842344495297,66.1534078645507,66.67022705078125,13490300,0.0,0.0,0.0,XLP
2023-12-04 00:00:00-05:00,66.30374980209265,66.98031984810291,66.30374980209265,66.75479888916016,11386300,0.0,0.0,0.0,XLP
2023-12-05 00:00:00-05:00,66.65143700517521,66.81118072715044,66.14400944491646,66.22858428955078,11565900,0.0,0.0,0.0,XLP
2023-12-06 00:00:00-05:00,66.07823103950359,66.21918433197116,65.78693282580426,66.05944061279297,11008700,0.0,0.0,0.0,XLP
2023-12-07 00:00:00-05:00,66.24735740353327,66.55745313751484,66.01243769642855,66.34132385253906,8460000,0.0,0.0,0.0,XLP
2023-12-08 00:00:00-05:00,66.21919021567375,66.27556866999721,65.78693867110046,65.88090515136719,8191300,0.0,0.0,0.0,XLP
2023-12-11 00:00:00-05:00,66.2473661988713,66.53866438021764,66.14400094048749,66.5104751586914,16192800,0.0,0.0,0.0,XLP
2023-12-12 00:00:00-05:00,66.65143223522391,66.72660827636719,66.35073523983263,66.72660827636719,8764500,0.0,0.0,0.0,XLP
2023-12-13 00:00:00-05:00,66.71721138571536,67.95758742330223,66.54806887289979,67.93879699707031,14052700,0.0,0.0,0.0,XLP
2023-12-14 00:00:00-05:00,67.9951923841655,68.098557677147,66.89576936156291,66.9427490234375,16056700,0.0,0.0,0.0,XLP
2023-12-15 00:00:00-05:00,66.84878253050447,67.13068917848743,66.67963997555147,66.9427490234375,17434600,0.0,0.0,0.0,XLP
2023-12-18 00:00:00-05:00,67.23245436770887,67.88574324697879,67.09043253359607,67.63957977294922,11816000,0.536,0.0,0.0,XLP
2023-12-19 00:00:00-05:00,67.5164845218497,67.84787117841421,67.48808160237958,67.77212524414062,8283200,0.0,0.0,0.0,XLP
2023-12-20 00:00:00-05:00,67.3271419735258,67.47862665243642,66.45608520507812,66.45608520507812,16705400,0.0,0.0,0.0,XLP
2023-12-21 00:00:00-05:00,66.81586455549326,66.98628932611224,66.38980624071137,66.92001342773438,10971900,0.0,0.0,0.0,XLP
2023-12-22 00:00:00-05:00,67.0904325310117,67.55436378046709,67.02415663823236,67.43128204345703,7831800,0.0,0.0,0.0,XLP
2023-12-26 00:00:00-05:00,67.28927366724666,67.88575682155773,67.28927366724666,67.71533203125,6915800,0.0,0.0,0.0,XLP
2023-12-27 00:00:00-05:00,67.73426447732939,68.02777099609375,67.63958565419874,68.02777099609375,7566700,0.0,0.0,0.0,XLP
2023-12-28 00:00:00-05:00,67.93308586624889,68.14138359191726,67.83840705190796,68.05616760253906,6466000,0.0,0.0,0.0,XLP
2023-12-29 00:00:00-05:00,67.96148813639084,68.23606175181753,67.89521224463478,68.19818878173828,10412700,0.0,0.0,0.0,XLP
2024-01-02 00:00:00-05:00,67.95201706216741,69.07871442854204,67.95201706216741,68.96509552001953,12912000,0.0,0.0,0.0,XLP
2024-01-03 00:00:00-05:00,69.08818113812018,69.20179281762208,68.32127340736241,68.4254150390625,13979700,0.0,0.0,0.0,XLP
2024-01-04 00:00:00-05:00,68.37808490171842,68.79468035708952,68.1887200476722,68.33074188232422,10865000,0.0,0.0,0.0,XLP
2024-01-05 00:00:00-05:00,68.3686102422568,68.62425097209578,67.78159006959889,68.17925262451172,12802800,0.0,0.0,0.0,XLP
2024-01-08 00:00:00-05:00,68.1887269734148,68.70947134551926,68.15086122229022,68.68106842041016,9409000,0.0,0.0,0.0,XLP
2024-01-09 00:00:00-05:00,68.42541874455817,68.86095428466797,68.17925527662005,68.86095428466797,7838600,0.0,0.0,0.0,XLP
2024-01-10 00:00:00-05:00,68.80413423166259,69.11658078254587,68.51062777548536,68.71892547607422,11113300,0.0,0.0,0.0,XLP
2024-01-11 00:00:00-05:00,68.64318913318534,68.74733799802848,68.24553377116459,68.70946502685547,9507800,0.0,0.0,0.0,XLP
2024-01-12 00:00:00-05:00,68.94615607675077,69.09764794034423,68.69052258634883,68.9272232055664,7712800,0.0,0.0,0.0,XLP
2024-01-16 00:00:00-05:00,68.93669298890035,68.97456595862218,68.27393407759416,68.54850769042969,11566900,0.0,0.0,0.0,XLP
2024-01-17 00:00:00-05:00,68.38755560737455,68.73786794954735,68.24553377135797,68.50116729736328,9641400,0.0,0.0,0.0,XLP
2024-01-18 00:00:00-05:00,68.33073860372907,68.46329038343615,67.89521029561585,68.41595458984375,10548800,0.0,0.0,0.0,XLP
2024-01-19 00:00:00-05:00,68.4727737587928,68.49170663520871,67.86682058404051,68.2171401977539,11309600,0.0,0.0,0.0,XLP
2024-01-22 00:00:00-05:00,67.92362279122528,68.16979351260957,67.7531980185025,67.88574981689453,15078600,0.0,0.0,0.0,XLP
2024-01-23 00:00:00-05:00,68.24553744017008,68.72840159564183,68.2265973418,68.62425994873047,13859600,0.0,0.0,0.0,XLP
2024-01-24 00:00:00-05:00,68.56744119881971,68.60531416889245,67.76266044948275,67.7815933227539,12290500,0.0,0.0,0.0,XLP
2024-01-25 00:00:00-05:00,68.06563831108853,68.43489074707031,67.78159464178076,68.43489074707031,12160900,0.0,0.0,0.0,XLP
2024-01-26 00:00:00-05:00,68.56745341726534,68.87043000830602,68.56745341726534,68.76628112792969,7432800,0.0,0.0,0.0,XLP
2024-01-29 00:00:00-05:00,68.9556426790031,69.19234335504784,68.70947195332778,69.1639404296875,9321900,0.0,0.0,0.0,XLP
2024-01-30 00:00:00-05:00,69.0597822326788,69.58998936392182,68.81361154023152,69.55211639404297,11058900,0.0,0.0,0.0,XLP
2024-01-31 00:00:00-05:00,69.53318151965038,69.7320091881441,68.95563138679856,69.04084014892578,17220600,0.0,0.0,0.0,XLP
2024-02-01 00:00:00-05:00,69.06925321030914,70.45159149169922,68.85149263721473,70.45159149169922,20588700,0.0,0.0,0.0,XLP
2024-02-02 00:00:00-05:00,70.24329007353639,70.51786370557079,69.88350044778673,70.22434997558594,23158000,0.0,0.0,0.0,XLP
2024-02-05 00:00:00-05:00,70.24329446207223,70.29063026284395,69.7698931131671,69.78882598876953,14564700,0.0,0.0,0.0,XLP
2024-02-06 00:00:00-05:00,69.78881337052762,69.98764103429475,69.5615827867266,69.94976806640625,11224200,0.0,0.0,0.0,XLP
2024-02-07 00:00:00-05:00,70.24328109587891,70.28115406340845,69.81721562881907,69.88349151611328,7544100,0.0,0.0,0.0,XLP
2024-02-08 00:00:00-05:00,69.76987655627991,70.13912894291718,69.56157885642718,69.86455535888672,16287600,0.0,0.0,0.0,XLP
2024-02-09 00:00:00-05:00,69.6846802213923,69.6846802213923,69.11660002208151,69.22074890136719,20698800,0.0,0.0,0.0,XLP
2024-02-12 00:00:00-05:00,69.29648549313356,69.72254377917861,68.92723305228633,69.71307373046875,13422900,0.0,0.0,0.0,XLP
2024-02-13 00:00:00-05:00,69.66573462061282,69.86456229287947,68.54850730249767,68.96509552001953,21640600,0.0,0.0,0.0,XLP
2024-02-14 00:00:00-05:00,68.90828835699703,68.94616132577876,68.51063302008424,68.8325424194336,15191300,0.0,0.0,0.0,XLP
2024-02-15 00:00:00-05:00,69.10711736320613,69.37222092627978,69.03137864770675,69.27754211425781,14235700,0.0,0.0,0.0,XLP
2024-02-16 00:00:00-05:00,69.21125861728709,69.70359994334238,68.91775216521575,69.38168334960938,15568300,0.0,0.0,0.0,XLP
2024-02-20 00:00:00-05:00,69.87403999392289,70.50839604970662,69.76042107295655,70.1107406616211,15388700,0.0,0.0,0.0,XLP
2024-02-21 00:00:00-05:00,70.24328179733797,70.47998242911385,70.0349840856104,70.36636352539062,13776600,0.0,0.0,0.0,XLP
2024-02-22 00:00:00-05:00,70.05392259306088,70.65987568126864,69.76988614619944,70.58413696289062,11744900,0.0,0.0,0.0,XLP
2024-02-23 00:00:00-05:00,70.62200034148533,71.16168474183402,70.49891860766023,70.80189514160156,12548300,0.0,0.0,0.0,XLP
2024-02-26 00:00:00-05:00,70.8208292917049,70.83976216319199,70.41370393119973,70.51785278320312,11806000,0.0,0.0,0.0,XLP
2024-02-27 00:00:00-05:00,70.45158976789675,70.56520146463356,70.32850079839045,70.52732849121094,8294300,0.0,0.0,0.0,XLP
2024-02-28 00:00:00-05:00,70.47998376034523,70.66934137993051,70.30008896526809,70.60306549072266,6768700,0.0,0.0,0.0,XLP
2024-02-29 00:00:00-05:00,70.82083522615898,70.92498408688957,70.35689676525715,70.48944854736328,14083400,0.0,0.0,0.0,XLP
2024-03-01 00:00:00-05:00,70.30010417412726,70.57467783839883,70.00659763321323,70.49893188476562,15512500,0.0,0.0,0.0,XLP
2024-03-04 00:00:00-05:00,70.22435323285617,70.61254580000643,70.20542035755842,70.55573272705078,15912700,0.0,0.0,0.0,XLP
2024-03-05 00:00:00-05:00,70.85871758466641,71.21850726918798,70.58415113131223,70.72616577148438,15708400,0.0,0.0,0.0,XLP
2024-03-06 00:00:00-05:00,71.05753590100036,71.44572119919164,70.99126000991744,71.32263946533203,11816200,0.0,0.0,0.0,XLP
2024-03-07 00:00:00-05:00,71.61614793347428,71.79604273862064,71.44572317689631,71.72976684570312,9174900,0.0,0.0,0.0,XLP
2024-03-08 00:00:00-05:00,71.24689852844863,71.3794503199214,70.9060490007955,71.16168975830078,13301600,0.0,0.0,0.0,XLP
2024-03-11 00:00:00-04:00,71.3226503521234,71.65402985812024,71.11435259877355,71.54988098144531,9316500,0.0,0.0,0.0,XLP
2024-03-12 00:00:00-04:00,71.71083067923045,72.13689620579449,71.61615185894877,71.91912841796875,10454900,0.0,0.0,0.0,XLP
2024-03-13 00:00:00-04:00,71.90964944164098,72.14635007472542,71.79603776081969,72.09901428222656,9739500,0.0,0.0,0.0,XLP
2024-03-14 00:00:00-04:00,72.05167956662281,72.2221043310179,71.3037046130849,71.5404052734375,14086100,0.0,0.0,0.0,XLP
2024-03-15 00:00:00-04:00,71.19955443801874,71.58774698116784,71.08594274619422,71.51200103759766,14248300,0.0,0.0,0.0,XLP
2024-03-18 00:00:00-04:00,71.4280674541473,72.18154908244232,71.4280674541473,71.97171783447266,10229000,0.552,0.0,0.0,XLP
2024-03-19 00:00:00-04:00,72.06709770063412,72.27692896028148,72.02894590099717,72.23877716064453,10245900,0.0,0.0,0.0,XLP
2024-03-20 00:00:00-04:00,72.34369736484808,72.48676480335504,72.07664202721494,72.4581527709961,10986100,0.0,0.0,0.0,XLP
2024-03-21 00:00:00-04:00,72.49629211425781,72.74426786989453,72.19108502702643,72.49629211425781,8936100,0.0,0.0,0.0,XLP
2024-03-22 00:00:00-04:00,72.4962931259145,72.61074123727902,72.12432221055778,72.14339447021484,10942300,0.0,0.0,0.0,XLP
2024-03-25 00:00:00-04:00,72.14339908940363,72.3150785441537,71.79050041110861,71.94310760498047,11003700,0.0,0.0,0.0,XLP
2024-03-26 00:00:00-04:00,72.02893886499116,72.19108581678712,71.92403052212698,71.98125457763672,7964400,0.0,0.0,0.0,XLP
2024-03-27 00:00:00-04:00,72.34369832168834,72.73474884033203,72.34369832168834,72.73474884033203,9848100,0.0,0.0,0.0,XLP
2024-03-28 00:00:00-04:00,72.95410415837642,73.06855955278013,72.73474041499196,72.83011627197266,9172700,0.0,0.0,0.0,XLP
2024-04-01 00:00:00-04:00,72.82058401079695,72.92549964730557,72.24832153320312,72.24832153320312,13205200,0.0,0.0,0.0,XLP
2024-04-02 00:00:00-04:00,72.24832137629578,72.35323701257656,71.76189499687696,71.87635040283203,16269200,0.0,0.0,0.0,XLP
2024-04-03 00:00:00-04:00,71.84772285963679,71.84772285963679,70.97025343355074,71.08470153808594,16094700,0.0,0.0,0.0,XLP
2024-04-04 00:00:00-04:00,71.39944916021241,71.52343703371906,70.68411939219804,70.77949523925781,18289500,0.0,0.0,0.0,XLP
2024-04-05 00:00:00-04:00,70.72227958961923,71.11332279204149,70.56967239482218,70.89395904541016,11148900,0.0,0.0,0.0,XLP
2024-04-08 00:00:00-04:00,70.76996770247511,71.04656280044897,70.72228340905946,70.78904724121094,10040700,0.0,0.0,0.0,XLP
2024-04-09 00:00:00-04:00,70.99888047408744,71.15148040464213,70.59829019336806,71.13240814208984,12629600,0.0,0.0,0.0,XLP
2024-04-10 00:00:00-04:00,70.5792257873749,70.98934860666735,70.35985472168746,70.87489318847656,15018400,0.0,0.0,0.0,XLP
2024-04-11 00:00:00-04:00,71.2182319853947,71.23731152137645,70.48382993773689,70.70319366455078,10551900,0.0,0.0,0.0,XLP
2024-04-12 00:00:00-04:00,70.41707921096904,70.59829117623103,69.91158056410639,69.98787689208984,14605900,0.0,0.0,0.0,XLP
2024-04-15 00:00:00-04:00,70.4170816552341,70.59829362678619,69.59683606806408,69.70175170898438,12119600,0.0,0.0,0.0,XLP
2024-04-16 00:00:00-04:00,69.8448173465318,69.94019321488834,69.55868246474986,69.73036193847656,12737600,0.0,0.0,0.0,XLP
2024-04-17 00:00:00-04:00,70.14048410148128,70.23585996899479,69.65405771743643,69.98787689208984,12731500,0.0,0.0,0.0,XLP
2024-04-18 00:00:00-04:00,70.21678081908736,70.4742963637871,70.07371339349348,70.3121566772461,11964200,0.0,0.0,0.0,XLP
2024-04-19 00:00:00-04:00,70.2835561401705,71.0370379132428,70.15956095524818,70.99888610839844,15843100,0.0,0.0,0.0,XLP
2024-04-22 00:00:00-04:00,71.14194555196049,71.86681528315279,70.82720589946578,71.67606353759766,12181600,0.0,0.0,0.0,XLP
2024-04-23 00:00:00-04:00,71.79050702918768,71.94311423712777,71.55206372431542,71.87635040283203,12821100,0.0,0.0,0.0,XLP
2024-04-24 00:00:00-04:00,71.38037409438289,72.50582662426615,71.04655497041564,72.41999053955078,15011000,0.0,0.0,0.0,XLP
2024-04-25 00:00:00-04:00,72.57260093571182,72.9350394170006,71.98126619544016,72.24832153320312,14352600,0.0,0.0,0.0,XLP
2024-04-26 00:00:00-04:00,71.9907947815009,72.48675357791268,71.94310321714678,72.095703125,13488200,0.0,0.0,0.0,XLP
2024-04-29 00:00:00-04:00,72.11478423352096,72.3532275070674,71.8954132201053,72.32461547851562,9244000,0.0,0.0,0.0,XLP
2024-04-30 00:00:00-04:00,72.24830806807967,72.26738032720296,71.83818536817593,72.0098648071289,12517400,0.0,0.0,0.0,XLP
2024-05-01 00:00:00-04:00,71.80003074860436,72.07662579363128,71.25638042609228,71.55204772949219,24867400,0.0,0.0,0.0,XLP
2024-05-02 00:00:00-04:00,71.79049280469046,72.41044672986372,71.51390502934818,72.1529312133789,22820400,0.0,0.0,0.0,XLP
2024-05-03 00:00:00-04:00,72.1815550969789,72.51537425715011,71.7714323354223,72.37230682373047,18088200,0.0,0.0,0.0,XLP
2024-05-06 00:00:00-04:00,72.53444131708943,72.62027739634688,71.94309942315444,72.41044616699219,12508400,0.0,0.0,0.0,XLP
2024-05-07 00:00:00-04:00,72.71566864942255,73.24024683395052,72.71566864942255,73.20209503173828,14641800,0.0,0.0,0.0,XLP
2024-05-08 00:00:00-04:00,73.19255068206796,73.3356181122335,72.88734356018027,72.98271942138672,12686000,0.0,0.0,0.0,XLP
2024-05-09 00:00:00-04:00,73.04947561269103,73.6122055053711,73.00179132543032,73.6122055053711,12851900,0.0,0.0,0.0,XLP
2024-05-10 00:00:00-04:00,73.60267332051839,74.11771170229115,73.53590949010591,74.03187561035156,10774900,0.0,0.0,0.0,XLP
2024-05-13 00:00:00-04:00,74.17493578625596,74.39430681579931,73.6980492041034,73.8220443725586,11755400,0.0,0.0,0.0,XLP
2024-05-14 00:00:00-04:00,73.88880922964512,74.01279712311131,73.31654677845306,73.6789779663086,10117600,0.0,0.0,0.0,XLP
2024-05-15 00:00:00-04:00,73.48822601785966,73.84111743538647,73.48822601785966,73.72666931152344,18143000,0.0,0.0,0.0,XLP
2024-05-16 00:00:00-04:00,74.39431473879299,74.97611701311799,74.23217503000407,74.77582550048828,17360400,0.0,0.0,0.0,XLP
2024-05-17 00:00:00-04:00,74.68997272203445,74.75673655117465,74.40384514431,74.59459686279297,11265700,0.0,0.0,0.0,XLP
2024-05-20 00:00:00-04:00,74.57552544255881,74.57552544255881,73.99372323490012,74.07955932617188,9226400,0.0,0.0,0.0,XLP
2024-05-21 00:00:00-04:00,74.27985199515203,74.54691459567593,74.12725207156448,74.51829528808594,6595200,0.0,0.0,0.0,XLP
2024-05-22 00:00:00-04:00,74.01279447658843,74.47060878719884,73.87926681864198,74.22262573242188,9395100,0.0,0.0,0.0,XLP
2024-05-23 00:00:00-04:00,73.9937198161799,74.1177077011922,73.30700201088735,73.34515380859375,10751300,0.0,0.0,0.0,XLP
2024-05-24 00:00:00-04:00,73.60266775602908,73.82203876892056,73.49775213378246,73.53590393066406,6943200,0.0,0.0,0.0,XLP
2024-05-28 00:00:00-04:00,73.29745741773341,73.49774888497504,72.69658301600857,72.96363830566406,8840700,0.0,0.0,0.0,XLP
2024-05-29 00:00:00-04:00,72.57259932118433,72.83012216023535,72.41045962353711,72.43907165527344,10402400,0.0,0.0,0.0,XLP
2024-05-30 00:00:00-04:00,72.64889403726438,72.83011325171057,72.45814233121345,72.62982177734375,7404400,0.0,0.0,0.0,XLP
2024-05-31 00:00:00-04:00,72.56305977834646,73.80296045229753,72.22924064600237,73.76480865478516,11873900,0.0,0.0,0.0,XLP
2024-06-03 00:00:00-04:00,73.5263595645263,74.08908943745254,73.30699584206326,73.73619079589844,12223400,0.0,0.0,0.0,XLP
2024-06-04 00:00:00-04:00,73.74574271340418,74.49922440623628,73.62175481839837,74.37523651123047,9097500,0.0,0.0,0.0,XLP
2024-06-05 00:00:00-04:00,74.27985282095308,74.38476845314733,73.62175427330318,74.21308898925781,9095100,0.0,0.0,0.0,XLP
2024-06-06 00:00:00-04:00,74.16540624092859,74.70905667511687,74.01279903575403,74.44200134277344,9759400,0.0,0.0,0.0,XLP
2024-06-07 00:00:00-04:00,74.42291397359955,74.6327452202818,73.99371898844858,74.07002258300781,7490500,0.0,0.0,0.0,XLP
2024-06-10 00:00:00-04:00,74.1844739515607,74.20355348939292,73.53590792278631,74.0127944946289,10033800,0.0,0.0,0.0,XLP
2024-06-11 00:00:00-04:00,73.90788368862731,73.97464752197266,73.36423325232606,73.97464752197266,8583700,0.0,0.0,0.0,XLP
2024-06-12 00:00:00-04:00,74.11771361835773,74.15586541910997,72.98272119529233,73.1639404296875,14172800,0.0,0.0,0.0,XLP
2024-06-13 00:00:00-04:00,73.13532759717,73.32607932212976,72.83012047120728,73.25931549072266,8723500,0.0,0.0,0.0,XLP
2024-06-14 00:00:00-04:00,73.04948621815353,73.3928451538086,72.85873448799497,73.3928451538086,7246400,0.0,0.0,0.0,XLP
2024-06-17 00:00:00-04:00,73.11625822031112,74.22263136681327,72.9636510129524,74.08910369873047,8762000,0.0,0.0,0.0,XLP
2024-06-18 00:00:00-04:00,73.97463988246624,74.2798469857702,73.86972425851381,74.1844711303711,6567100,0.0,0.0,0.0,XLP
2024-06-20 00:00:00-04:00,74.05094326666011,74.40384193501465,73.83157952753777,74.02233123779297,9316300,0.0,0.0,0.0,XLP
2024-06-21 00:00:00-04:00,74.17493518648884,74.5564459044684,74.02233526532403,74.07955932617188,11594000,0.0,0.0,0.0,XLP
2024-06-24 00:00:00-04:00,74.25445387476738,74.96557987640357,74.1007018552578,74.8694839477539,9722600,0.582,0.0,0.0,XLP
2024-06-25 00:00:00-04:00,74.59080359667047,74.69651132189479,74.10070480987127,74.38899993896484,10705700,0.0,0.0,0.0,XLP
2024-06-26 00:00:00-04:00,73.87008484624384,74.41783981326016,73.71632546451603,74.2352523803711,8405200,0.0,0.0,0.0,XLP
2024-06-27 00:00:00-04:00,74.21601295528816,74.28328083088219,73.61059474329336,73.91810607910156,4592300,0.0,0.0,0.0,XLP
2024-06-28 00:00:00-04:00,73.908515704604,73.9949998475715,73.39919331330097,73.59139251708984,8396900,0.0,0.0,0.0,XLP
2024-07-01 00:00:00-04:00,73.97576644981595,74.25444240034179,73.01479264851834,73.07244873046875,9275300,0.0,0.0,0.0,XLP
2024-07-02 00:00:00-04:00,73.15894098489058,73.59138364252877,72.92830929980633,73.58177185058594,8233400,0.0,0.0,0.0,XLP
2024-07-03 00:00:00-04:00,73.45684814453125,73.71630787472246,73.26464896323304,73.45684814453125,5600600,0.0,0.0,0.0,XLP
2024-07-05 00:00:00-04:00,73.4568503096818,74.40821245728988,73.35114258976431,74.36016082763672,7202900,0.0,0.0,0.0,XLP
2024-07-08 00:00:00-04:00,74.4178257646554,74.50430990181268,74.04304650700831,74.2448501586914,4486800,0.0,0.0,0.0,XLP
2024-07-09 00:00:00-04:00,74.24484964119688,74.40821345356603,74.023822406142,74.05265045166016,5635700,0.0,0.0,0.0,XLP
2024-07-10 00:00:00-04:00,74.18718770845868,74.40821494795259,74.0046076392937,74.37938690185547,7249100,0.0,0.0,0.0,XLP
2024-07-11 00:00:00-04:00,74.27368362640375,74.40821940401362,73.88929254823985,74.1007080078125,11414600,0.0,0.0,0.0,XLP
2024-07-12 00:00:00-04:00,74.49469708218558,74.8214320363455,74.17758125199869,74.42742919921875,10028200,0.0,0.0,0.0,XLP
2024-07-15 00:00:00-04:00,74.37938616854176,74.57157802839413,73.93733902556168,73.9949951171875,8481200,0.0,0.0,0.0,XLP
2024-07-16 00:00:00-04:00,74.02380995201489,74.71571225463924,73.91810224846682,74.70610046386719,7987300,0.0,0.0,0.0,XLP
2024-07-17 00:00:00-04:00,74.82142933749033,75.81123129329221,74.80220575353643,75.66708374023438,18297900,0.0,0.0,0.0,XLP
2024-07-18 00:00:00-04:00,75.38840091812516,76.06108705956906,75.2826932006361,75.29230499267578,14877200,0.0,0.0,0.0,XLP
2024-07-19 00:00:00-04:00,75.48451208089944,75.58060801641317,74.9271453906099,75.0424575805664,11816500,0.0,0.0,0.0,XLP
2024-07-22 00:00:00-04:00,75.21543148748752,75.273094912805,74.73494448919053,75.09050750732422,9408200,0.0,0.0,0.0,XLP
2024-07-23 00:00:00-04:00,75.16739290200086,75.30192868522147,74.75417375878033,74.82144165039062,6937900,0.0,0.0,0.0,XLP
2024-07-24 00:00:00-04:00,74.5523619964749,74.88870141804017,74.26406687419066,74.75416564941406,10620400,0.0,0.0,0.0,XLP
2024-07-25 00:00:00-04:00,75.01362240390401,75.8016207308664,74.66767120361328,74.66767120361328,15686200,0.0,0.0,0.0,XLP
2024-07-26 00:00:00-04:00,74.9655859377607,75.51334084016693,74.7829985264086,75.42684936523438,10271900,0.0,0.0,0.0,XLP
2024-07-29 00:00:00-04:00,75.28269760917549,75.61904436541842,74.89831388486857,75.45567321777344,9115000,0.0,0.0,0.0,XLP
2024-07-30 00:00:00-04:00,74.55235462326002,75.07128139306018,74.22561969487528,74.94635009765625,11818400,0.0,0.0,0.0,XLP
2024-07-31 00:00:00-04:00,74.94635675115092,75.28269616931141,74.48509335814495,74.81182098388672,10474100,0.0,0.0,0.0,XLP
2024-08-01 00:00:00-04:00,74.9559682849457,75.66708695683847,74.72533658923848,75.50372314453125,16535000,0.0,0.0,0.0,XLP
2024-08-02 00:00:00-04:00,76.08030235926645,76.63766898420188,74.76377280063338,76.16679382324219,24086900,0.0,0.0,0.0,XLP
2024-08-05 00:00:00-04:00,76.0322597521597,76.25327964967093,74.4178232613527,74.66767120361328,29057400,0.0,0.0,0.0,XLP
2024-08-06 00:00:00-04:00,75.03284771203325,76.00342612192347,74.94635624414883,75.18659973144531,15801400,0.0,0.0,0.0,XLP
2024-08-07 00:00:00-04:00,75.5037246329655,76.30133478875298,75.21542950891113,75.26348114013672,14182300,0.0,0.0,0.0,XLP
2024-08-08 00:00:00-04:00,75.05207173454036,76.07070921164917,74.97519205105098,75.9457778930664,13889800,0.0,0.0,0.0,XLP
2024-08-09 00:00:00-04:00,75.79200943037381,76.19561668373888,75.46527451218645,76.06108093261719,10319800,0.0,0.0,0.0,XLP
2024-08-12 00:00:00-04:00,76.0226556419868,76.08031173731156,75.48451253455576,75.67670440673828,9735300,0.0,0.0,0.0,XLP
2024-08-13 00:00:00-04:00,75.67669286050311,76.04186029459514,75.29230184313587,76.02264404296875,7513900,0.0,0.0,0.0,XLP
2024-08-14 00:00:00-04:00,75.96499164937384,76.59923062696093,75.84006034695804,76.36859893798828,7264000,0.0,0.0,0.0,XLP
2024-08-15 00:00:00-04:00,77.44488874423736,77.65630419075897,76.9259692521474,77.15660095214844,7745200,0.0,0.0,0.0,XLP
2024-08-16 00:00:00-04:00,77.07972397018459,77.43528699100844,76.95479998907612,77.3680191040039,6976700,0.0,0.0,0.0,XLP
2024-08-19 00:00:00-04:00,77.45449632532025,77.81005931437785,77.42566828084381,77.62747192382812,7330000,0.0,0.0,0.0,XLP
2024-08-20 00:00:00-04:00,77.60826400856395,78.01187133789062,77.4833326935462,78.01187133789062,6931200,0.0,0.0,0.0,XLP
2024-08-21 00:00:00-04:00,78.66532924931563,79.07854834694268,78.31937803587672,78.5404052734375,7960700,0.0,0.0,0.0,XLP
2024-08-22 00:00:00-04:00,78.75180694742966,78.75180694742966,78.08873995226438,78.42507934570312,7632600,0.0,0.0,0.0,XLP
2024-08-23 00:00:00-04:00,78.55962639177726,78.66533412085477,78.15601906165402,78.64611053466797,6505100,0.0,0.0,0.0,XLP
2024-08-26 00:00:00-04:00,78.73260074125457,79.36683977385552,78.72298894831597,79.20347595214844,7270700,0.0,0.0,0.0,XLP
2024-08-27 00:00:00-04:00,79.31878835647318,79.53980825268367,79.0977611286135,79.39566802978516,5674600,0.0,0.0,0.0,XLP
2024-08-28 00:00:00-04:00,79.41488918415311,79.52059690856959,78.76142658396473,79.059326171875,6666800,0.0,0.0,0.0,XLP
2024-08-29 00:00:00-04:00,78.96322856106796,78.96322856106796,78.50196516583125,78.66532897949219,6343700,0.0,0.0,0.0,XLP
2024-08-30 00:00:00-04:00,78.81908025366616,79.35723065187456,78.60767214298185,79.28996276855469,8884800,0.0,0.0,0.0,XLP
2024-09-03 00:00:00-04:00,79.30918507837897,80.11640707151322,79.21308914224751,79.84732818603516,15503700,0.0,0.0,0.0,XLP
2024-09-04 00:00:00-04:00,79.70318013139358,80.27976302328845,79.62630045736779,80.22210693359375,19276700,0.0,0.0,0.0,XLP
2024-09-05 00:00:00-04:00,80.24131651820724,80.366240479381,79.51097433895235,79.91458892822266,12775800,0.0,0.0,0.0,XLP
2024-09-06 00:00:00-04:00,79.90498768809718,80.2509389064973,79.6551324011083,79.75122833251953,12616500,0.0,0.0,0.0,XLP
2024-09-09 00:00:00-04:00,79.76083056129556,80.520000792219,79.62629480712167,80.36624145507812,10061000,0.0,0.0,0.0,XLP
2024-09-10 00:00:00-04:00,80.25093471325837,80.72180988472415,80.13561520260076,80.34703063964844,14002500,0.0,0.0,0.0,XLP
2024-09-11 00:00:00-04:00,80.05874420323592,80.1164076306372,78.87675025043492,79.59748077392578,14556400,0.0,0.0,0.0,XLP
2024-09-12 00:00:00-04:00,79.61668739552265,80.17405402584716,79.34761587237264,80.08756256103516,8659100,0.0,0.0,0.0,XLP
2024-09-13 00:00:00-04:00,80.1452335947256,80.72181653219704,79.97225798031917,80.65454864501953,5953700,0.0,0.0,0.0,XLP
2024-09-16 00:00:00-04:00,80.86596433057447,81.23113181463165,80.5968927810955,80.97167205810547,7794600,0.0,0.0,0.0,XLP
2024-09-17 00:00:00-04:00,80.69298727752852,80.9236189827358,80.10679255590397,80.20288848876953,8404900,0.0,0.0,0.0,XLP
2024-09-18 00:00:00-04:00,80.14523340671607,80.58728056879552,79.56865047059722,79.89537811279297,12935600,0.0,0.0,0.0,XLP
2024-09-19 00:00:00-04:00,80.10678245074604,80.11639424231502,79.29956058687384,79.42449188232422,14934200,0.0,0.0,0.0,XLP
2024-09-20 00:00:00-04:00,79.34760539336578,79.86653211875858,79.21306964955818,79.80887603759766,12719100,0.0,0.0,0.0,XLP
2024-09-23 00:00:00-04:00,79.64369044241526,80.53248286363271,79.58572059191127,80.27163696289062,11985900,0.439,0.0,0.0,XLP
2024-09-24 00:00:00-04:00,80.16537363549497,80.45519340109854,79.88520936931766,80.07842254638672,8985100,0.0,0.0,0.0,XLP
2024-09-25 00:00:00-04:00,80.35858964672545,80.43587786852304,79.75961698370986,79.87554931640625,6100900,0.0,0.0,0.0,XLP
2024-09-26 00:00:00-04:00,79.73063367063749,80.42621290751364,79.73063367063749,80.0591049194336,8565600,0.0,0.0,0.0,XLP
2024-09-27 00:00:00-04:00,80.1653808967349,80.66773962498335,80.068766928839,80.20401763916016,6432600,0.0,0.0,0.0,XLP
2024-09-30 00:00:00-04:00,80.49383788994592,80.64841432881776,79.87554687567908,80.1846923828125,8468900,0.0,0.0,0.0,XLP
2024-10-01 00:00:00-04:00,80.21368249929517,80.3199519701273,79.67267964459417,79.91419982910156,15725800,0.0,0.0,0.0,XLP
2024-10-02 00:00:00-04:00,79.70165224489037,79.71131511499397,79.0833612292455,79.23793029785156,10788300,0.0,0.0,0.0,XLP
2024-10-03 00:00:00-04:00,78.91912453470901,79.03504948652512,78.31048905523505,78.44573974609375,11507900,0.0,0.0,0.0,XLP
2024-10-04 00:00:00-04:00,78.32016261760955,78.80320297108454,78.20423027935566,78.70659637451172,12463000,0.0,0.0,0.0,XLP
2024-10-07 00:00:00-04:00,78.7355688013206,78.7355688013206,77.82745067986352,77.92406463623047,9270800,0.0,0.0,0.0,XLP
2024-10-08 00:00:00-04:00,77.95304835351128,78.4071074286772,77.74050943572212,78.31049346923828,8218300,0.0,0.0,0.0,XLP
2024-10-09 00:00:00-04:00,78.37812265519408,78.89980710513822,78.25253482063017,78.78388214111328,9276300,0.0,0.0,0.0,XLP
2024-10-10 00:00:00-04:00,78.7645524377062,78.92878437555343,78.24286801400591,78.43608856201172,9122600,0.0,0.0,0.0,XLP
2024-10-11 00:00:00-04:00,78.70659477329767,78.94811494512165,78.35880513622227,78.8708267211914,8741500,0.0,0.0,0.0,XLP
2024-10-14 00:00:00-04:00,78.83217612276673,79.22827270985962,78.7065882971717,79.18962860107422,6263000,0.0,0.0,0.0,XLP
2024-10-15 00:00:00-04:00,79.29589687341658,80.36824692171501,79.29589687341658,79.69198608398438,11287700,0.0,0.0,0.0,XLP
2024-10-16 00:00:00-04:00,79.42149426767263,79.74030267085118,79.23793657421633,79.634033203125,7720300,0.0,0.0,0.0,XLP
2024-10-17 00:00:00-04:00,79.74029512101681,79.84656457868138,79.06403426582322,79.27657318115234,7716400,0.0,0.0,0.0,XLP
2024-10-18 00:00:00-04:00,79.10268034977499,79.47945121067875,78.87082305935968,79.45046997070312,8314200,0.0,0.0,0.0,XLP
2024-10-21 00:00:00-04:00,79.42149155508237,79.59538637173041,78.70659391802289,78.78388214111328,8704600,0.0,0.0,0.0,XLP
2024-10-22 00:00:00-04:00,78.6679429715687,79.3248780695392,78.59065475519336,79.228271484375,8912400,0.0,0.0,0.0,XLP
2024-10-23 00:00:00-04:00,78.83217978799138,79.18963228291828,78.6776107162733,79.07369995117188,6926500,0.0,0.0,0.0,XLP
2024-10-24 00:00:00-04:00,79.05438884359089,79.21862080069442,78.73558042995849,78.96743774414062,6211500,0.0,0.0,0.0,XLP
2024-10-25 00:00:00-04:00,78.96742859212742,79.0930237911539,78.24286811999721,78.31049346923828,6546900,0.0,0.0,0.0,XLP
2024-10-28 00:00:00-04:00,78.61963812525771,78.79353293151198,78.41676207972942,78.45540618896484,5714200,0.0,0.0,0.0,XLP
2024-10-29 00:00:00-04:00,78.08830062657732,78.29117667839137,77.6342415422557,77.68254852294922,9459900,0.0,0.0,0.0,XLP
2024-10-30 00:00:00-04:00,77.57628680202009,77.80814411713946,77.33476661567585,77.55696105957031,8504800,0.0,0.0,0.0,XLP
2024-10-31 00:00:00-04:00,77.3637454133003,77.85644127102861,77.24781307409961,77.40238952636719,10905300,0.0,0.0,0.0,XLP
2024-11-01 00:00:00-04:00,77.65356038988901,77.71153024119995,77.33475937542592,77.43136596679688,7916100,0.0,0.0,0.0,XLP
2024-11-04 00:00:00-05:00,77.54729167673443,77.87576293529885,77.4313667142145,77.64390563964844,6958900,0.0,0.0,0.0,XLP
2024-11-05 00:00:00-05:00,77.4506803346045,78.1365966796875,77.30576676973118,78.1365966796875,5304800,0.0,0.0,0.0,XLP
2024-11-06 00:00:00-05:00,78.33947611168419,78.45540844272077,76.66816072024996,76.86137390136719,18487700,0.0,0.0,0.0,XLP
2024-11-07 00:00:00-05:00,77.02560794545079,77.58592908061632,76.96763809859166,77.14153289794922,17598100,0.0,0.0,0.0,XLP
2024-11-08 00:00:00-05:00,77.15120718849933,78.27185699533416,77.14154431749073,78.07864379882812,11530300,0.0,0.0,0.0,XLP
2024-11-11 00:00:00-05:00,77.9723679269336,78.68726554003595,77.75017350625805,77.80813598632812,9273800,0.0,0.0,0.0,XLP
2024-11-12 00:00:00-05:00,78.09795661950169,78.20422608121031,77.75982986434262,77.89508056640625,13518000,0.0,0.0,0.0,XLP
2024-11-13 00:00:00-05:00,77.90473609341663,78.20421870966959,77.6728788218211,78.12693786621094,6781600,0.0,0.0,0.0,XLP
2024-11-14 00:00:00-05:00,77.93372344970703,78.38778252974556,77.87576096990989,77.93372344970703,7572200,0.0,0.0,0.0,XLP
2024-11-15 00:00:00-05:00,77.86610140992453,77.92407126279637,77.20916625205851,77.24781036376953,11359100,0.0,0.0,0.0,XLP
2024-11-18 00:00:00-05:00,77.42170273623482,77.93372430166785,77.33475901558865,77.78881072998047,8747600,0.0,0.0,0.0,XLP
2024-11-19 00:00:00-05:00,77.99169452840351,78.14626360050032,77.42170310918357,77.89508056640625,8020800,0.0,0.0,0.0,XLP
2024-11-20 00:00:00-05:00,77.18983979981704,77.49898529052734,76.83238733187298,77.49898529052734,7687200,0.0,0.0,0.0,XLP
2024-11-21 00:00:00-05:00,77.58592824411294,78.42642099371422,77.37338933934412,78.33946990966797,8185800,0.0,0.0,0.0,XLP
2024-11-22 00:00:00-05:00,78.77422134937416,79.13167386264215,78.67761475326712,79.06404113769531,7703800,0.0,0.0,0.0,XLP
2024-11-25 00:00:00-05:00,79.58572301936734,79.82724318710461,79.25725912913772,79.498779296875,8243100,0.0,0.0,0.0,XLP
2024-11-26 00:00:00-05:00,79.45046913330175,79.90452820976165,79.3538625441978,79.82723999023438,6973600,0.0,0.0,0.0,XLP
2024-11-27 00:00:00-05:00,80.18469114129657,80.41654842540416,79.84656439976253,79.9914779663086,7067800,0.0,0.0,0.0,XLP
2024-11-29 00:00:00-05:00,79.97215421538645,80.47452027582551,79.86588475531704,80.39723205566406,4982600,0.0,0.0,0.0,XLP
2024-12-02 00:00:00-05:00,80.31994703261353,80.3972352558514,79.7209743584359,80.30062866210938,10750100,0.0,0.0,0.0,XLP
2024-12-03 00:00:00-05:00,80.23300540230927,80.29096788594431,79.7403021795789,79.88521575927734,11053200,0.0,0.0,0.0,XLP
2024-12-04 00:00:00-05:00,79.6726648835213,79.77893433466474,79.26691281766985,79.66300201416016,10100900,0.0,0.0,0.0,XLP
2024-12-05 00:00:00-05:00,79.74996185696527,80.1363882265397,79.53742293133301,79.98181915283203,12639000,0.0,0.0,0.0,XLP
2024-12-06 00:00:00-05:00,80.00113886476201,80.46486083488314,79.58572387695312,79.58572387695312,7180600,0.0,0.0,0.0,XLP
2024-12-09 00:00:00-05:00,79.70165658504405,80.06876459225835,79.24759748338306,79.46013641357422,11614000,0.0,0.0,0.0,XLP
2024-12-10 00:00:00-05:00,79.4021730773778,80.03011961995985,79.0833646855185,79.83690643310547,8497200,0.0,0.0,0.0,XLP
2024-12-11 00:00:00-05:00,79.96248742811085,80.2909586624011,79.18962737618733,79.228271484375,9046100,0.0,0.0,0.0,XLP
2024-12-12 00:00:00-05:00,79.73063782632272,79.81758892076942,79.33454857782976,79.46013641357422,5410800,0.0,0.0,0.0,XLP
2024-12-13 00:00:00-05:00,79.30556279724566,79.72097780182901,78.86116655034895,79.25726318359375,8154300,0.0,0.0,0.0,XLP
2024-12-16 00:00:00-05:00,79.28623886710702,79.68233547258127,78.82251691077259,78.84184265136719,6495000,0.0,0.0,0.0,XLP
2024-12-17 00:00:00-05:00,78.67761513260096,79.1123485024841,78.5713456651876,78.70659637451172,8535900,0.0,0.0,0.0,XLP
2024-12-18 00:00:00-05:00,78.40710700885361,78.66794553435534,77.48932599337002,77.50865173339844,17223000,0.0,0.0,0.0,XLP
2024-12-19 00:00:00-05:00,77.44102522927764,77.82745157675852,76.9579849243164,76.9579849243164,15778400,0.0,0.0,0.0,XLP
